{"A101": 85.83674939809646, "A102": 76.70848819555258, "A103": 80.67069026032522, "A104": 88.54293300872496, "A105": 83.24303700060324, "A106": 79.98639852085398, "A107": 81.23388953185588, "A108": 88.11094036417316, "A109": 77.14283141068594, "A110": 83.68565327818497, "A111": 77.52502162688953, "A112": 83.40453910420399, "A113": 82.0043162363771, "A114": 85.84658818581326, "A115": 71.2584443083054, "A116": 82.02284975697708, "A117": 77.28127522881562, "A118": 90.72226359527004, "A119": 81.11377720584827, "A120": 79.50784969949808, "A121": 80.39147493244404, "A122": 81.2143583690951, "A123": 84.06923950522945, "A124": 83.79063600341439, "A201": 78.93429620034968, "A202": 85.1649373531069, "A203": 77.334116936318, "A204": 85.40361692419219, "A205": 82.3052973446902, "A206": 83.10280319790635, "A207": 86.70478369206727, "A208": 85.70965612724133, "A209": 81.93381189465101, "A210": 79.6695855324304, "A211": 81.95056454718633, "A212": 88.76701595731265, "A213": 82.00029603104818, "A214": 79.71863421860844, "A215": 85.43887086626461, "A216": 75.84986129024576, "A217": 80.7727939803132, "A218": 88.44509126411023, "A219": 83.7952080213628, "A220": 81.31611806219689, "A221": 81.2220178012409, "A222": 75.54457073675194, "A223": 86.82138859560405, "A224": 76.15568488787491, "A301": 78.7571494164515, "A302": 83.38424766932738, "A303": 83.00038232559702, "A304": 84.74847483461136, "A305": 83.82621531120998, "A306": 83.56376451945147, "A307": 82.33275597331664, "A308": 85.9327744179788, "A309": 76.64664549018428, "A310": 78.66746541648045, "A311": 86.19728180207287, "A312": 80.54117161622946, "A313": 87.27172478527811, "A314": 83.31405759667408, "A315": 81.24403279058052, "A316": 82.0160622640871, "A317": 77.59056839230524, "A318": 77.912034125318, "A319": 72.69400989098318, "A320": 84.88874563542038, "A321": 78.17083436884135, "A322": 82.57246062617082, "A323": 77.99392439374037, "A324": 83.63662660828253, "A401": 89.73639122243182, "A402": 81.60470481247778, "A403": 80.69005891448452, "A404": 85.81337052310133, "A405": 91.00941388007794, "A406": 81.26259910088733, "A407": 81.06330004199333, "A408": 83.24024035189079, "A409": 86.6401727085549, "A410": 86.45467404231565, "A411": 86.25609401744714, "A412": 83.02675520532196, "A413": 79.27711739076923, "A414": 75.03424208036814, "A415": 85.47218195163197, "A416": 86.81172720634416, "A417": 85.44321047961398, "A418": 82.42287992023205, "A419": 78.27451599190988, "A420": 83.67240009951722, "A421": 81.02033831782687, "A422": 81.3144109608594, "A423": 81.0431651713464, "A424": 85.82290657568504, "A501": 78.8624105589027, "A502": 82.35392463992824, "A503": 88.53375423848777, "A504": 85.17754208499733, "A505": 83.9651810648463, "A506": 83.31985332825377, "A507": 89.21805804292488, "A508": 80.01843110516097, "A509": 84.26845224061631, "A510": 83.36672237417943, "A511": 91.65787722885713, "A512": 83.80019194351532, "A513": 75.65972640715898, "A514": 84.8678817524685, "A515": 77.53749652669319, "A516": 82.2211380741762, "A517": 84.54019926496997, "A518": 81.61142136790806, "A519": 85.26344902974628, "A520": 90.32648202767169, "A521": 80.03689934121729, "A522": 81.97865544399107, "A523": 85.63333852347601, "A524": 79.44118330854381, "B101": 75.86634424406122, "B102": 80.40449051637458, "B103": 85.78416387001572, "B104": 83.72906817627671, "B105": 74.30626285208987, "B106": 87.63247923285788, "B107": 78.99374515482563, "B108": 83.59247316063698, "B109": 81.21524861833977, "B110": 83.53782524409588, "B111": 85.4636775332962, "B112": 84.82556498592942, "B113": 88.76902806585258, "B114": 84.82985173581075, "B115": 80.9132244514238, "B116": 81.06789616230154, "B117": 90.82649971935224, "B118": 82.5008468372131, "B119": 80.8561671364573, "B120": 78.52002766898698, "B121": 88.9531969448472, "B122": 87.02912353434112, "B123": 74.784353865861, "B124": 79.85573399347086, "B201": 82.02557244647727, "B202": 77.58494362336842, "B203": 88.00946853852292, "B204": 77.02898878003239, "B205": 84.32410133145778, "B206": 78.96451343725938, "B207": 82.5338279289779, "B208": 77.2828678922879, "B209": 78.20404583995338, "B210": 86.30456514067465, "B211": 78.44730437429982, "B212": 81.80926148073604, "B213": 85.78521032690969, "B214": 80.23365847349041, "B215": 84.5923982725665, "B216": 83.4449299326684, "B217": 86.64879088462635, "B218": 86.75146025255934, "B219": 85.91882194811592, "B220": 78.83390148748734, "B221": 82.88497093502431, "B222": 84.57939920603155, "B223": 82.58910650088876, "B224": 80.99180571142679, "B301": 84.53174406099771, "B302": 81.40399352541712, "B303": 84.55238071387836, "B304": 87.64329480838128, "B305": 87.93530051644106, "B306": 95.66758309449301, "B307": 83.85851407865329, "B308": 90.16510590954078, "B309": 80.52971913238908, "B310": 79.73041212443684, "B311": 86.67304336223717, "B312": 79.796378482081, "B313": 77.74624859945246, "B314": 78.20222595468215, "B315": 81.02476223701157, "B316": 79.79316853829661, "B317": 75.18809767156696, "B318": 88.37389698151989, "B319": 77.4406865170582, "B320": 80.48864306946663, "B321": 84.11122375168964, "B322": 88.70081707830948, "B323": 90.61938513583951, "B324": 83.40774490509281, "B401": 79.71055243543333, "B402": 84.73007322883167, "B403": 79.96565758402397, "B404": 82.37465451133122, "B405": 81.13963794964928, "B406": 88.02718592117124, "B407": 75.73698404786826, "B408": 83.33845545802038, "B409": 85.14899299378538, "B410": 80.30002844506163, "B411": 86.74099969723153, "B412": 82.61520218228287, "B413": 85.75046289260142, "B414": 80.14243201569201, "B415": 90.2913542958114, "B416": 81.67690427886993, "B417": 81.43312798090852, "B418": 86.31666880300396, "B419": 80.79846076810286, "B420": 81.51526840937757, "B421": 82.77410554297475, "B422": 81.0251908204121, "B423": 82.39330263221616, "B424": 80.66496312413679, "B501": 76.12299822609646, "B502": 79.31969841010593, "B503": 73.51367342522528, "B504": 83.69779899781017, "B505": 79.55837295336136, "B506": 81.03115490706884, "B507": 84.45117727401355, "B508": 80.46976099252112, "B509": 78.8647017310482, "B510": 90.76678924645073, "B511": 80.6342693708739, "B512": 86.49037522417657, "B513": 84.6163012468894, "B514": 84.67856959222132, "B515": 84.60031528076453, "B516": 88.85948482031651, "B517": 84.28158797842212, "B518": 86.37261351046008, "B519": 84.74349389891282, "B520": 88.38415255781084, "B521": 92.26556847609291, "B522": 82.92450055776126, "B523": 80.36882293309336, "B524": 85.56902117459732, "C101": 78.64713184511864, "C102": 84.26027686824233, "C103": 77.12687076160253, "C104": 85.11779628476941, "C105": 89.45460620309515, "C106": 79.12009604818974, "C107": 84.30682681052294, "C108": 84.62407609573373, "C109": 81.7068901120905, "C110": 84.37114978814546, "C111": 80.07089806982346, "C112": 80.25029748876894, "C113": 76.46735166507301, "C114": 85.88838497081652, "C115": 83.07056045359383, "C116": 80.54103846168877, "C117": 82.01962331360323, "C118": 82.04270939188247, "C119": 81.75121969885527, "C120": 79.14837535173727, "C121": 79.37547396596713, "C122": 81.22952367774037, "C123": 83.3070126611278, "C124": 81.54837137413007, "C201": 90.53896557950605, "C202": 79.88659731230175, "C203": 84.6078716939154, "C204": 81.9355817296262, "C205": 85.81267022870938, "C206": 80.08710789086498, "C207": 90.04766811192596, "C208": 82.7915644780247, "C209": 85.51031825059614, "C210": 80.51840701576133, "C211": 82.20342989792499, "C212": 82.69483397318577, "C213": 83.82890092539041, "C214": 83.0019849167841, "C215": 83.11471320762246, "C216": 85.74303451610237, "C217": 79.42330338807494, "C218": 85.08329263096299, "C219": 78.2197578146866, "C220": 74.77922240128171, "C221": 84.65207338726192, "C222": 79.40582283403313, "C223": 86.51611036548394, "C224": 82.81680067809015, "C301": 81.82769552162229, "C302": 84.82679401917852, "C303": 83.59162755271979, "C304": 79.53203667212046, "C305": 89.94188061124588, "C306": 79.02620147570367, "C307": 83.75614265054077, "C308": 84.7816304746006, "C309": 84.20179428582433, "C310": 85.92119318409922,