{"A101": 44.617637763517685, "A102": 40.13706640517878, "A103": 44.777076212983495, "A104": 46.044619963242816, "A105": 41.382839707207324, "A106": 37.303844490830684, "A107": 41.19305300698149, "A108": 46.53509847386794, "A109": 43.31465280321649, "A110": 44.61835706241085, "A111": 42.778736798666095, "A112": 43.65852730346895, "A113": 41.50939454527881, "A114": 39.20460719632234, "A115": 45.404432155522166, "A116": 41.87618960589449, "A117": 41.67146051667821, "A118": 47.77561229713048, "A119": 42.18952782996331, "A120": 46.8630559473975, "A121": 46.414512340241245, "A122": 45.88448501570969, "A123": 44.10380963480178, "A124": 39.2975536348693, "A201": 42.124197227006995, "A202": 48.092973359419695, "A203": 43.944633043750585, "A204": 39.638102623361554, "A205": 41.86670820277777, "A206": 42.287675027829145, "A207": 42.02520759308503, "A208": 42.334185842469665, "A209": 42.410829039148396, "A210": 40.73327092535672, "A211": 40.32394771718394, "A212": 49.623751227011304, "A213": 44.526894334713226, "A214": 41.31326860548093, "A215": 44.91351175814936, "A216": 44.57277900840771, "A217": 43.80821836206306, "A218": 38.641742848476014, "A219": 42.34490080354669, "A220": 41.370480141024196, "A221": 38.93448097243287, "A222": 43.98192311193324, "A223": 44.68348736777768, "A224": 45.75194310109667, "A301": 38.62949968615452, "A302": 38.759597618779516, "A303": 41.14937145166374, "A304": 40.13380844931141, "A305": 44.96047619875693, "A306": 44.47257009314632, "A307": 45.50339086649866, "A308": 40.65581407273044, "A309": 42.75626793322293, "A310": 42.6260069235274, "A311": 41.32872353243504, "A312": 40.54768714683784, "A313": 47.41326212854528, "A314": 46.117101614479274, "A315": 44.43367088131511, "A316": 47.54722081103934, "A317": 37.86906312222556, "A318": 38.61591363978361, "A319": 44.73499933103244, "A320": 37.57361599634844, "A321": 39.38403156960454, "A322": 38.1484627548641, "A323": 38.955086482296586, "A324": 41.61669929133318, "A401": 40.38716179036886, "A402": 44.89440412830278, "A403": 41.647481773961744, "A404": 38.197134203816674, "A405": 43.41221629437683, "A406": 40.789814818676646, "A407": 42.49170639178858, "A408": 41.021327025239, "A409": 42.478410013497076, "A410": 47.18960120106388, "A411": 45.73372472830702, "A412": 39.836785229995535, "A413": 40.36250609532353, "A414": 41.643206622287465, "A415": 44.81395094225363, "A416": 38.74521492558943, "A417": 46.96913661499613, "A418": 46.811092814611776, "A419": 41.51601764786938, "A420": 45.51651168407669, "A421": 44.1862992959601, "A422": 38.68173550459596, "A423": 36.531195014189365, "A424": 41.15490873658215, "A501": 42.37916460962232, "A502": 44.45498461864286, "A503": 44.33768678894622, "A504": 45.53352126417923, "A505": 43.54157118076532, "A506": 42.6363991571208, "A507": 40.84564468595737, "A508": 40.46441216973998, "A509": 39.50409484779414, "A510": 42.81781445894898, "A511": 42.50187174328405, "A512": 41.14635088510899, "A513": 42.23737609727278, "A514": 45.2529168151887, "A515": 43.52777022830843, "A516": 44.832336188540054, "A517": 45.53073551797803, "A518": 44.671707954770895, "A519": 42.90342540683102, "A520": 38.89580989330807, "A521": 45.73985187785052, "A522": 41.45496773230381, "A523": 44.861346110225625, "A524": 45.632296592556685, "B101": 45.71290653872689, "B102": 44.68023738159786, "B103": 45.62883766326708, "B104": 38.62822313266152, "B105": 39.52117907888092, "B106": 45.60176414329949, "B107": 44.64762146299808, "B108": 40.98804084316821, "B109": 47.266404917904865, "B110": 45.395131214611226, "B111": 40.09887961950152, "B112": 46.201284987356196, "B113": 44.32240139709162, "B114": 41.38766836020655, "B115": 39.97514444239977, "B116": 44.06424767919904, "B117": 37.38816536227564, "B118": 40.11229008051885, "B119": 47.701899701197604, "B120": 40.66125047736445, "B121": 42.87432497667212, "B122": 39.053044034015684, "B123": 42.94176175875037, "B124": 43.12251312988779, "B201": 39.37288605425089, "B202": 39.69113716900177, "B203": 45.07588967571854, "B204": 45.539011952889666, "B205": 37.813620048677066, "B206": 45.39492978185851, "B207": 41.30947822472237, "B208": 38.5100839615476, "B209": 45.3719296645806, "B210": 40.74679134707608, "B211": 43.778909492711364, "B212": 40.26343690008213, "B213": 39.1196657825276, "B214": 47.26951650895203, "B215": 49.69212916989168, "B216": 46.02381061319641, "B217": 45.24677346130676, "B218": 41.26689722128812, "B219": 42.675713580175795, "B220": 42.1595485980805, "B221": 47.395803734945794, "B222": 44.2075786946344, "B223": 44.03010312778361, "B224": 43.82194221221784, "B301": 43.65801181280886, "B302": 36.263340207468936, "B303": 41.4190002009314, "B304": 40.62078223560152, "B305": 39.880224893782035, "B306": 39.784263737216634, "B307": 40.66295402921143, "B308": 45.28307094919461, "B309": 44.75743435204579, "B310": 43.944456919123205, "B311": 46.18255194387303, "B312": 42.56833626983004, "B313": 42.81366054578243, "B314": 42.683680830205155, "B315": 43.062966119511486, "B316": 42.15342787855712, "B317": 45.5905971487549, "B318": 45.0101716714141, "B319": 43.914517987705416, "B320": 48.41576635884413, "B321": 39.81225149533826, "B322": 41.9588557264793, "B323": 45.593033355575216, "B324": 44.29025894595727, "B401": 43.89286212339149, "B402": 41.398041790098844, "B403": 45.3964231970156, "B404": 45.40596437361173, "B405": 44.09875935004718, "B406": 43.11485265430862, "B407": 44.45092790961847, "B408": 44.67993066830797, "B409": 43.68379627926503, "B410": 44.31525765770099, "B411": 42.99389920595189, "B412": 43.97625520828279, "B413": 47.17288637131257, "B414": 41.19210380969175, "B415": 42.48507619008464, "B416": 41.652770571183495, "B417": 40.46603359517732, "B418": 44.24800590311044, "B419": 44.56117261880364, "B420": 40.904955097893, "B421": 41.32820356024434, "B422": 41.97731523684426, "B423": 40.5691300941248, "B424": 41.83920976266781, "B501": 45.13881072973981, "B502": 39.690500364566724, "B503": 40.276964193366496, "B504": 45.33134741280665, "B505": 40.3057020252343, "B506": 42.80369179153239, "B507": 41.35609070091405, "B508": 43.740441428219555, "B509": 48.54230527809465, "B510": 37.802226217422614, "B511": 42.641414370609894, "B512": 41.433778985987125, "B513": 44.25108083918236, "B514": 45.89586259448899, "B515": 43.460378618137725, "B516": 37.650947991385934, "B517": 46.91279133896893, "B518": 45.11441321141193, "B519": 43.11029339335204, "B520": 41.3830770565641, "B521": 40.71875370199305, "B522": 46.75981011431014, "B523": 42.835739769149846, "B524": 41.67344750462327, "C101": 40.6435436135761, "C102": 47.07734752456864, "C103": 45.80134729806149, "C104": 41.18984981564463, "C105": 44.30037139727741, "C106": 47.799814778623144, "C107": 47.618375235798695, "C108": 39.92893428808351, "C109": 41.115972326584114, "C110": 44.843412733021545, "C111": 42.32078149024909, "C112": 42.161683193770656, "C113": 41.16038994703452, "C114": 42.09016485286074, "C115": 43.33230965602096, "C116": 44.38013656419938, "C117": 41.777718692898105, "C118": 41.00303131893648, "C119": 40.04476587564308, "C120": 41.53564995321382, "C121": 39.64894496821989, "C122": 45.94965619579979, "C123": 42.14658901990426, "C124": 40.09947325909033, "C201": 42.477538776047716, "C202": 44.73461870801841, "C203": 42.13538870875725, "C204": 43.81558314864076, "C205": 41.01456260466044, "C206": 45.82513436710819, "C207": 44.37362045320007, "C208": 45.0825693763206, "C209": 41.210119672310654, "C210": 43.20354403884957, "C211": 40.33483163152418, "C212": 39.67902576961745, "C213": 47.7023878148335, "C214": 47.196038939698354, "C215": 38.04874246446336, "C216": 41.976947102863384, "C217": 43.91574247972866, "C218": 45.326517066184365, "C219": 40.130763327789715, "C220": 44.417784657551785, "C221": 41.082739151010145, "C222": 42.41359581144911, "C223": 41.40028682777977, "C224": 40.52971761351103, "C301": 46.10019333803753, "C302": 41.3773466498227, "C303": 43.60106269737851, "C304": 46.5689174058306, "C305": 44.24725253341258, "C306": 45.66313584040765,