{"A101": 86.04718293296827, "A102": 82.655119210057, "A103": 81.40555120885017, "A104": 84.38106410015783, "A105": 82.01267527289548, "A106": 80.78041958600629, "A107": 88.52286707788929, "A108": 84.64007386200632, "A109": 75.28679910087547, "A110": 82.48982829220193, "A111": 85.45718639620078, "A112": 80.63357984315839, "A113": 75.54831874986434, "A114": 83.75098384836784, "A115": 88.0647213610002, "A116": 81.02200626869822, "A117": 83.9752794954381, "A118": 82.57722634440242, "A119": 80.04827342250738, "A120": 83.53231774051045, "A121": 81.78141205298957, "A122": 90.28585654534997, "A123": 84.27207426900529, "A124": 78.27714440096116, "A201": 82.54685724159154, "A202": 81.12171002327614, "A203": 77.80202593611715, "A204": 77.30227173210557, "A205": 82.95587087410043, "A206": 82.90957244737272, "A207": 83.69937476521622, "A208": 78.75794242176087, "A209": 85.50207349498012, "A210": 85.30750197378563, "A211": 78.38852340469923, "A212": 78.68334225512493, "A213": 84.64950396101216, "A214": 76.94912520582454, "A215": 84.83790044208828, "A216": 80.33555695037943, "A217": 80.05375992633128, "A218": 79.93685073932815, "A219": 82.69469595096096, "A220": 87.88282425071101, "A221": 82.38116633606876, "A222": 81.80904621781578, "A223": 84.46462038139853, "A224": 81.13017315437376, "A301": 86.26364961870303, "A302": 90.39900940987084, "A303": 78.08254469017585, "A304": 83.45902005332849, "A305": 86.15101397200098, "A306": 83.77401799197733, "A307": 88.04867876626666, "A308": 79.30400676548983, "A309": 79.78375644062358, "A310": 83.53877416485678, "A311": 86.16334375458526, "A312": 80.58943028285293, "A313": 80.78837440332418, "A314": 79.06030400869605, "A315": 81.43493629173567, "A316": 86.44027885153966, "A317": 80.23134363586747, "A318": 88.3208535793678, "A319": 84.90289954433868, "A320": 77.38075644025524, "A321": 73.50140634700381, "A322": 83.04467125671503, "A323": 83.04142798915281, "A324": 80.99198395124097, "A401": 80.4617527796814, "A402": 84.05963061873598, "A403": 81.79628947159941, "A404": 84.09570786940462, "A405": 80.38210019463955, "A406": 82.59451215058857, "A407": 79.62331697304016, "A408": 83.07534187666987, "A409": 72.95794736124193, "A410": 80.32874191814722, "A411": 79.80638823139554, "A412": 84.53525047264445, "A413": 77.22053195547434, "A414": 82.67997006971633, "A415": 85.96602932435553, "A416": 82.25373716077337, "A417": 87.30898097344328, "A418": 77.2438822989385, "A419": 79.20238694656719, "A420": 81.34804545916776, "A421": 78.00708781061232, "A422": 80.37237409125906, "A423": 86.42363901470944, "A424": 78.89001798659145, "A501": 79.45240622223635, "A502": 85.21628377431567, "A503": 82.81459362457792, "A504": 80.17446132131235, "A505": 77.60200837090356, "A506": 75.91391989576866, "A507": 85.55751739577809, "A508": 77.63831030478592, "A509": 85.21862033952262, "A510": 79.16766754849236, "A511": 82.97496227303222, "A512": 78.3941822068968, "A513": 79.97301752696534, "A514": 78.37674229270098, "A515": 84.39328035351606, "A516": 87.76277308037855, "A517": 84.21015477484784, "A518": 80.34243891014638, "A519": 87.81146336344617, "A520": 87.37587212196729, "A521": 85.67948160645729, "A522": 79.47468165856031, "A523": 80.82553721655523, "A524": 86.47956952173762, "B101": 77.36273121529699, "B102": 76.17896450444783, "B103": 86.96816173427317, "B104": 77.8048857893637, "B105": 87.9840124870326, "B106": 84.18095062266781, "B107": 77.77301808080877, "B108": 82.2196242849579, "B109": 84.23623213378889, "B110": 74.61229437635052, "B111": 79.29632366041844, "B112": 83.84627313456488, "B113": 83.09779510929957, "B114": 81.14552658073407, "B115": 79.5844357429202, "B116": 84.77739088417911, "B117": 84.7417341482797, "B118": 81.12358696888707, "B119": 80.17975398128382, "B120": 74.05507663404636, "B121": 82.97270103643334, "B122": 80.13176927110494, "B123": 81.57976994587716, "B124": 82.42354840793452, "B201": 83.12268592555697, "B202": 78.67655896457713, "B203": 83.49768537373137, "B204": 87.73633935014831, "B205": 90.43798168357085, "B206": 81.8331658755075, "B207": 78.410760480194, "B208": 87.73241540370869, "B209": 83.41449241674007, "B210": 85.0617614188739, "B211": 74.36183296651348, "B212": 76.32285892872667, "B213": 79.54207820685104, "B214": 86.36947093351522, "B215": 81.97594666904249, "B216": 85.64305301804805, "B217": 80.30302457296384, "B218": 87.96172550889841, "B219": 84.47207187389498, "B220": 78.44536523490741, "B221": 89.24692725891501, "B222": 83.03016969853113, "B223": 82.34978037857705, "B224": 75.79003638835265, "B301": 81.68427383580857, "B302": 87.7314759165514, "B303": 78.61878191581795, "B304": 80.55104671386982, "B305": 81.99807653643889, "B306": 82.2696212977703, "B307": 84.69575380763453, "B308": 85.15471368424787, "B309": 81.53609971462535, "B310": 83.95990143073574, "B311": 88.84712182539576, "B312": 83.12598746637303, "B313": 80.06848119384564, "B314": 77.85785467345602, "B315": 78.62899438700342, "B316": 90.48493798624504, "B317": 85.23753565135328, "B318": 84.11352690289775, "B319": 83.94500806768026, "B320": 82.93941205088151, "B321": 85.5726270161732, "B322": 80.37474408623564, "B323": 87.10084776388649, "B324": 80.89501549481227, "B401": 79.20315650033115, "B402": 79.17483016089076, "B403": 87.66487657025955, "B404": 77.32715688165139, "B405": 76.46855922827507, "B406": 89.19914643344862, "B407": 76.44164381199991, "B408": 80.86700601109564, "B409": 78.75516921338988, "B410": 79.96960889143308, "B411": 81.48884697903117, "B412": 83.67557868052114, "B413": 85.66041469476875, "B414": 89.4163589899211, "B415": 78.79855358295976, "B416": 80.91650076558922, "B417": 86.54244304356305, "B418": 80.73727883580506, "B419": 80.77821450475247, "B420": 78.04373220113717, "B421": 77.0503541292104, "B422": 83.88881338562703, "B423": 84.83160797037739, "B424": 85.0013711567915, "B501": 90.99145127137444, "B502": 82.19782527933145, "B503": 81.74108097836586, "B504": 86.05801043062178, "B505": 80.80830776498371, "B506": 82.01478373671371, "B507": 85.26620422062221, "B508": 84.18338294213018, "B509": 83.61843631773293, "B510": 82.62069271294578, "B511": 77.96143498051194, "B512": 78.87865021627798, "B513": 88.15661216481229, "B514": 84.29124501128365, "B515": 84.32777350870879, "B516": 88.41587626161031, "B517": 83.77378927977728, "B518": 90.84747822645838, "B519": 75.43018930577699, "B520": 82.92984350762325, "B521": 86.08887910578332, "B522": 81.52966348023025, "B523": 83.16996898021324, "B524": 85.17224608379067, "C101": 78.38912332489981, "C102": 75.69496806382699, "C103": 86.50337000204934, "C104": 82.72115149852294, "C105": 84.90742731430183, "C106": 80.77230494160547, "C107": 87.63512297378344, "C108": 84.76045370652257, "C109": 83.40121841671767, "C110": 80.24830180114287, "C111": 88.52474453259781, "C112": 77.305155021634, "C113": 87.57399026123834, "C114": 88.17442315794871, "C115": 81.3813457605697, "C116": 78.14437633362755, "C117": 80.78218009894573, "C118": 82.40914630781522, "C119": 79.91174597490543, "C120": 80.34185641710494, "C121": 81.65066865133775, "C122": 82.52902078300053, "C123": 76.46346617254244, "C124": 82.80266923086425, "C201": 83.73840264400363, "C202": 79.34655842740763, "C203": 87.3630863348639, "C204": 85.27586658620064, "C205": 81.19491007994772, "C206": 82.06535672832784, "C207": 83.53360868597707, "C208": 83.47068267384488, "C209": 87.39705848252086, "C210": 80.28924314776184, "C211": 78.40330931108413, "C212": 83.17521316662173, "C213": 77.86173667114997, "C214": 84.24697036555759, "C215": 81.01494192367825, "C216": 79.9960640589915, "C217": 82.72218924509886, "C218": 74.29585491631912, "C219": 78.57694554757097, "C220": 85.67752381894319, "C221": 79.4908579290974, "C222": 82.08457844695425, "C223": 79.56122817893596, "C224": 84.9496480758304, "C301": 85.82556010915829, "C302": 76.3648477907171, "C303": 82.81597672843809, "C304": 83.01751361871474, "C305": 79.74730224578562, "C306": 87.18765000010349, "C307": 84.7511494914055, "C308": 77.69925503522013, "C309": 78.33367958274945,