{"A101": 72.37905563747285, "A102": 80.16432139093641, "A103": 81.83875930737156, "A104": 65.83213214607974, "A105": 81.02413846491083, "A106": 75.84933345940601, "A107": 73.86735153576666, "A108": 75.00510458775616, "A109": 70.26295335866237, "A110": 64.89964508363494, "A111": 69.77232504392694, "A112": 78.9810181301805, "A113": 77.54302709154814, "A114": 77.16904973193283, "A115": 79.51835118561567, "A116": 75.91560574556595, "A117": 75.20322433359291, "A118": 81.1699850327679, "A119": 80.68705393553358, "A120": 76.74301477362596, "A121": 69.68242680456015, "A122": 78.58317052084871, "A123": 75.77558694660877, "A124": 76.87057327685491, "A201": 71.85385791548734, "A202": 74.71884483208382, "A203": 85.1414998351859, "A204": 71.29552368182189, "A205": 72.6094127248011, "A206": 77.45378708198166, "A207": 73.99002257476269, "A208": 74.84024325462502, "A209": 73.39845373581272, "A210": 75.98346530254119, "A211": 75.11702796109645, "A212": 80.02922517200568, "A213": 79.59284574705728, "A214": 71.88769905443698, "A215": 70.78342311594557, "A216": 75.53961448355358, "A217": 70.20645813576573, "A218": 75.15038849952143, "A219": 81.24985256046767, "A220": 83.31584899988499, "A221": 71.10829798194175, "A222": 77.59112245017391, "A223": 74.38328900926822, "A224": 72.09831884400211, "A301": 81.02448205957856, "A302": 73.23509776124061, "A303": 74.62103844318406, "A304": 73.40108147611386, "A305": 67.78246817779689, "A306": 75.17110673109974, "A307": 70.97744862876101, "A308": 82.05622435579451, "A309": 75.63222818594792, "A310": 82.41375716921178, "A311": 76.0075639946455, "A312": 72.57071888511604, "A313": 72.98549791664828, "A314": 75.56511601042135, "A315": 74.2747089156885, "A316": 78.35958316893843, "A317": 65.31129534029469, "A318": 75.14647501965177, "A319": 81.53820234737842, "A320": 75.41932837827235, "A321": 76.06944050741723, "A322": 80.51357850476674, "A323": 79.37389740187703, "A324": 76.71938458098785, "A401": 73.02618617433507, "A402": 68.87818189965736, "A403": 71.02202740113793, "A404": 72.86487420443547, "A405": 71.79073300127223, "A406": 73.39624835676702, "A407": 81.41753506040789, "A408": 71.37302971583995, "A409": 77.466220671992, "A410": 75.17836572429553, "A411": 72.89415744599185, "A412": 73.74197111800004, "A413": 70.83955823269727, "A414": 71.18558330643572, "A415": 75.11623565325303, "A416": 78.8868679148126, "A417": 71.48624720782058, "A418": 76.93735534175144, "A419": 70.76153280157476, "A420": 71.71567473998385, "A421": 75.11382165467285, "A422": 78.59795327965713, "A423": 73.18018134060657, "A424": 70.36168934066646, "A501": 77.10533170602858, "A502": 72.46522477055447, "A503": 75.14025413128377, "A504": 71.04696110310533, "A505": 77.92269562472538, "A506": 71.12469627744593, "A507": 75.12248221691164, "A508": 80.07561704182532, "A509": 76.6518425112879, "A510": 82.75981590482604, "A511": 73.0164105435019, "A512": 76.15280145568173, "A513": 82.36106701385097, "A514": 75.01858779298999, "A515": 78.0868154300818, "A516": 73.09969212362836, "A517": 72.91530621964176, "A518": 70.74937198988806, "A519": 78.60828634097541, "A520": 73.87835330470048, "A521": 80.44552445805317, "A522": 75.45345965607362, "A523": 74.55979136375379, "A524": 75.10569510905384, "B101": 72.24058304150839, "B102": 75.60382346445581, "B103": 74.88754254289734, "B104": 76.54629206980741, "B105": 72.14820469624038, "B106": 72.8783675964763, "B107": 74.53906487440901, "B108": 71.46611310691651, "B109": 69.7318579140001, "B110": 75.51481767663256, "B111": 68.60928206484363, "B112": 76.31639186875756, "B113": 74.88178777911733, "B114": 79.33755135345945, "B115": 73.338430177058, "B116": 75.39078636408425, "B117": 77.68290564189843, "B118": 81.9689814023526, "B119": 74.87445891869126, "B120": 76.95380232064537, "B121": 71.32685044941007, "B122": 73.2648391352403, "B123": 73.12308681513704, "B124": 71.49259615314182, "B201": 74.31210472046641, "B202": 73.88390642920015, "B203": 79.60744145984546, "B204": 75.99212719887856, "B205": 76.18186220818569, "B206": 77.74514532488772, "B207": 72.0097264026584, "B208": 71.73825743236273, "B209": 74.24935430621287, "B210": 75.34113782491929, "B211": 77.64117046208455, "B212": 76.37058071328286, "B213": 74.25862389140758, "B214": 79.3211699407313, "B215": 74.35271791589676, "B216": 74.77766003153621, "B217": 68.26126949763253, "B218": 75.58443334589387, "B219": 75.39840163796399, "B220": 70.74219572034039, "B221": 76.37682218890404, "B222": 71.71342865932417, "B223": 75.21633403902888, "B224": 74.64717149119872, "B301": 72.19076698245729, "B302": 68.24566257120449, "B303": 71.67680676186711, "B304": 71.75673962119038, "B305": 75.65999842774207, "B306": 70.07817437143405, "B307": 78.24717557326096, "B308": 69.75400376475065, "B309": 78.70331579894008, "B310": 75.12045388925654, "B311": 72.24302154380183, "B312": 72.43164114261367, "B313": 75.9529991958548, "B314": 75.34028832089291, "B315": 71.08392223517205, "B316": 72.23522795438507, "B317": 76.51746787861595, "B318": 73.32957975080998, "B319": 72.02931476893454, "B320": 72.30607518212236, "B321": 76.69738913491241, "B322": 71.49879792320559, "B323": 70.41900475770817, "B324": 79.12247426025752, "B401": 76.88507503104475, "B402": 68.92280533772788, "B403": 68.41291412310704, "B404": 75.11959226508412, "B405": 75.11475923847965, "B406": 77.7761796014237, "B407": 71.88503080532118, "B408": 75.8385641790066, "B409": 78.43887436215556, "B410": 73.87723157236078, "B411": 77.80353423080055, "B412": 70.91553152237532, "B413": 74.01675770962268, "B414": 72.65012824775525, "B415": 77.78935231396443, "B416": 74.76483018220699, "B417": 72.63460693803682, "B418": 69.97624626438974, "B419": 68.62646566486592, "B420": 77.57971247931403, "B421": 73.05794533761016, "B422": 72.30176978634643, "B423": 76.28943438176054, "B424": 78.46339341215764, "B501": 73.51958194383553, "B502": 70.60904326358764, "B503": 75.4627067614733, "B504": 75.35341044755467, "B505": 70.20518432275355, "B506": 78.47370361330215, "B507": 78.02173966509127, "B508": 76.50193341658405, "B509": 73.67053331747556, "B510": 73.11554929828111, "B511": 73.13055449288993, "B512": 71.06162867121915, "B513": 72.20549107459797, "B514": 75.36945744232494, "B515": 71.60855093735776, "B516": 77.51332630996833, "B517": 72.67197743350116, "B518": 70.9990208722794, "B519": 75.42333080206194, "B520": 75.24744236658529, "B521": 77.698165070557, "B522": 74.65892453075315, "B523": 74.34796575397843, "B524": 69.92645070462726, "C101": 76.01483403514527, "C102": 72.54025608141777, "C103": 76.45340655458122, "C104": 76.03230582661098, "C105": 75.58620359940673, "C106": 80.18259600947522, "C107": 73.93236764535087, "C108": 74.73727022891566, "C109": 68.06009426545529, "C110": 78.45093867406678, "C111": 66.79996622604074, "C112": 74.1542157934395, "C113": 77.60931842284089, "C114": 77.21627029929994, "C115": 75.31060454561072, "C116": 76.10918955257748, "C117": 76.31958223316033, "C118": 72.27577871402525, "C119": 79.49149543648258, "C120": 76.35070112721942, "C121": 74.57559535502136, "C122": 78.95002401673267, "C123": 68.61877165409538, "C124": 70.59449750701617, "C201": 73.0233178208754, "C202": 73.53092934834098, "C203": 73.02317361640647, "C204": 77.82129888910845, "C205": 73.41009959375637, "C206": 71.28154107706933, "C207": 74.1320155122657, "C208": 78.33355588807939, "C209": 69.8494706213173, "C210": 71.57805371376651, "C211": 73.69853823812855, "C212": 73.94361090879548, "C213": 76.77959986096712, "C214": 74.15795151198333, "C215": 77.42586490418762, "C216": 71.56778044445804, "C217": 72.50577616219238, "C218": 81.25651306476311, "C219": 69.18981887498987, "C220": 70.29669277835234, "C221": 81.16136759821649, "C222": 75.2395762561444, "C223": 75.69982964946456, "C224": 74.27339255085167, "C301": 77.50741852836003, "C302": 72.35794046719579, "C303": 71.86894878116112, "C304": 72.05535552451016, "C305": 79.31624345012469, "C306": 69.64213169151759, "C307": 71.52169752351048, "C308": 75.54798705327073, "C309": 78.15689800353269,