{"A101": 41.471609285748215, "A102": 36.695368002694025, "A103": 41.319399834081004, "A104": 42.18009241970222, "A105": 39.55466340865045, "A106": 34.8919331974439, "A107": 38.4223954103842, "A108": 43.21992050945381, "A109": 40.79005728369611, "A110": 42.29542215630414, "A111": 40.43735321197536, "A112": 40.199347118510914, "A113": 39.83490978408526, "A114": 36.51424668857976, "A115": 43.42438069819178, "A116": 38.79048285472809, "A117": 38.89090322777858, "A118": 45.28554678273596, "A119": 40.08626188606207, "A120": 43.65740556316347, "A121": 43.68586856585847, "A122": 44.20793795371506, "A123": 40.86162358947729, "A124": 36.95095550923995, "A201": 38.19144561690417, "A202": 45.24142965664426, "A203": 40.57893883657823, "A204": 37.66564070805743, "A205": 38.75360802102547, "A206": 39.758162172647644, "A207": 39.024854048885075, "A208": 39.569104867518774, "A209": 39.84557808593358, "A210": 37.60946324975211, "A211": 37.45396306061846, "A212": 45.76091503670332, "A213": 40.39198517419383, "A214": 38.16049638631782, "A215": 43.11141108306731, "A216": 42.50503605658507, "A217": 39.87732545755836, "A218": 37.14129073843833, "A219": 40.7950776351707, "A220": 39.10828628555902, "A221": 35.633967686275945, "A222": 41.04206587148037, "A223": 42.08308192057537, "A224": 42.28232317973235, "A301": 36.357167942027885, "A302": 36.80344345310474, "A303": 39.26746561944202, "A304": 36.963310188707474, "A305": 42.70443539306904, "A306": 40.859480639217075, "A307": 42.90113992375183, "A308": 36.774615652316655, "A309": 41.27798598526075, "A310": 40.198979716296606, "A311": 39.31506482599194, "A312": 37.65606080254314, "A313": 44.70254492692788, "A314": 44.4108826606054, "A315": 42.128266463754464, "A316": 45.32537987524588, "A317": 35.83166902651554, "A318": 36.95100385539647, "A319": 41.28388769771455, "A320": 34.87688536900603, "A321": 37.48932583670531, "A322": 34.769958866761066, "A323": 36.64133249129103, "A324": 39.780856115066726, "A401": 37.261802498874175, "A402": 41.88537081846034, "A403": 39.7754894136025, "A404": 34.8291012328947, "A405": 41.66767559808475, "A406": 38.56386845369812, "A407": 40.43237778578565, "A408": 38.786376473964275, "A409": 39.84591378787921, "A410": 43.63592537739105, "A411": 42.47851098463354, "A412": 37.67305883478536, "A413": 37.82694912182258, "A414": 38.411335935090904, "A415": 41.61248262694617, "A416": 37.082602374892716, "A417": 43.73622598147388, "A418": 43.47057109914852, "A419": 38.8522156938496, "A420": 43.53633897594669, "A421": 41.263361612235514, "A422": 36.103088499837845, "A423": 33.73192491773657, "A424": 37.612163652425416, "A501": 39.390397732012104, "A502": 41.791053111097966, "A503": 42.405409960774094, "A504": 42.97797059082197, "A505": 39.766146072220515, "A506": 40.534825584500226, "A507": 39.111027327806944, "A508": 38.13314909540464, "A509": 36.92275527991195, "A510": 41.20130689141283, "A511": 39.63817439391521, "A512": 37.492506556970135, "A513": 39.17763921437418, "A514": 42.317111358572234, "A515": 40.115888955143106, "A516": 40.627217856513404, "A517": 42.28200452508755, "A518": 41.38711192863971, "A519": 39.78205919754357, "A520": 36.95145151388452, "A521": 42.66538139995823, "A522": 39.03869413497057, "A523": 41.193659265887874, "A524": 42.958224148630954, "B101": 42.27422813336111, "B102": 41.481099210838394, "B103": 41.94757703499501, "B104": 36.33337839193064, "B105": 37.678814005733145, "B106": 43.36463048028932, "B107": 42.31182491208773, "B108": 38.253591343239165, "B109": 44.85675177756259, "B110": 42.61697869690474, "B111": 36.65627694722729, "B112": 43.62294195314227, "B113": 40.46776397773208, "B114": 38.94870507279725, "B115": 37.974236066344375, "B116": 41.159832933321404, "B117": 34.293340410709064, "B118": 38.10029955831739, "B119": 46.02269322732712, "B120": 38.17932012547914, "B121": 39.329795417047926, "B122": 37.234917748331796, "B123": 40.52383258132739, "B124": 41.160836348365756, "B201": 37.52386278515545, "B202": 37.942178243166424, "B203": 42.01801537134035, "B204": 42.73745513629728, "B205": 35.70009252443804, "B206": 42.30409378748423, "B207": 38.66922490692572, "B208": 35.141645504154624, "B209": 42.31154248636292, "B210": 38.89957132295221, "B211": 40.05185206158663, "B212": 38.28747099161722, "B213": 36.387588544330946, "B214": 45.359524109457865, "B215": 46.64887586763439, "B216": 43.514869761215905, "B217": 42.84144136690231, "B218": 38.5174988304731, "B219": 39.82200839092694, "B220": 39.47166082906527, "B221": 45.10983970518524, "B222": 41.576344949302225, "B223": 40.65070618424652, "B224": 41.189717116632956, "B301": 41.30488266635348, "B302": 33.39599567203709, "B303": 39.46851854168011, "B304": 37.152621846030364, "B305": 37.62918683431139, "B306": 36.60769403915567, "B307": 37.06208551494375, "B308": 43.286011900973016, "B309": 41.9427359070882, "B310": 41.96646390978096, "B311": 42.795497032747186, "B312": 39.39855168058219, "B313": 39.32184887422233, "B314": 40.637579793105886, "B315": 40.273232060892084, "B316": 39.674554085207866, "B317": 42.41508110068231, "B318": 42.74338953961597, "B319": 41.477529728659206, "B320": 46.23586072152766, "B321": 36.31898741058478, "B322": 40.20288618692081, "B323": 42.17828245236093, "B324": 42.304862579516765, "B401": 41.453568790668406, "B402": 38.880267388258574, "B403": 41.61823541736045, "B404": 43.33966279715445, "B405": 42.48211417322109, "B406": 40.66593827422973, "B407": 41.07783667663872, "B408": 41.00140771490947, "B409": 41.17095820431066, "B410": 40.5463295049848, "B411": 41.55405145943052, "B412": 40.470378909068906, "B413": 44.75321665924369, "B414": 39.65853433559238, "B415": 40.74562837554464, "B416": 39.281275908003316, "B417": 37.74455169685792, "B418": 42.16490588931579, "B419": 42.567760315112004, "B420": 38.054000784207446, "B421": 38.51231759336068, "B422": 39.466920280454595, "B423": 38.21154547830617, "B424": 40.14858512286235, "B501": 41.70249137905708, "B502": 36.69763600629622, "B503": 37.81659229798409, "B504": 41.9168613167984, "B505": 38.65446163842776, "B506": 40.8483999305675, "B507": 39.94079724678305, "B508": 41.27337735853102, "B509": 45.02918400357922, "B510": 34.916923552899235, "B511": 40.57614320482206, "B512": 38.558565871010764, "B513": 40.601765710465514, "B514": 42.39819115638903, "B515": 41.48596713251789, "B516": 34.72517055536001, "B517": 45.21920662820913, "B518": 43.493918718418314, "B519": 41.11712591652633, "B520": 37.41854333194766, "B521": 38.99760150128715, "B522": 42.36707926895233, "B523": 38.89995706467786, "B524": 39.746509582888606, "C101": 38.32727245895341, "C102": 44.63330112614475, "C103": 42.8390739065404, "C104": 39.21711134340215, "C105": 41.00249708117698, "C106": 45.97260959794485, "C107": 45.34637098797941, "C108": 36.56142410798174, "C109": 38.541471884653674, "C110": 41.2893456031531, "C111": 39.53535997388479, "C112": 39.198131389183196, "C113": 39.734478247542526, "C114": 37.683487874079425, "C115": 40.11812388243184, "C116": 41.98545454564582, "C117": 37.83018823163731, "C118": 39.045870137992615, "C119": 37.95672264856937, "C120": 39.58054333287666, "C121": 36.23679308438351, "C122": 42.56322754774706, "C123": 39.4114106804556, "C124": 37.434549845872525, "C201": 38.84010930582046, "C202": 41.35651182297243, "C203": 38.92419154893981, "C204": 39.9403534279792, "C205": 38.44982150408842, "C206": 43.195437364003794, "C207": 41.26964042151563, "C208": 42.531760077942955, "C209": 39.3459210830007, "C210": 39.8361869739178, "C211": 37.93728731751586, "C212": 36.76132524449208, "C213": 44.120974413385376, "C214": 44.12598603280252, "C215": 36.36408622896961, "C216": 39.10120838128633, "C217": 40.00219028982981, "C218": 41.59321234095923, "C219": 37.630141043260295, "C220": 41.747091174869304, "C221": 39.031655508918774, "C222": 41.057887245118614, "C223": 39.624183100597634, "C224": 37.28030281658198, "C301": 43.480398059988474, "C302": 38.78630370358153, "C303": 40.124772856836614, "C304": 44.25620919733491, "C305": 42.50678367925876,