{"A101": 191.87032893484576, "A102": 174.15550448820684, "A103": 185.52323994709405, "A104": 193.18345482176903, "A105": 182.3959656848751, "A106": 177.34913420168508, "A107": 188.464171559778, "A108": 193.1843058703041, "A109": 170.97200772482725, "A110": 189.29677517692477, "A111": 180.56124440842098, "A112": 185.20261214239991, "A113": 172.784953325044, "A114": 186.35749334428456, "A115": 177.0237895850922, "A116": 182.5388898656979, "A117": 180.65902721442768, "A118": 195.80057131281694, "A119": 179.373858923616, "A120": 186.81891705248094, "A121": 182.49311860487623, "A122": 191.0504400198952, "A123": 185.5278087068503, "A124": 180.8873547526952, "A201": 180.08024822041503, "A202": 190.36649426308793, "A203": 174.9579449075332, "A204": 180.82342117530217, "A205": 180.89490612616603, "A206": 185.44607302784448, "A207": 188.2057738043869, "A208": 182.1840465637397, "A209": 184.8165758507711, "A210": 181.6363372136499, "A211": 175.97344727324293, "A212": 194.67808435056585, "A213": 188.6597474864325, "A214": 174.63174818463213, "A215": 189.31233055447694, "A216": 176.98512656866833, "A217": 182.5605718650119, "A218": 184.02273783565727, "A219": 184.0496192348383, "A220": 183.58103446909638, "A221": 179.6996565929006, "A222": 176.93191191538523, "A223": 192.45533511254976, "A224": 181.3246119881707, "A301": 178.67156945987182, "A302": 184.66717096370448, "A303": 178.56974112911465, "A304": 184.99313135841064, "A305": 189.87074569222793, "A306": 188.32432838329999, "A307": 190.2732374306315, "A308": 180.66301650057943, "A309": 176.99367045694152, "A310": 180.3881086382674, "A311": 189.5379187004569, "A312": 178.8517317959514, "A313": 194.14234675838486, "A314": 187.29602300801704, "A315": 182.9759394561225, "A316": 189.11667042351368, "A317": 170.03773148016384, "A318": 181.33282520435083, "A319": 178.89561710412963, "A320": 179.09289980694382, "A321": 171.04606935592352, "A322": 182.37873851379408, "A323": 173.6979394781208, "A324": 182.75246165879372, "A401": 184.21891856931688, "A402": 186.40057509406017, "A403": 181.08265483725688, "A404": 185.20744617296782, "A405": 191.1234778516948, "A406": 179.9243395709101, "A407": 180.79362883526377, "A408": 184.29452740520782, "A409": 180.79155776361847, "A410": 192.94868836975527, "A411": 188.78509504133126, "A412": 182.18955689566351, "A413": 175.17324064629085, "A414": 174.91641832765964, "A415": 189.78989014009784, "A416": 183.9879796295821, "A417": 197.66006215643432, "A418": 182.38766102914514, "A419": 175.93262014614837, "A420": 187.01574782562113, "A421": 182.6990926244403, "A422": 177.60994179951655, "A423": 178.02967499933803, "A424": 186.71515912724107, "A501": 178.11255366629334, "A502": 187.66862913639005, "A503": 194.62440479502163, "A504": 187.33244566009725, "A505": 181.17602591688447, "A506": 180.21221593786646, "A507": 191.40943018824524, "A508": 173.13537105832597, "A509": 187.193892615249, "A510": 183.3667805432701, "A511": 193.3578761471824, "A512": 179.2784885029164, "A513": 176.07642421087598, "A514": 184.8548724547817, "A515": 181.16324208770868, "A516": 190.32929674725753, "A517": 189.75140489406243, "A518": 178.87175754069347, "A519": 186.46356849663587, "A520": 191.41120887452203, "A521": 183.51048919573515, "A522": 177.6450466902588, "A523": 186.255173568667, "A524": 184.7858526589575, "B101": 179.79346273561828, "B102": 177.2228067312368, "B103": 189.84715457702424, "B104": 174.53063650698934, "B105": 175.29771165900968, "B106": 194.95667766197693, "B107": 181.33976481662242, "B108": 183.1210999065546, "B109": 188.10591016228818, "B110": 180.9269722027597, "B111": 184.40442545448565, "B112": 189.42137385154885, "B113": 191.95774854895117, "B114": 183.8356138918747, "B115": 177.6649673409179, "B116": 184.06306818061998, "B117": 190.53132737963796, "B118": 177.73261635225833, "B119": 184.2840298742918, "B120": 169.54271942537397, "B121": 194.24936001746053, "B122": 183.04838492525204, "B123": 179.72140572189468, "B124": 175.99415972748494, "B201": 179.03494179944997, "B202": 172.4252306724605, "B203": 194.58490277487815, "B204": 186.15021163044597, "B205": 187.122014774473, "B206": 181.28098279391762, "B207": 179.03442150088867, "B208": 176.81761529319036, "B209": 184.23576893653663, "B210": 186.18424526572952, "B211": 175.6398895429132, "B212": 173.66629956117143, "B213": 180.96307803737542, "B214": 188.28947833899724, "B215": 192.4114471167775, "B216": 186.82959305903884, "B217": 185.85303655514593, "B218": 190.28736823317115, "B219": 192.09549569584348, "B220": 176.63060359233097, "B221": 196.94441345770022, "B222": 189.6555602608961, "B223": 187.48772182699847, "B224": 180.70451515209612, "B301": 182.46651158507137, "B302": 178.8241569405613, "B303": 181.5871168433213, "B304": 184.12333758933343, "B305": 187.27738795901521, "B306": 195.72244281968534, "B307": 187.1294092112023, "B308": 197.30411000415924, "B309": 183.26028466797948, "B310": 184.89348859344705, "B311": 196.09807144863797, "B312": 179.09705646664526, "B313": 175.3784593695839, "B314": 178.19689761956658, "B315": 179.36001416907934, "B316": 187.30198536168035, "B317": 180.3401168816425, "B318": 193.17400310355654, "B319": 180.4968976706831, "B320": 187.80399301495981, "B321": 182.38552925831428, "B322": 186.27075017758412, "B323": 198.04383162521694, "B324": 185.86134022808713, "B401": 180.63152658210208, "B402": 181.2823614792537, "B403": 185.31143062025888, "B404": 181.84395232811315, "B405": 177.16419777800897, "B406": 193.83039965222747, "B407": 176.21719921506025, "B408": 184.99758854937164, "B409": 183.81676502555322, "B410": 183.6420309827764, "B411": 186.92555376585926, "B412": 186.14362998183054, "B413": 195.12652711285614, "B414": 183.78977484857253, "B415": 190.48326331866593, "B416": 181.23245232101752, "B417": 185.49699838681101, "B418": 186.77331934771232, "B419": 179.4956991671198, "B420": 174.97538868804173, "B421": 176.06419788116665, "B422": 184.0452143732688, "B423": 181.09922944371277, "B424": 182.66168131777846, "B501": 184.63459144335616, "B502": 177.7280859343579, "B503": 172.02347930450756, "B504": 186.4333668477214, "B505": 180.4193169602986, "B506": 181.8795794750822, "B507": 185.82041957362136, "B508": 180.73402005908173, "B509": 185.41018873239722, "B510": 186.45836874381618, "B511": 180.09865728179585, "B512": 185.0795013104271, "B513": 190.21811604548108, "B514": 189.30362080704936, "B515": 188.06569391779823, "B516": 192.48295803607033, "B517": 189.0710272130528, "B518": 196.82308235909665, "B519": 183.8053964263168, "B520": 185.6525343389343, "B521": 192.43583362575936, "B522": 188.3124949199165, "B523": 186.35565533318257, "B524": 187.35320566755126, "C101": 173.70622254114414, "C102": 185.56474799506887, "C103": 184.083829090499, "C104": 185.95005732945185, "C105": 190.56382470828763, "C106": 184.48096899627072, "C107": 192.9482338503107, "C108": 184.88928392596478, "C109": 182.64521909718047, "C110": 188.64418306831828, "C111": 185.47733569218258, "C112": 176.82154112249728, "C113": 178.87009983201324, "C114": 189.35604682361455, "C115": 184.99932859575628, "C116": 181.5302706181403, "C117": 179.74125832302352, "C118": 182.7505623131344, "C119": 179.86594627634187, "C120": 176.20342860618229, "C121": 177.9911430105927, "C122": 186.1659772431626, "C123": 179.16279644083625, "C124": 178.2147544726411, "C201": 191.01473912135077, "C202": 180.0288914421151, "C203": 188.51211768539162, "C204": 186.90933289259326, "C205": 184.64192676881012, "C206": 186.43261894920724, "C207": 193.3503750002154, "C208": 186.67123287292475, "C209": 191.58890338439264, "C210": 177.41245183332163, "C211": 178.93302121696186, "C212": 180.22560072678576, "C213": 188.35557097258362, "C214": 193.63792757776343, "C215": 179.74165924455212, "C216": 183.54124079287985, "C217": 178.94230948459617, "C218": 181.38479661168043, "C219": 171.7792778180445, "C220": 176.84853130353628, "C221": 184.97212047508924, "C222": 177.5446004195972, "C223": 183.19221305858176, "C224": 183.03446731625192,