{"A101": 183.93426601141746, "A102": 165.44220354908776, "A103": 178.04780801626742, "A104": 185.68707479624464, "A105": 173.5484917935746, "A106": 170.41518206371032, "A107": 178.28769544787139, "A108": 185.88916349458776, "A109": 164.81638659949928, "A110": 181.64406457511197, "A111": 172.46787916408368, "A112": 174.62425093317006, "A113": 165.4265867537292, "A114": 178.1141280651434, "A115": 168.619948173169, "A116": 174.10976418228506, "A117": 172.64954875451437, "A118": 187.60327622462984, "A119": 173.08032501382587, "A120": 178.51515578298992, "A121": 173.3746794596167, "A122": 181.41750046509256, "A123": 175.84234211963624, "A124": 173.22706369433783, "A201": 171.46698368822072, "A202": 183.83775911877072, "A203": 167.91038963388098, "A204": 171.7063668947166, "A205": 173.94791974521442, "A206": 178.93548167642246, "A207": 180.41949748340667, "A208": 173.46650720311263, "A209": 178.43836734411548, "A210": 172.73817883873548, "A211": 170.255642984074, "A212": 189.02598923363018, "A213": 179.92606560578707, "A214": 168.3215260417837, "A215": 181.33667353281763, "A216": 168.11898002503779, "A217": 173.69331084613827, "A218": 174.9152636350495, "A219": 175.61553126198785, "A220": 172.74937148736745, "A221": 170.93494766110942, "A222": 168.69824921439238, "A223": 183.98227061400218, "A224": 173.7897793202032, "A301": 170.02886604532858, "A302": 177.44809894797297, "A303": 170.04641383876006, "A304": 175.58607108686496, "A305": 179.26302311175908, "A306": 179.330269104743, "A307": 181.57027566816808, "A308": 172.3419714446305, "A309": 170.0227749180005, "A310": 173.71364802572987, "A311": 181.5931795187127, "A312": 172.47504876163777, "A313": 185.51655284516428, "A314": 180.6955858364635, "A315": 174.7879408646809, "A316": 181.57150077615253, "A317": 164.39489716834186, "A318": 173.63594413902157, "A319": 171.42597108138494, "A320": 170.97457812791652, "A321": 163.93329862694554, "A322": 175.07162128762323, "A323": 166.72749443891593, "A324": 173.69202851063991, "A401": 177.62053918860917, "A402": 177.53358849514814, "A403": 174.25382885178047, "A404": 177.3279270620907, "A405": 184.57655657983537, "A406": 172.96176776155409, "A407": 171.82745840199325, "A408": 176.1219265977979, "A409": 173.09214349788763, "A410": 183.99208964417568, "A411": 181.30813690203797, "A412": 175.1545758534833, "A413": 167.8069488888104, "A414": 168.00433839934806, "A415": 181.43333159545804, "A416": 176.06016488529784, "A417": 188.218369637708, "A418": 174.81800181096824, "A419": 167.55055711224117, "A420": 178.3908248701017, "A421": 174.3892513871476, "A422": 169.67947862439505, "A423": 170.6653262682266, "A424": 178.14311253898245, "A501": 168.3692087397738, "A502": 179.22180037970492, "A503": 185.0992914354564, "A504": 180.1924848264994, "A505": 172.37629319525786, "A506": 173.69167658421225, "A507": 184.99457407583907, "A508": 166.78887688068093, "A509": 177.94813945208554, "A510": 176.00517457075074, "A511": 184.3628069797774, "A512": 172.0293920952884, "A513": 166.02424747947947, "A514": 176.1069665784504, "A515": 171.19838575145496, "A516": 184.43323684892275, "A517": 180.93645086130653, "A518": 170.8528938745352, "A519": 176.76196459487002, "A520": 181.51703538395077, "A521": 176.3096703161229, "A522": 169.5683220686031, "A523": 177.39045287531894, "A524": 176.45950249273432, "B101": 173.80791757128162, "B102": 169.2327873648738, "B103": 183.35400645990862, "B104": 167.71782434623447, "B105": 168.37383521443945, "B106": 185.28283906231303, "B107": 173.24612386058618, "B108": 173.716668041307, "B109": 179.26227854922442, "B110": 175.00567965646258, "B111": 177.23431918687592, "B112": 180.77182855578272, "B113": 184.6752453853908, "B114": 173.6924343309607, "B115": 170.87490124387426, "B116": 175.3150898824302, "B117": 182.96917097990746, "B118": 169.63486478107367, "B119": 177.81310758334612, "B120": 162.66195770728748, "B121": 184.35863180192476, "B122": 174.68180043787427, "B123": 170.51727093377406, "B124": 168.12206570974476, "B201": 171.8223289922878, "B202": 165.55529030058108, "B203": 186.92469222542687, "B204": 177.27836740648655, "B205": 178.20600274212907, "B206": 173.02627265724493, "B207": 168.21901075423403, "B208": 169.4422243595632, "B209": 176.6007002258203, "B210": 178.28825033850254, "B211": 167.5772964284338, "B212": 166.88807926929914, "B213": 172.0136639836231, "B214": 180.2706281580288, "B215": 183.41095336896885, "B216": 179.02076072100485, "B217": 181.25250253835821, "B218": 181.71598946458948, "B219": 182.590611761841, "B220": 169.24125706546675, "B221": 187.31703289885618, "B222": 181.0397396718425, "B223": 179.716398040899, "B224": 173.3673712087034, "B301": 175.73005148323293, "B302": 171.3041453403467, "B303": 175.07591068107627, "B304": 178.10179168843342, "B305": 178.5477505248661, "B306": 186.86574089883754, "B307": 177.60308541844537, "B308": 188.3747653902428, "B309": 174.60104705823292, "B310": 177.90206463084326, "B311": 188.016807979267, "B312": 170.75423179153975, "B313": 167.96031199185165, "B314": 170.2848258848737, "B315": 171.11851081303917, "B316": 180.9841445150979, "B317": 170.10976167643497, "B318": 187.55502467420948, "B319": 172.46374781452386, "B320": 180.4334331013982, "B321": 175.70775043115268, "B322": 179.77288128152304, "B323": 189.57115425377364, "B324": 177.76026212123347, "B401": 172.80272099020465, "B402": 172.7646086098657, "B403": 176.34495535927044, "B404": 175.17728176958002, "B405": 169.36433330706893, "B406": 184.566802861472, "B407": 169.45451072999904, "B408": 176.7373508184687, "B409": 175.11922183298898, "B410": 174.41325275687964, "B411": 178.89007260065372, "B412": 177.59838914849692, "B413": 184.9277008576101, "B414": 174.67678858982987, "B415": 181.05727258009878, "B416": 172.40898628670465, "B417": 175.3585604643768, "B418": 180.75680336549328, "B419": 173.02304916096432, "B420": 167.04268092784258, "B421": 167.94407962998895, "B422": 173.39535302355506, "B423": 172.31831807575333, "B424": 173.1980936920368, "B501": 176.07933420024654, "B502": 167.95890388335778, "B503": 165.16532987398566, "B504": 178.60529127489153, "B505": 172.01199044667106, "B506": 173.5472293193188, "B507": 177.56581797723263, "B508": 175.14918564139802, "B509": 178.2367036649138, "B510": 178.36011008582787, "B511": 172.40488629678754, "B512": 176.9584574067923, "B513": 182.47106028440848, "B514": 182.38370614486126, "B515": 179.2506774535161, "B516": 181.824357318058, "B517": 183.16013219964745, "B518": 187.82337674394725, "B519": 174.8187166352374, "B520": 178.55628447050455, "B521": 185.35783270934286, "B522": 181.34224552537842, "B523": 177.8763325949881, "B524": 177.6962949801394, "C101": 165.85420314452887, "C102": 176.52622921585194, "C103": 176.8420013529335, "C104": 177.8728870786845, "C105": 182.99815614775653, "C106": 177.5482579638592, "C107": 183.93180633323541, "C108": 176.4978243906524, "C109": 173.43316640491403, "C110": 180.0691929039013, "C111": 175.65356122097728, "C112": 168.36543770109813, "C113": 171.3881106559719, "C114": 181.29955187151663, "C115": 176.55630087723728, "C116": 172.95395612824242, "C117": 171.34572722897192, "C118": 174.53351494841147, "C119": 172.257158470611, "C120": 168.40553563535468, "C121": 169.74804674670952, "C122": 180.0461884833081, "C123": 172.74922915804444, "C124": 171.12114961001524, "C201": 184.15768299553082, "C202": 173.2602995689958, "C203": 180.99260262173513, "C204": 175.9481145460921, "C205": 176.79395038821036, "C206": 179.43030378496783, "C207": 185.38947178343645, "C208": 178.40388470116622, "C209": 182.73789619638225, "C210": 170.1488328787613, "C211": 171.76369359558407, "C212": 171.5216390847326, "C213": 179.01444740204985, "C214": 184.3472271833148, "C215": 172.99898057737386, "C216": 177.03342486667452, "C217": 172.352196660321, "C218": 175.46127217197062, "C219": 164.36483444908978, "C220": 168.23550333954103, "C221": 177.5403496166893, "C222": 169.2011073396967, "C223": 174.61515127740884, "C224": 171.87276677811712, "C301": 179.81702133819104,