{"A101": 171.67386337971763, "A102": 152.55084134596106, "A103": 164.41825043694104, "A104": 172.91087974501747, "A105": 161.551978358816, "A106": 156.7369797568296, "A107": 162.37511369081912, "A108": 172.57628805147985, "A109": 153.40291323864, "A110": 167.94999303745107, "A111": 159.40771654320633, "A112": 163.29763138594453, "A113": 153.607929737028, "A114": 163.82069390810304, "A115": 155.30073269006095, "A116": 161.82022783126416, "A117": 157.6724146446827, "A118": 175.28443952354388, "A119": 161.62316209456313, "A120": 164.4916314511123, "A121": 159.1007568672221, "A122": 167.58306953544303, "A123": 163.84260827458266, "A124": 161.87725636584952, "A201": 156.97929702496467, "A202": 170.69296464248717, "A203": 153.84277605372566, "A204": 158.37397871411588, "A205": 161.676507243439, "A206": 166.59694770722444, "A207": 166.0881522782857, "A208": 160.07394190148707, "A209": 164.57146466336098, "A210": 158.42244001879646, "A211": 156.25859355189277, "A212": 174.9383020552286, "A213": 164.54778848908876, "A214": 157.22390526903857, "A215": 169.52850014463382, "A216": 157.5585296416713, "A217": 161.0053683518283, "A218": 163.9006766195199, "A219": 163.78922682046326, "A220": 157.83036790416062, "A221": 157.68791474001935, "A222": 155.89523628572792, "A223": 169.60561205329213, "A224": 158.88167673928402, "A301": 154.69653635228883, "A302": 164.56819912761767, "A303": 159.21852809178773, "A304": 160.91761927452305, "A305": 166.46893006114735, "A306": 165.64344003722107, "A307": 167.6376090854046, "A308": 157.04753373660253, "A309": 156.748279862519, "A310": 160.22923798828955, "A311": 166.31048400199177, "A312": 159.3654203866829, "A313": 171.18954735392464, "A314": 166.78977807748493, "A315": 162.724866528263, "A316": 166.66867666295016, "A317": 152.6234374051371, "A318": 157.86376992274526, "A319": 157.64307680750957, "A320": 157.35257062523533, "A321": 150.1814028833171, "A322": 163.519370889219, "A323": 153.30873730979528, "A324": 161.07138100957675, "A401": 166.34438650116095, "A402": 164.7887381316272, "A403": 158.67525286858256, "A404": 160.5747923476905, "A405": 170.4129448294441, "A406": 161.22377322340026, "A407": 159.85208819842163, "A408": 162.86397020787402, "A409": 161.3232384985258, "A410": 172.12325266049177, "A411": 168.5088714418703, "A412": 161.15639156448637, "A413": 153.55919330449007, "A414": 153.0518585064483, "A415": 170.32442207398006, "A416": 163.19930530554726, "A417": 173.47388485977143, "A418": 162.86001316806127, "A419": 155.89655327131152, "A420": 165.38314198408128, "A421": 160.8369876631736, "A422": 155.64489072415574, "A423": 155.87462344500588, "A424": 165.76944339240617, "A501": 156.98605868020888, "A502": 166.81091726754886, "A503": 172.00430449526917, "A504": 166.41494472037718, "A505": 163.51267889809318, "A506": 162.2049523224436, "A507": 169.56753391099326, "A508": 153.1570602889266, "A509": 162.49232345781718, "A510": 162.16039493764686, "A511": 172.5214011744324, "A512": 161.1298522811104, "A513": 153.15846904483695, "A514": 164.5893130794043, "A515": 159.64235945904448, "A516": 168.5400009611214, "A517": 166.2542321542316, "A518": 158.2816195478698, "A519": 166.1307079273451, "A520": 166.445605347091, "A521": 163.50556171964718, "A522": 157.6509749081111, "A523": 165.29929008642046, "A524": 163.3888192887913, "B101": 161.15815378885065, "B102": 160.42071769435904, "B103": 168.2675653955037, "B104": 156.4958578394779, "B105": 153.21792877686102, "B106": 170.46700135478946, "B107": 160.6739723916228, "B108": 159.90688901105608, "B109": 166.44516208041009, "B110": 164.54587455346913, "B111": 164.90476249854333, "B112": 166.64401160292277, "B113": 173.51477223336911, "B114": 160.44870271060375, "B115": 158.85092908830674, "B116": 165.14598239609225, "B117": 168.97843404324416, "B118": 157.36932182892932, "B119": 165.0731088932721, "B120": 150.58962467388352, "B121": 168.62450267457277, "B122": 161.4833428344586, "B123": 157.97064119235276, "B124": 155.30104905772393, "B201": 158.94372000133572, "B202": 152.24861156152193, "B203": 173.94524086516486, "B204": 162.86532958301046, "B205": 162.12187362626688, "B206": 160.08589625748832, "B207": 156.32230577962574, "B208": 154.77103830823717, "B209": 163.12430035343988, "B210": 163.30155040623777, "B211": 154.64970531530074, "B212": 153.98302289129182, "B213": 160.42625353931675, "B214": 168.07516283499118, "B215": 171.79457274883782, "B216": 166.4155432034342, "B217": 170.35143009602365, "B218": 168.06310648469153, "B219": 167.49971604405874, "B220": 154.41283708181058, "B221": 171.0496061928044, "B222": 167.63031535098187, "B223": 166.06906404452147, "B224": 159.54112510378195, "B301": 163.2630648026006, "B302": 157.37273290234324, "B303": 161.81315156483737, "B304": 163.3327066772882, "B305": 165.30336329081288, "B306": 173.87242912590733, "B307": 162.9554379362284, "B308": 174.27485371514453, "B309": 161.64656992902715, "B310": 162.33073485546774, "B311": 173.47392184700803, "B312": 156.96588049806897, "B313": 157.9169354895741, "B314": 158.14015845921762, "B315": 157.94664826573984, "B316": 162.990848769874, "B317": 154.48164121955259, "B318": 171.74814629787429, "B319": 160.72926796250363, "B320": 168.9719483275055, "B321": 161.06813186460712, "B322": 165.79787700288674, "B323": 173.33069328587177, "B324": 164.39060621474786, "B401": 160.35052190291808, "B402": 160.2366723918961, "B403": 164.29223141373188, "B404": 163.73083453375486, "B405": 159.19504331685965, "B406": 171.41501846429625, "B407": 154.9394639844342, "B408": 163.77444019617056, "B409": 164.86264256032766, "B410": 160.93146382748026, "B411": 164.76757762315333, "B412": 163.48997986005278, "B413": 171.89381684783913, "B414": 161.03325367506443, "B415": 169.8825736294652, "B416": 158.3905748808442, "B417": 161.87220785176495, "B418": 167.03928704345984, "B419": 160.58505210239693, "B420": 156.05101385817625, "B421": 157.2981344780587, "B422": 160.03274734182594, "B423": 161.10594940448263, "B424": 160.31525691904866, "B501": 161.7824160461242, "B502": 154.51824995053346, "B503": 151.3854351984833, "B504": 167.067017481491, "B505": 158.80455031588411, "B506": 158.78454706449574, "B507": 162.07494856184505, "B508": 161.11594375853883, "B509": 165.9148683818748, "B510": 166.2766637480434, "B511": 159.29618257931, "B512": 160.8295433613473, "B513": 169.4362154839298, "B514": 168.8811266648322, "B515": 164.56667155371025, "B516": 167.00121528076565, "B517": 170.17257185959883, "B518": 174.95709775333958, "B519": 161.1737587561796, "B520": 164.84574411091268, "B521": 172.413429436262, "B522": 168.73398717425633, "B523": 162.14130016497106, "B524": 163.5267508850453, "C101": 154.0679691161426, "C102": 164.10605564633585, "C103": 162.25360101766034, "C104": 165.8966914077729, "C105": 169.17094827101155, "C106": 161.95038625636667, "C107": 169.15022717546225, "C108": 159.21624411066404, "C109": 161.55014702704983, "C110": 168.28137297718868, "C111": 162.6856601573804, "C112": 153.5018321559213, "C113": 155.3045729170534, "C114": 169.188485790983, "C115": 161.36077921630041, "C116": 158.1870642883339, "C117": 159.80223251261782, "C118": 161.3589032405903, "C119": 157.19668594452148, "C120": 154.86578886305628, "C121": 156.46363593125872, "C122": 164.94173514348262, "C123": 161.60607619841625, "C124": 158.63202937139147, "C201": 171.25860989354487, "C202": 159.92909960332142, "C203": 166.54976370816541, "C204": 161.58058272815808, "C205": 164.21579586557039, "C206": 166.1769658428502, "C207": 173.48413246566335, "C208": 164.0557632131359, "C209": 167.7118877846002, "C210": 156.1753626037094, "C211": 158.75374234583606, "C212": 158.29414839551706, "C213": 166.02092438371713, "C214": 170.7814548808771, "C215": 159.6473320407373, "C216": 163.3599353659088, "C217": 158.58189184602918, "C218": 164.23925407280873, "C219": 151.7017047680712, "C220": 156.31380365558329, "C221": 164.20856624428373, "C222": 157.21652604015475, "C223": 162.7970023729171, "C224": 160.51566000592328, "C301": 167.22686008441386,