{"A101": 290.7889630127431, "A102": 283.618463312059, "A103": 292.73248066084994, "A104": 288.22935770760813, "A105": 290.01818706840993, "A106": 275.95989642549847, "A107": 287.895585141721, "A108": 296.59112021230897, "A109": 268.5685398889812, "A110": 277.72722388915344, "A111": 277.15439389524926, "A112": 289.2674250523361, "A113": 279.2301291854452, "A114": 289.4007975855216, "A115": 286.3705750015517, "A116": 284.08774649945883, "A117": 281.3762918019672, "A118": 305.3541832998899, "A119": 286.7576255332354, "A120": 288.35281745234863, "A121": 280.3114680524492, "A122": 299.2820849869943, "A123": 290.516366764074, "A124": 280.6159039820098, "A201": 278.76042196680845, "A202": 291.12560910197027, "A203": 287.3926557934373, "A204": 277.4075734544481, "A205": 283.5339892659065, "A206": 288.1308316399433, "A207": 289.8399880917586, "A208": 285.6103887665208, "A209": 286.5046941320714, "A210": 284.170849525262, "A211": 279.1040518240025, "A212": 300.83623744861603, "A213": 293.9852901605038, "A214": 273.1867513062121, "A215": 288.8962736949521, "A216": 278.899404829035, "A217": 278.778852239794, "A218": 285.12098837860657, "A219": 293.0191989614614, "A220": 297.3986323869748, "A221": 275.4224263252959, "A222": 282.22731141102804, "A223": 293.4033777406253, "A224": 278.2472525241728, "A301": 287.35111290802655, "A302": 287.60741149456146, "A303": 280.68879420110216, "A304": 284.8020813096858, "A305": 284.39042405292395, "A306": 290.27533656481796, "A307": 289.2241883264134, "A308": 291.86989025780457, "A309": 278.5147467252504, "A310": 289.41829808251106, "A311": 293.38626208182075, "A312": 276.9117411846638, "A313": 291.3841282819928, "A314": 287.7692746820085, "A315": 283.51217285816205, "A316": 295.9650405475364, "A317": 262.98484285751874, "A318": 281.46894996410003, "A319": 286.3952756661887, "A320": 278.46495923465716, "A321": 269.93391522099427, "A322": 288.3342786713869, "A323": 282.7081846248467, "A324": 285.2508898602716, "A401": 286.6720256564199, "A402": 281.6584285295018, "A403": 278.7990581797615, "A404": 283.45968421552936, "A405": 289.75102333410274, "A406": 281.3567685665551, "A407": 286.29376156147845, "A408": 281.87797564228265, "A409": 281.77817217821735, "A410": 292.03213376597523, "A411": 287.0398877698018, "A412": 283.07702633148443, "A413": 269.69558898653867, "A414": 273.20189063918593, "A415": 293.73639102466774, "A416": 289.4822540173117, "A417": 293.493630991777, "A418": 285.2926097066274, "A419": 271.9329255092387, "A420": 285.0143458882964, "A421": 280.9517365421514, "A422": 282.6249006186237, "A423": 280.33564080045704, "A424": 279.3083761570834, "A501": 281.05216312181153, "A502": 287.10674569066475, "A503": 292.58210808263254, "A504": 284.7285141146915, "A505": 285.00129075698834, "A506": 275.6584169771298, "A507": 293.7347008539114, "A508": 280.9652494475347, "A509": 288.19296552592937, "A510": 291.01840371305184, "A511": 292.6873991592124, "A512": 281.78978303564986, "A513": 282.4601942010143, "A514": 286.4309536259517, "A515": 285.884485403633, "A516": 291.83219078923497, "A517": 290.7069605901572, "A518": 279.5781700017342, "A519": 297.1377653697833, "A520": 293.85274249884986, "A521": 295.49297095994484, "A522": 279.84335297497915, "A523": 288.1659972720287, "A524": 288.5491273058318, "B101": 274.46766176052273, "B102": 279.46288441622147, "B103": 296.7631242912567, "B104": 278.72135059895754, "B105": 276.1691479451905, "B106": 292.17809385858, "B107": 279.32172254097463, "B108": 281.0713213514593, "B109": 284.5577223062747, "B110": 281.0486559821822, "B111": 276.2594120103294, "B112": 293.734241586669, "B113": 292.90377977038133, "B114": 289.82781512330354, "B115": 276.28463898348247, "B116": 288.46317489228676, "B117": 292.664252681716, "B118": 288.8390755066621, "B119": 285.37532314209113, "B120": 272.11492863032964, "B121": 288.2271370220078, "B122": 281.7470036918477, "B123": 275.04881916190675, "B124": 280.2747312337251, "B201": 281.74686689834544, "B202": 272.41131754347043, "B203": 299.16790800374577, "B204": 289.2792615095735, "B205": 291.1815924561561, "B206": 287.4479225053795, "B207": 277.4180621369197, "B208": 277.9127182796157, "B209": 283.0625872786132, "B210": 289.9620208599572, "B211": 276.6896325359484, "B212": 278.2883311214258, "B213": 281.0396834998997, "B214": 295.2478827244574, "B215": 293.02319510860127, "B216": 292.1471794377148, "B217": 283.06689570969274, "B218": 294.01119505360515, "B219": 292.5767631476242, "B220": 272.7201271931201, "B221": 299.5057471443687, "B222": 285.8124220100255, "B223": 287.8983454839955, "B224": 278.8045195075578, "B301": 283.7168142513585, "B302": 275.3449312786575, "B303": 278.4321770081095, "B304": 282.9554123277001, "B305": 288.53708955897866, "B306": 289.70416967005485, "B307": 291.094251852186, "B308": 293.8390342271116, "B309": 287.55178456247717, "B310": 285.54968339401387, "B311": 297.2709597028168, "B312": 280.2395086596937, "B313": 278.482475422059, "B314": 277.2328310744007, "B315": 275.48416212140893, "B316": 287.2545470067748, "B317": 286.1178935277106, "B318": 292.8115000861525, "B319": 279.72081591385063, "B320": 287.1888779638303, "B321": 288.669023914678, "B322": 286.03688491007915, "B323": 296.5692496492639, "B324": 291.19275926257785, "B401": 282.8228243488996, "B402": 276.22541121512955, "B403": 283.55816365192015, "B404": 283.32861835765215, "B405": 279.4906765682558, "B406": 300.34696622520045, "B407": 272.80211264423275, "B408": 287.68475501380647, "B409": 288.8094560981352, "B410": 281.8794707189835, "B411": 291.0222864222808, "B412": 283.48638068238375, "B413": 294.1485874153723, "B414": 286.6329723713669, "B415": 292.3475421435832, "B416": 282.5561934290077, "B417": 283.0455051289896, "B418": 284.1945249777899, "B419": 276.476252402741, "B420": 281.47396388166356, "B421": 275.47101971880414, "B422": 282.1485036789217, "B423": 286.1866654490418, "B424": 289.16030379137646, "B501": 288.546516518682, "B502": 274.98044508715043, "B503": 272.70179897988277, "B504": 293.9761369634798, "B505": 273.3829414884766, "B506": 287.7383605549329, "B507": 291.2939287610623, "B508": 287.9127808420794, "B509": 287.3565044947408, "B510": 286.6886177254577, "B511": 277.75737891406936, "B512": 279.5423864018946, "B513": 291.2744252739282, "B514": 293.47476088449656, "B515": 286.5827153193584, "B516": 294.6056095772315, "B517": 290.7794100849531, "B518": 296.7579106028252, "B519": 281.68843803827156, "B520": 289.75415916514385, "B521": 299.048823507077, "B522": 288.2917645554647, "B523": 283.50315930033827, "B524": 284.8599410210636, "C101": 276.7543177495291, "C102": 283.4907250199054, "C103": 288.5816496445346, "C104": 287.04936234567407, "C105": 297.8092323055348, "C106": 289.79351944743235, "C107": 296.78254236233636, "C108": 286.2547628745293, "C109": 276.2465784022773, "C110": 289.54523520078084, "C111": 281.51780302006966, "C112": 277.5849521717264, "C113": 284.59742444111515, "C114": 296.5493424515864, "C115": 285.9742427817644, "C116": 282.16226021621395, "C117": 284.03485592826206, "C118": 280.983414361086, "C119": 283.3747972100796, "C120": 281.17886022235353, "C121": 277.51974949143096, "C122": 291.9715203474477, "C123": 273.4171348852478, "C124": 277.61103734727715, "C201": 293.292022086898, "C202": 281.49674210312025, "C203": 290.0444684752016, "C204": 292.99832342782395, "C205": 283.73547130387504, "C206": 283.5576827848471, "C207": 295.31066503970754, "C208": 292.9590841290087, "C209": 286.41485810183974, "C210": 277.9224700177873, "C211": 276.5012645372274, "C212": 281.98370693545303, "C213": 289.400728459944, "C214": 291.38348747356633, "C215": 283.1385969402963, "C216": 281.79997537412436, "C217": 280.70663240203305, "C218": 288.1506609191615, "C219": 268.6599333228165, "C220": 278.6375738950773, "C221": 288.70252822132744, "C222": 282.4809975088559, "C223": 286.58082122670254, "C224": 285.54360106840903, "C301": 294.46670826798817, "C302": 277.6549238778341, "C303": 284.2377458081398, "C304": 283.57308315855323,