{"A101": 298.6268982114081, "A102": 291.90399531607267, "A103": 300.38755554434096, "A104": 296.50295667480725, "A105": 299.17064621732504, "A106": 283.1905437900713, "A107": 295.72174798571336, "A108": 304.16470183247463, "A109": 274.45344602659253, "A110": 286.244790058002, "A111": 284.2344092894162, "A112": 296.4507070471752, "A113": 286.34525449196116, "A114": 297.1110045615833, "A115": 295.09256551720773, "A116": 289.9635457773422, "A117": 288.8263277520081, "A118": 311.67523161692975, "A119": 294.3703212115759, "A120": 295.6972194974362, "A121": 286.25073004607185, "A122": 306.47058562426776, "A123": 296.0553127568297, "A124": 289.4876144393938, "A201": 289.4324187924921, "A202": 299.6246784220595, "A203": 294.37163263538895, "A204": 285.0164101455807, "A205": 291.2406614628913, "A206": 295.7732525863224, "A207": 298.8273884295039, "A208": 294.0956424496842, "A209": 293.3466947975808, "A210": 291.2279740459968, "A211": 286.1726656098778, "A212": 307.1030082782269, "A213": 302.8886271095825, "A214": 281.456323883543, "A215": 299.7971204389798, "A216": 286.8903226008951, "A217": 286.353396237572, "A218": 292.3243662148911, "A219": 299.9655147749393, "A220": 306.3930842043825, "A221": 283.9437368762608, "A222": 289.241113865295, "A223": 300.66313647104056, "A224": 286.1232379626496, "A301": 295.8363535305922, "A302": 294.7390342221711, "A303": 288.8650865333765, "A304": 292.4304779008024, "A305": 290.2161235487315, "A306": 296.362138143999, "A307": 297.78892111839224, "A308": 300.0883363828929, "A309": 286.27730706464735, "A310": 297.5616716834868, "A311": 301.5311001324965, "A312": 285.99812778916595, "A313": 299.41041045761193, "A314": 297.4898755753932, "A315": 292.90278506979905, "A316": 306.4124298964087, "A317": 273.09000203715294, "A318": 288.3693776793409, "A319": 295.0243396785897, "A320": 286.92714959519947, "A321": 279.5712663580221, "A322": 295.86475505301604, "A323": 288.71829423199085, "A324": 292.11845197118646, "A401": 295.6203152190294, "A402": 292.3355131035055, "A403": 289.00792493619383, "A404": 291.97427584315795, "A405": 297.17069560608826, "A406": 289.0587889841957, "A407": 293.2515184005847, "A408": 288.50700564089493, "A409": 288.9298868723994, "A410": 298.9689586596068, "A411": 296.8176642796659, "A412": 289.02287910277465, "A413": 277.17708348498786, "A414": 280.605805128853, "A415": 301.4718292892137, "A416": 296.46958410897923, "A417": 300.195623941388, "A418": 292.19898075278394, "A419": 280.40963388545015, "A420": 292.3602676770114, "A421": 287.37413279947737, "A422": 290.0124740715222, "A423": 290.23148615415494, "A424": 288.1270518978863, "A501": 287.07304392437067, "A502": 293.381265490021, "A503": 298.02495375933484, "A504": 292.8709196908691, "A505": 294.2851109375218, "A506": 283.23683100541183, "A507": 302.3466817693947, "A508": 290.7558234058825, "A509": 297.7768153733784, "A510": 297.926244758128, "A511": 301.5542093816434, "A512": 289.8700646068441, "A513": 290.6294885633576, "A514": 294.7726219496389, "A515": 293.7917907574423, "A516": 299.4895686563517, "A517": 299.84305502674755, "A518": 287.82777916678543, "A519": 303.10577733598274, "A520": 301.1528104642221, "A521": 303.02866932828977, "A522": 289.6897923835597, "A523": 296.3410363829274, "A524": 296.7075259030274, "B101": 282.5547897095319, "B102": 286.26589171032776, "B103": 305.2787271222765, "B104": 286.4194810617194, "B105": 284.7574430185611, "B106": 298.8392494307309, "B107": 286.83279859837836, "B108": 290.15022152786327, "B109": 293.05409646951756, "B110": 289.71748550153654, "B111": 284.99611984091655, "B112": 302.88410100953814, "B113": 303.1185194231825, "B114": 297.90416572689065, "B115": 283.482703425205, "B116": 294.9964161644354, "B117": 304.4981330297433, "B118": 297.6482551129396, "B119": 293.6745312352882, "B120": 279.441043493389, "B121": 295.79847734226047, "B122": 290.7054905902911, "B123": 281.4893758509172, "B124": 290.0659887673397, "B201": 290.06532636865546, "B202": 278.04049512112636, "B203": 306.1278735492483, "B204": 297.582119541454, "B205": 299.9020182617661, "B206": 294.0685687886513, "B207": 285.47123459103847, "B208": 285.82035364131457, "B209": 293.56968384737127, "B210": 295.38103203203804, "B211": 283.97735721483264, "B212": 286.13602651019966, "B213": 287.3524048971534, "B214": 305.3325471385027, "B215": 300.7469250982715, "B216": 297.6353196217415, "B217": 289.70403095882097, "B218": 301.5979088007244, "B219": 302.1474725299857, "B220": 281.23413831770375, "B221": 307.58780329024876, "B222": 293.3971161561536, "B223": 296.944922118713, "B224": 287.4857216256447, "B301": 294.27012243449747, "B302": 283.68854623635957, "B303": 285.8259956555457, "B304": 291.03005066404495, "B305": 297.09050172847054, "B306": 299.00678113820754, "B307": 298.38167117517213, "B308": 302.79317752405865, "B309": 295.69751727298876, "B310": 294.95262611094336, "B311": 305.5731423950828, "B312": 289.23911588338586, "B313": 287.84876267652, "B314": 283.96792758800456, "B315": 283.2306850919481, "B316": 295.72673398299094, "B317": 294.4043693691331, "B318": 301.21045303390997, "B319": 286.44170291728426, "B320": 297.37304274612114, "B321": 296.2277843398326, "B322": 293.0029770067955, "B323": 302.38489313273726, "B324": 298.56995726969905, "B401": 291.00296567112446, "B402": 285.1161867084291, "B403": 292.14080367394405, "B404": 291.910837799898, "B405": 286.9614683836813, "B406": 306.7985266011963, "B407": 280.73826503479484, "B408": 296.32523295093324, "B409": 297.7514599697786, "B410": 288.8056307498791, "B411": 297.39241879881337, "B412": 290.59852403631334, "B413": 301.431934035428, "B414": 294.80443628720195, "B415": 299.3116614025029, "B416": 292.42839470870615, "B417": 290.11614235321537, "B418": 292.5550625794862, "B419": 288.09608964163886, "B420": 289.41801975081603, "B421": 282.47204454917755, "B422": 290.6237532995345, "B423": 293.8968026333338, "B424": 299.7396647867412, "B501": 295.16716014342404, "B502": 283.775037930565, "B503": 281.1074403849456, "B504": 303.10649815712435, "B505": 280.0771033370661, "B506": 296.1873952774809, "B507": 300.3826981353185, "B508": 295.4960856153956, "B509": 295.30208855060204, "B510": 294.9404465640888, "B511": 287.2438656129622, "B512": 286.6199635573669, "B513": 299.0264448826555, "B514": 301.84913076775257, "B515": 293.4661371327352, "B516": 302.13213061943657, "B517": 299.0054441346498, "B518": 305.11714475018243, "B519": 291.2344184053273, "B520": 299.8951842237691, "B521": 308.20662769591183, "B522": 297.53440606262143, "B523": 290.4123935404642, "B524": 291.5665546119567, "C101": 285.1373205471522, "C102": 292.238180715662, "C103": 298.727973957766, "C104": 292.95635726615177, "C105": 305.3821504076673, "C106": 297.65966512228033, "C107": 304.6796799813454, "C108": 293.76425645359967, "C109": 284.06226511561664, "C110": 296.89203411504127, "C111": 290.38929771919857, "C112": 285.73538250867284, "C113": 292.9379589931971, "C114": 302.947781775756, "C115": 293.4523444671868, "C116": 290.05224430513107, "C117": 293.98951282193195, "C118": 290.5696567884707, "C119": 292.3269440330402, "C120": 291.6269669302653, "C121": 284.2768954658398, "C122": 299.4645514207477, "C123": 280.77141282406143, "C124": 286.81731552483456, "C201": 300.321525991158, "C202": 290.14304944364164, "C203": 297.2195680318489, "C204": 303.51050685340783, "C205": 293.43762692533693, "C206": 291.10064842726916, "C207": 301.8968783882357, "C208": 299.95791204660134, "C209": 294.3300791034646, "C210": 287.5301352044175, "C211": 284.7534635225833, "C212": 289.1194519825333, "C213": 298.6306649769239, "C214": 298.23447124115785, "C215": 292.04030108740614, "C216": 288.83827742475427, "C217": 288.3113671315118, "C218": 297.00435917621166, "C219": 276.4232374521718, "C220": 287.90157551688253, "C221": 296.47867395177275, "C222": 290.3638220623732, "C223": 292.7460393471816, "C224": 293.1703789842772, "C301": 301.56806361979926, "C302": 286.09423943436934, "C303": 292.5528878629514, "C304": 291.6077397539194,