{"A101": 78.36039574273222, "A102": 68.25474533446904, "A103": 76.17981861790076, "A104": 82.15428502024527, "A105": 75.74700111317706, "A106": 67.87734197143877, "A107": 74.21412998526674, "A108": 78.46253230294774, "A109": 72.91079306072584, "A110": 80.42681507019809, "A111": 71.88339541441331, "A112": 79.5748487321773, "A113": 75.94242959934971, "A114": 71.86794454489747, "A115": 71.2839234984425, "A116": 71.7411525964773, "A117": 72.5366582617152, "A118": 84.08917787696143, "A119": 74.62251662213252, "A120": 79.3022958273125, "A121": 76.75480747528844, "A122": 79.43850235343035, "A123": 78.60000949314286, "A124": 74.06117898360472, "A201": 70.30241605453115, "A202": 81.34200169912587, "A203": 74.92511733446992, "A204": 73.7956401852092, "A205": 74.69769137919006, "A206": 77.1541074495, "A207": 76.02941506143075, "A208": 76.86215331904603, "A209": 73.84748071026246, "A210": 71.3464748549576, "A211": 75.7340192281269, "A212": 85.61406278334579, "A213": 74.5563752241436, "A214": 74.86906334223656, "A215": 76.76721008226575, "A216": 71.50913975547249, "A217": 73.20756408845492, "A218": 74.5603419339237, "A219": 74.94378926988887, "A220": 73.72276036833952, "A221": 68.51604576265997, "A222": 71.15042998753567, "A223": 78.65601589157528, "A224": 76.33614701999821, "A301": 70.09966831795494, "A302": 70.72173345585824, "A303": 74.48258566978957, "A304": 76.18861572677388, "A305": 76.03868309357125, "A306": 77.94071201022696, "A307": 76.06614255335259, "A308": 71.48197843788805, "A309": 70.95082539294538, "A310": 75.71711669972991, "A311": 71.81607379045832, "A312": 69.09704067337319, "A313": 85.2194595192521, "A314": 75.7616948236112, "A315": 73.03670316814362, "A316": 81.10083855267291, "A317": 68.5607593298987, "A318": 69.57806897155179, "A319": 73.43728460153912, "A320": 67.49491593543355, "A321": 69.0955029344276, "A322": 71.27619262740028, "A323": 68.46573972285549, "A324": 77.21969958715056, "A401": 76.23323354211995, "A402": 74.74667088415414, "A403": 71.2929199485553, "A404": 72.69326476120168, "A405": 77.14707020316077, "A406": 71.24452640079932, "A407": 71.33389481843895, "A408": 73.0976322745317, "A409": 75.59966622124757, "A410": 83.06464157364701, "A411": 80.08317134982344, "A412": 73.36750115525456, "A413": 72.34440357118827, "A414": 70.82972378828062, "A415": 76.6252237587759, "A416": 72.35821128711993, "A417": 82.17864767565761, "A418": 81.18957708111546, "A419": 70.16245823401525, "A420": 77.19290625837785, "A421": 73.7551310664762, "A422": 72.36310778915556, "A423": 70.15403971735277, "A424": 74.34399118594132, "A501": 71.94430445646734, "A502": 76.36446496007373, "A503": 76.83108706693842, "A504": 76.48944573477446, "A505": 77.64118968871941, "A506": 73.91399755557451, "A507": 75.59236975839211, "A508": 69.54106061521725, "A509": 68.67983845649078, "A510": 71.67393493878959, "A511": 77.1232907312894, "A512": 72.53855469736463, "A513": 69.10583419524487, "A514": 78.13860394387933, "A515": 71.63260787042104, "A516": 76.36642493215336, "A517": 78.87496335804408, "A518": 73.34930007475457, "A519": 77.08718447566675, "A520": 72.06047735211271, "A521": 80.78307506582638, "A522": 74.30655889622828, "A523": 78.05256155591236, "A524": 78.08923571521461, "B101": 75.8472988341023, "B102": 80.01545764140555, "B103": 78.01791682129567, "B104": 71.60399665671578, "B105": 66.32325927522146, "B106": 79.92696411801705, "B107": 72.55497011964003, "B108": 73.0084302217873, "B109": 80.26300576638442, "B110": 77.62534994694984, "B111": 75.23692837493991, "B112": 81.44896855947341, "B113": 78.70059754115383, "B114": 75.14601265979873, "B115": 68.09187697648103, "B116": 76.48367940793378, "B117": 71.04645717403402, "B118": 70.63421555648503, "B119": 78.73096469360767, "B120": 68.23409295969824, "B121": 78.11935550365006, "B122": 74.38357873224928, "B123": 71.81019660015723, "B124": 73.14224027913617, "B201": 71.10943672477507, "B202": 68.48678299816767, "B203": 77.10647182634112, "B204": 75.79815788315827, "B205": 69.31636213659509, "B206": 76.34020635706375, "B207": 71.35845867410244, "B208": 67.8956814106502, "B209": 77.0175193070283, "B210": 74.61456165739341, "B211": 74.96532632588735, "B212": 70.95993390226946, "B213": 75.21126254020646, "B214": 77.51267038178068, "B215": 80.82451831552282, "B216": 80.51902186894512, "B217": 78.19232732795943, "B218": 77.99611395293378, "B219": 76.27100133892735, "B220": 75.88027792393673, "B221": 81.09998170679248, "B222": 75.60705873337035, "B223": 74.91842461641045, "B224": 75.19256668264147, "B301": 78.44478379127193, "B302": 63.83362388724593, "B303": 72.63769517668314, "B304": 72.73975110645834, "B305": 73.30036804571726, "B306": 77.10641978263078, "B307": 72.66622923067783, "B308": 80.51939380662836, "B309": 75.61044266642318, "B310": 72.41376612408177, "B311": 82.07832818574626, "B312": 75.38279586997142, "B313": 71.92708174690101, "B314": 73.04521456895573, "B315": 73.20496468107439, "B316": 74.99171087254778, "B317": 74.8863605768528, "B318": 80.05778232587578, "B319": 73.07821341131601, "B320": 82.74884230872046, "B321": 73.84802570722837, "B322": 74.75808797958948, "B323": 78.49781953358789, "B324": 78.41730436071757, "B401": 70.73060437399846, "B402": 73.2353782410044, "B403": 75.35497227961879, "B404": 81.14893959154885, "B405": 72.54703013839637, "B406": 74.49814587435608, "B407": 75.51622242082918, "B408": 76.02551665670046, "B409": 75.89389102673243, "B410": 76.7189769734918, "B411": 77.56432560756673, "B412": 73.85562228817271, "B413": 79.0147634967569, "B414": 73.01840383359568, "B415": 77.180909273258, "B416": 74.96990540079635, "B417": 70.46474912374126, "B418": 77.30148375050216, "B419": 76.94101438430687, "B420": 72.40027195137652, "B421": 72.29101925601692, "B422": 74.86553539269431, "B423": 73.63891511316282, "B424": 73.57790792997629, "B501": 77.68657771409376, "B502": 70.42744093988077, "B503": 68.48578202075286, "B504": 75.07114430530655, "B505": 71.89684046895084, "B506": 74.68451109276998, "B507": 74.53059300578944, "B508": 73.49279757287675, "B509": 80.00976534479474, "B510": 74.4196061506085, "B511": 70.7126027184128, "B512": 74.14826443199732, "B513": 74.60744835871166, "B514": 79.23027888234739, "B515": 74.2431997706856, "B516": 72.43556594190748, "B517": 78.18566182169303, "B518": 77.61052524485733, "B519": 76.35152617598119, "B520": 76.03328454603766, "B521": 76.98211564029974, "B522": 78.88999507206748, "B523": 74.51128365974839, "B524": 74.87638277796917, "C101": 71.11934972875926, "C102": 81.77221009380682, "C103": 74.84564051798539, "C104": 75.71162773205344, "C105": 80.68898252146245, "C106": 78.44127082355529, "C107": 80.12804772177003, "C108": 75.92112036204934, "C109": 74.07610896141088, "C110": 76.32447668492347, "C111": 74.92298026587164, "C112": 74.57318113986574, "C113": 71.84884906476856, "C114": 73.06716196648736, "C115": 74.7941910815393, "C116": 78.18545740970623, "C117": 70.8714045399388, "C118": 72.84882256324649, "C119": 70.85933012056958, "C120": 71.2473413070081, "C121": 72.72916792849203, "C122": 76.83792965104904, "C123": 74.85373145320675, "C124": 72.38586724554801, "C201": 77.64803020874687, "C202": 74.69685650423766, "C203": 72.79851635973293, "C204": 75.1764308493824, "C205": 73.90501371729268, "C206": 77.040790719158, "C207": 82.25328585361272, "C208": 78.19298333542122, "C209": 72.09778412648878, "C210": 69.59086788290108, "C211": 75.11967230747511, "C212": 76.25553022808847, "C213": 82.29692304680852, "C214": 79.15002005635425, "C215": 72.44021102251939, "C216": 75.04329247838989, "C217": 74.70437184822707, "C218": 76.09012444500102, "C219": 69.14868756398639, "C220": 76.3197541815306, "C221": 74.29065673284254, "C222": 73.56311601720564, "C223": 72.9827824188501, "C224": 72.86048205050123, "C301": 77.15367215615852, "C302": 72.71813692205006, "C303": 74.61759420033567, "C304": 75.30227679923169, "C305": 79.99024483024367, "C306": 73.95985495792257, "C307": 80.67698633352089, "C308": 74.74615377856811, "C309": 71.01845704140575,