{"A101": 245.5890485895832, "A102": 232.01308769347202, "A103": 239.33208548557087, "A104": 248.35017403986322, "A105": 237.2745502041733, "A106": 229.84270516113892, "A107": 237.87558157218592, "A108": 252.85313417268435, "A109": 227.0980708772609, "A110": 237.00700850928487, "A111": 235.65572495400082, "A112": 242.03892584758984, "A113": 235.35097348810595, "A114": 238.41595016727283, "A115": 239.99611705494772, "A116": 237.3189947779604, "A117": 237.84296167255303, "A118": 255.87327257989327, "A119": 236.13217170471302, "A120": 243.12048368932858, "A121": 236.7484746132306, "A122": 252.26283835151708, "A123": 247.36694983059064, "A124": 233.59169127539772, "A201": 237.08877912815453, "A202": 246.01618280876897, "A203": 239.7027849974542, "A204": 233.0412543973129, "A205": 238.5258191039039, "A206": 239.57303543623757, "A207": 245.09001817332285, "A208": 237.27387292667436, "A209": 243.97960850999917, "A210": 239.15291131302624, "A211": 232.7749452941244, "A212": 249.62781086683805, "A213": 244.06536784616227, "A214": 231.9895481145808, "A215": 247.16014494629215, "A216": 234.6418186536877, "A217": 233.56024188195707, "A218": 238.07470269995432, "A219": 242.36234212296216, "A220": 245.77755672209472, "A221": 231.82112052676996, "A222": 235.87757860969782, "A223": 250.72922934396098, "A224": 233.91350412738498, "A301": 241.2050086993827, "A302": 241.96465401251388, "A303": 236.3276733709992, "A304": 239.43783966116354, "A305": 245.7595577583518, "A306": 241.52613711921836, "A307": 245.22006805646586, "A308": 240.48325431848454, "A309": 231.9216203315831, "A310": 238.98224022874462, "A311": 248.2539699087722, "A312": 232.847331562808, "A313": 247.44920966372987, "A314": 240.0216435500751, "A315": 240.33141551345565, "A316": 246.97481320655922, "A317": 225.34979738342923, "A318": 233.85455919779335, "A319": 238.35052812009783, "A320": 230.6359338566676, "A321": 222.15370557211233, "A322": 237.0597545563271, "A323": 231.66436256971082, "A324": 241.61205583736412, "A401": 244.9309918979311, "A402": 242.5674867024609, "A403": 235.3824710168829, "A404": 237.70568806268597, "A405": 245.72613862400098, "A406": 233.8650108690991, "A407": 237.82328761134534, "A408": 239.03485792059482, "A409": 234.86515134592707, "A410": 246.23619763217644, "A411": 243.79547461107387, "A412": 237.73015172003565, "A413": 226.4604645732412, "A414": 227.86996445870054, "A415": 248.40164730788877, "A416": 244.01869370216616, "A417": 248.40919151089128, "A418": 239.62941299353207, "A419": 227.50144487271277, "A420": 243.0710543596319, "A421": 234.98455029690447, "A422": 232.14006439031886, "A423": 233.67349867018729, "A424": 235.8024285033564, "A501": 233.07512915873596, "A502": 242.7357631860308, "A503": 248.89774523721408, "A504": 242.47188473933252, "A505": 238.53874912300714, "A506": 235.03042177046916, "A507": 247.54877692481645, "A508": 229.54681845280734, "A509": 240.29956089590604, "A510": 240.92061613706937, "A511": 247.296346893322, "A512": 238.19976340285945, "A513": 230.98813529544844, "A514": 241.08514100544144, "A515": 242.86425920542487, "A516": 246.24750158669258, "A517": 246.35902114705226, "A518": 237.6623830096041, "A519": 248.08473422986216, "A520": 249.12732291116225, "A521": 243.4630511582528, "A522": 233.25919950421937, "A523": 244.2560225002089, "A524": 242.92623027888504, "B101": 234.3949179510059, "B102": 234.83870138357713, "B103": 248.53224382972047, "B104": 230.63291626825796, "B105": 232.34882633908336, "B106": 249.36333507901907, "B107": 232.7920084660446, "B108": 240.5524841609859, "B109": 242.15412207183456, "B110": 236.77331453423693, "B111": 233.2523104235664, "B112": 247.38787082774115, "B113": 248.10018508532843, "B114": 242.75783005431637, "B115": 231.62097368494366, "B116": 244.52377806598167, "B117": 245.6665277418221, "B118": 240.90555360063647, "B119": 237.41926089492256, "B120": 228.42660834785832, "B121": 245.96739824035387, "B122": 234.14740636032877, "B123": 231.0774144002207, "B124": 239.07517484286774, "B201": 236.27146956357151, "B202": 224.8203219695828, "B203": 249.02202345959955, "B204": 243.59290952393053, "B205": 246.24102167873258, "B206": 237.99764442299238, "B207": 230.9992211716193, "B208": 237.3092798038576, "B209": 239.47261416120975, "B210": 245.84958992212609, "B211": 230.0743027737428, "B212": 231.05547019626192, "B213": 235.94937957588488, "B214": 248.14937401729412, "B215": 250.22825780461588, "B216": 245.14880850855292, "B217": 241.26930900296225, "B218": 248.66429143359426, "B219": 249.24861245798118, "B220": 230.4404722119881, "B221": 253.86925989124975, "B222": 245.9591700015165, "B223": 238.72090364667721, "B224": 231.40222493665044, "B301": 240.48671531161952, "B302": 231.98989096048828, "B303": 235.5253265382419, "B304": 237.19712534229046, "B305": 243.98016239991588, "B306": 246.9881260731317, "B307": 245.1347786474963, "B308": 252.69983892155255, "B309": 243.2388220857609, "B310": 241.05288931494084, "B311": 254.24630406307168, "B312": 235.7718603994337, "B313": 232.16008822115018, "B314": 225.63958763168353, "B315": 231.78031689310563, "B316": 241.94926372034107, "B317": 238.7572344523569, "B318": 249.38556703002925, "B319": 235.05420218962803, "B320": 243.15683740800145, "B321": 243.36338709436578, "B322": 245.12191305247296, "B323": 255.53205754233738, "B324": 241.97263506743647, "B401": 236.31533026916713, "B402": 234.37543838048677, "B403": 239.9452619291159, "B404": 236.67783896656988, "B405": 234.2204353918475, "B406": 256.5275325197303, "B407": 228.53514089741208, "B408": 242.51979923129522, "B409": 243.00891149796618, "B410": 235.80399324100247, "B411": 244.12087319470038, "B412": 239.59932922860682, "B413": 252.25328339048724, "B414": 240.7665712124184, "B415": 246.27512941399553, "B416": 237.02975805084634, "B417": 238.34992750027197, "B418": 240.6749991299657, "B419": 236.03742628239297, "B420": 233.1784072009095, "B421": 232.36783200337672, "B422": 236.46859399249547, "B423": 239.50866260413187, "B424": 241.8114180431927, "B501": 243.94150404201994, "B502": 227.48726503873127, "B503": 225.56557364190823, "B504": 247.16194699387597, "B505": 233.7170004854589, "B506": 240.96849646294234, "B507": 243.1525030722416, "B508": 240.75430771901748, "B509": 243.54917181381106, "B510": 243.02607136182186, "B511": 236.19751422702242, "B512": 237.004575526205, "B513": 244.5253663278918, "B514": 250.35445127265237, "B515": 246.51752889365136, "B516": 245.04795129375785, "B517": 245.91548422622822, "B518": 251.13963478637632, "B519": 233.88622237110667, "B520": 247.82423840105704, "B521": 251.7575842907929, "B522": 242.74900202609564, "B523": 239.44745709575918, "B524": 239.48966801337053, "C101": 226.78692082040763, "C102": 236.4323720142653, "C103": 242.66491629518382, "C104": 239.9919449831958, "C105": 248.974334409271, "C106": 242.15349666757658, "C107": 255.21030073341828, "C108": 243.81720612160558, "C109": 234.3493781548957, "C110": 244.33038599662734, "C111": 242.67336589544985, "C112": 233.67454570522068, "C113": 240.1835368711243, "C114": 250.00017580516877, "C115": 240.1085901721012, "C116": 233.4789124129078, "C117": 237.153077275098, "C118": 239.06474526392762, "C119": 237.39555485264293, "C120": 231.7909497526782, "C121": 231.6622599903008, "C122": 247.63733945038112, "C123": 229.51650969439254, "C124": 234.38988708115437, "C201": 249.72136664947337, "C202": 235.36959057544018, "C203": 244.55827213904712, "C204": 246.35622106730602, "C205": 235.46353046305515, "C206": 238.66690566961526, "C207": 249.99359788220337, "C208": 246.1936576432498, "C209": 242.76906829820396, "C210": 235.059075776524, "C211": 233.09565007389656, "C212": 238.88484811187087, "C213": 242.2086915256211, "C214": 245.24535489003398, "C215": 233.5839827095119, "C216": 239.1985248377435, "C217": 235.930970291767, "C218": 238.81806852877543, "C219": 224.8244008398205, "C220": 238.44917787146255, "C221": 238.26053432962377, "C222": 235.56266711608964, "C223": 237.98332497522296, "C224": 239.96828047789518,