{"A101": 220.29896243189302, "A102": 203.72144177448195, "A103": 211.47312939712685, "A104": 223.42628761012006, "A105": 211.1056083919059, "A106": 203.18351745805757, "A107": 215.22886166499825, "A108": 223.5932974662143, "A109": 201.04865425766624, "A110": 214.69465330893814, "A111": 211.51502633405556, "A112": 212.66078456363945, "A113": 204.92220404764703, "A114": 214.7274062878419, "A115": 210.8348238940751, "A116": 209.09860212992353, "A117": 209.17614242388257, "A118": 227.9126758277043, "A119": 208.06832007496072, "A120": 215.61836505985602, "A121": 213.3776451060408, "A122": 225.17604382295016, "A123": 220.01158774027706, "A124": 206.52140989088153, "A201": 208.58659256539258, "A202": 219.06691840781056, "A203": 205.97697048626526, "A204": 207.16069142445122, "A205": 213.7535134091243, "A206": 213.1089109327294, "A207": 216.0705059969321, "A208": 212.02261673669716, "A209": 216.44696260859433, "A210": 210.23714013843295, "A211": 205.9882446606321, "A212": 221.05537814960147, "A213": 217.22168692742753, "A214": 202.4991346033425, "A215": 220.54503484028308, "A216": 206.6181238043865, "A217": 209.34267373578666, "A218": 213.48615408590456, "A219": 215.4400654713076, "A220": 216.76079920788104, "A221": 206.643693248009, "A222": 209.54668420755024, "A223": 222.30441008864315, "A224": 208.6468858013786, "A301": 209.86015109413603, "A302": 220.35586480108566, "A303": 207.75923945883184, "A304": 213.84744534487785, "A305": 218.25816345434467, "A306": 218.0534447350409, "A307": 220.16474402860192, "A308": 209.45007353408957, "A309": 203.98617243473208, "A310": 210.77076563020137, "A311": 220.00862992786477, "A312": 207.1705121857885, "A313": 221.82947518547036, "A314": 214.49678981986878, "A315": 212.51693015815877, "A316": 220.7954733579531, "A317": 201.85407557919746, "A318": 212.12875519702663, "A319": 207.9270126527643, "A320": 204.35944499929937, "A321": 194.53007534513895, "A322": 208.84746726559933, "A323": 205.96802502172832, "A324": 211.48944657848284, "A401": 216.3078666035673, "A402": 216.39485856154818, "A403": 209.69651581513494, "A404": 211.66400482902196, "A405": 220.94122343959015, "A406": 207.99041396205826, "A407": 208.59867115050295, "A408": 213.42419760367292, "A409": 207.74076540710143, "A410": 218.20122818807505, "A411": 217.4258181436881, "A412": 212.7060307886871, "A413": 201.05592775381038, "A414": 204.62818125630548, "A415": 222.23044029171268, "A416": 213.55859397374405, "A417": 225.6598636173563, "A418": 212.3093191513908, "A419": 205.31621008282616, "A420": 215.16888443678147, "A421": 208.11437994042078, "A422": 205.00831900038798, "A423": 208.50602780056636, "A424": 212.10360166293142, "A501": 206.0442148304954, "A502": 218.70490102921218, "A503": 223.32778823493408, "A504": 215.55972062726704, "A505": 212.12460191169782, "A506": 208.0753304452132, "A507": 220.2755195978082, "A508": 203.78846722325562, "A509": 213.449761170769, "A510": 210.9989024933314, "A511": 221.6181939849913, "A512": 209.5129061875132, "A513": 203.91000943890612, "A514": 212.85781383801879, "A515": 212.00317638247537, "A516": 219.56614155204144, "A517": 219.55769207805966, "A518": 210.70366267018974, "A519": 220.38410878678795, "A520": 222.58401634803383, "A521": 216.8068878176621, "A522": 207.3889772619749, "A523": 217.0300223021991, "A524": 215.24792089422377, "B101": 205.11128762081162, "B102": 205.4517360637329, "B103": 221.8345220907967, "B104": 205.6619177363613, "B105": 206.67655909837944, "B106": 223.44254391384777, "B107": 206.3186651906758, "B108": 212.65482304297572, "B109": 217.87419605768946, "B110": 207.75502561083314, "B111": 210.70603503131073, "B112": 218.3094841684183, "B113": 220.71784836447478, "B114": 214.937100934028, "B115": 204.9105294838103, "B116": 217.35270987239213, "B117": 219.43980544106827, "B118": 208.24110447409618, "B119": 213.9666380436277, "B120": 197.3521453430207, "B121": 219.8240254914314, "B122": 211.2233232784554, "B123": 205.37026143531585, "B124": 210.63709768127222, "B201": 208.88524124489504, "B202": 200.46754161597846, "B203": 223.55906448633993, "B204": 215.99516364397027, "B205": 218.38076832103337, "B206": 212.80467712865806, "B207": 206.4066176287233, "B208": 209.16834580456015, "B209": 212.77740952710437, "B210": 217.66868938892864, "B211": 200.59035695183528, "B212": 204.09647607341142, "B213": 208.9585428329879, "B214": 221.5569283748595, "B215": 222.47671864671852, "B216": 218.84484720989198, "B217": 217.61582151384687, "B218": 222.62100934751953, "B219": 218.01769484392105, "B220": 205.7790840182331, "B221": 225.6210003270524, "B222": 215.97752264504322, "B223": 212.28144213268996, "B224": 205.65489950491553, "B301": 214.66644567401988, "B302": 209.3238809347605, "B303": 209.52702706197607, "B304": 213.0799381265239, "B305": 215.43946327347157, "B306": 222.2539794376433, "B307": 215.56460085248696, "B308": 228.31266194338164, "B309": 212.39398396689302, "B310": 212.9584699206198, "B311": 228.136436854987, "B312": 209.8409020192196, "B313": 206.70614337052166, "B314": 202.06407829500608, "B315": 206.97697620382635, "B316": 216.58683632668684, "B317": 212.91238546708925, "B318": 223.0443370959226, "B319": 209.8453858650365, "B320": 216.3862469524512, "B321": 215.19216945760462, "B322": 216.28513903662372, "B323": 227.8502417296224, "B324": 215.13599981141058, "B401": 209.75691922764796, "B402": 209.5561805699169, "B403": 218.2458083657317, "B404": 210.16282542995927, "B405": 206.26250725911115, "B406": 224.60799053021867, "B407": 202.40447736169463, "B408": 214.94878986858248, "B409": 214.42305122220841, "B410": 209.97877820853736, "B411": 216.85189088918065, "B412": 217.00884348472067, "B413": 225.93427053231056, "B414": 216.8763786765189, "B415": 217.38750928465493, "B416": 210.0754227973816, "B417": 213.44062428274503, "B418": 215.37711696345372, "B419": 211.56999813500207, "B420": 205.2434613083751, "B421": 207.06515288283177, "B422": 211.929300813532, "B423": 213.00920183114138, "B424": 213.0793380836405, "B501": 217.8698851923287, "B502": 205.63958593001522, "B503": 201.52933767589914, "B504": 219.38096823275765, "B505": 204.8676913776271, "B506": 211.31067554701042, "B507": 215.89383565544463, "B508": 215.5646358612513, "B509": 216.5821673655367, "B510": 216.12109440886525, "B511": 205.70125742550442, "B512": 211.83463204968632, "B513": 223.13911657627887, "B514": 221.100208423488, "B515": 218.9448141155444, "B516": 219.22648348243283, "B517": 220.18685962914498, "B518": 227.1925767863383, "B519": 209.0300414886177, "B520": 218.40998174063589, "B521": 223.1944368903701, "B522": 216.04220324282724, "B523": 212.2518788285064, "B524": 218.13191624175494, "C101": 202.3177047213979, "C102": 212.56148122882553, "C103": 216.04677060811974, "C104": 215.8105299700675, "C105": 222.41538907282603, "C106": 213.79463935936656, "C107": 225.61664590147694, "C108": 214.6708234262715, "C109": 211.63854818282135, "C110": 215.00781609686112, "C111": 216.98960288410504, "C112": 206.43817114506263, "C113": 211.70277568727658, "C114": 222.12224557338507, "C115": 211.4577679711743, "C116": 208.70445923729037, "C117": 210.4864691835648, "C118": 212.23596304894545, "C119": 208.40203036562932, "C120": 207.67386196115464, "C121": 205.2288200751065, "C122": 215.88774251991777, "C123": 206.86195282491008, "C124": 208.37273522325629, "C201": 222.8207903908374, "C202": 209.99637959948998, "C203": 220.53675371391967, "C204": 217.3028791743662, "C205": 211.37433976462876, "C206": 214.27734353833083, "C207": 223.88226428542316, "C208": 216.65556647578106, "C209": 218.295847244719, "C210": 209.72584152627653, "C211": 206.3738519343375, "C212": 210.50960708800147, "C213": 215.95179230761354, "C214": 220.1115517087528, "C215": 207.27071595581015, "C216": 213.34691623194195, "C217": 212.39992731198402, "C218": 210.4929513414392, "C219": 201.2502859678783, "C220": 210.76188482876117, "C221": 212.0103308556729, "C222": 209.28417944349508, "C223": 212.65955123353606, "C224": 212.73399610276874, "C301": 220.52904352130386,