{"A101": 155.62885471211106, "A102": 138.7561115004018, "A103": 153.01203063341072, "A104": 159.22087309318522, "A105": 149.369983409961, "A106": 143.57587560835228, "A107": 148.27761739618816, "A108": 159.5169722622826, "A109": 141.98775294997733, "A110": 151.6179124799729, "A111": 147.17506662352997, "A112": 148.6159417891195, "A113": 143.04597276126958, "A114": 151.63226587278, "A115": 141.89823036487752, "A116": 146.55301143314486, "A117": 142.4015262219362, "A118": 162.54204681160343, "A119": 146.58277243423265, "A120": 149.1561570022378, "A121": 145.62399219935932, "A122": 154.5939988407102, "A123": 151.08104464751935, "A124": 147.55670497179716, "A201": 147.24925365721944, "A202": 159.25853080637006, "A203": 144.96109755990335, "A204": 147.05224965062217, "A205": 150.15036162037225, "A206": 149.45116124795115, "A207": 154.33824027552257, "A208": 149.67869350235716, "A209": 149.2082419865729, "A210": 145.41653677939016, "A211": 142.43699965096354, "A212": 163.82125221108015, "A213": 150.89290779840093, "A214": 142.1760298114511, "A215": 157.85035195389307, "A216": 143.2302244206717, "A217": 148.32348521444933, "A218": 152.1061415655825, "A219": 149.45678415547914, "A220": 143.7553537688466, "A221": 144.5351677763075, "A222": 142.004151550277, "A223": 155.9171170213459, "A224": 144.46320079270942, "A301": 139.68603688087555, "A302": 147.45900409247486, "A303": 146.49641463594392, "A304": 146.7455403132506, "A305": 152.60613518019375, "A306": 152.91043262516303, "A307": 150.74737337737002, "A308": 145.4121537664865, "A309": 142.08709841877203, "A310": 146.76972714916707, "A311": 152.01683885403236, "A312": 145.1661098827389, "A313": 159.40710427122656, "A314": 152.59821318380386, "A315": 152.21785766154505, "A316": 151.76957002230972, "A317": 138.07772198023383, "A318": 143.08072380154115, "A319": 142.62019827473938, "A320": 146.455664807086, "A321": 137.67049457380634, "A322": 146.91841729553522, "A323": 141.07636863882993, "A324": 146.6179417143026, "A401": 151.26695221093132, "A402": 151.85023937233794, "A403": 147.52142595413397, "A404": 147.4805650197489, "A405": 157.89211266054798, "A406": 147.2264877548688, "A407": 147.36958255766496, "A408": 149.57066967833399, "A409": 148.72415491163662, "A410": 158.3515657021564, "A411": 154.94609947682218, "A412": 145.60952137321297, "A413": 140.33728140854086, "A414": 140.2444267548639, "A415": 155.4584182199224, "A416": 150.07382379534943, "A417": 156.26642489286576, "A418": 149.22930348670752, "A419": 143.5464152381642, "A420": 153.95884411571515, "A421": 147.41213020737476, "A422": 144.36586127875603, "A423": 141.90079532403448, "A424": 154.289332078916, "A501": 144.92871740707142, "A502": 152.77506321853207, "A503": 157.23397322702385, "A504": 153.3551081874998, "A505": 151.42516949624772, "A506": 148.04385313304337, "A507": 155.97176933026194, "A508": 141.01830506853372, "A509": 147.19110809981615, "A510": 150.00011506308653, "A511": 157.50726943550774, "A512": 145.95777284839164, "A513": 140.00376989336408, "A514": 150.13940544665599, "A515": 145.75577960195537, "A516": 154.30787741215798, "A517": 154.13641492167042, "A518": 146.7035255522646, "A519": 150.160677268513, "A520": 153.3534870089011, "A521": 147.0926771801784, "A522": 145.73144798209822, "A523": 153.9078430715665, "A524": 150.383685415999, "B101": 146.98658978569105, "B102": 146.5988358617281, "B103": 156.37337369605586, "B104": 144.99021027521582, "B105": 139.39203086715037, "B106": 159.14599615334316, "B107": 146.80917801660283, "B108": 146.07949444720037, "B109": 153.13898827055405, "B110": 151.12219237774895, "B111": 148.64603225974494, "B112": 155.19797014921033, "B113": 158.49054483922018, "B114": 147.31225477949135, "B115": 145.71857135067827, "B116": 150.67473545480328, "B117": 154.7767975559166, "B118": 145.21704943818895, "B119": 154.51618595776418, "B120": 138.0945777583998, "B121": 156.35128930977845, "B122": 150.16720584547622, "B123": 142.53428728731663, "B124": 143.5568417893746, "B201": 146.91764644648902, "B202": 141.60795636802217, "B203": 160.36286152135966, "B204": 148.93701014747856, "B205": 148.12311170961388, "B206": 147.65570537054396, "B207": 144.7068074893489, "B208": 141.12976009728584, "B209": 148.54411878142955, "B210": 150.7548552946795, "B211": 143.0698403486832, "B212": 143.45993343072556, "B213": 149.1671368230943, "B214": 153.25167515583846, "B215": 158.2455832982569, "B216": 154.0083137970863, "B217": 159.02041271458205, "B218": 155.72056993620535, "B219": 156.4859252037108, "B220": 141.46268583424677, "B221": 154.0533956881042, "B222": 153.7205595276584, "B223": 152.31469757701817, "B224": 146.3720239369148, "B301": 150.5715569468958, "B302": 144.05656344318936, "B303": 149.73615633294335, "B304": 151.129634341154, "B305": 152.04764239075794, "B306": 160.39678879148497, "B307": 151.07602467751266, "B308": 160.97483437921682, "B309": 148.93722323042775, "B310": 148.57922947962, "B311": 159.0897034278982, "B312": 142.18032707684384, "B313": 144.04216542330119, "B314": 145.4444654219403, "B315": 146.61464580310604, "B316": 146.27971388358452, "B317": 144.31243524714975, "B318": 158.69516484569874, "B319": 149.16162304722656, "B320": 155.70746088858587, "B321": 150.22066051023177, "B322": 153.46360545217172, "B323": 161.30442385540698, "B324": 152.3108598120576, "B401": 147.29154717950036, "B402": 146.76668326280296, "B403": 149.25998757467812, "B404": 149.23802539283528, "B405": 144.87336353532544, "B406": 156.21366413561316, "B407": 142.21626506122652, "B408": 152.70176700504314, "B409": 151.49703666176475, "B410": 147.3078045215649, "B411": 151.5347707700029, "B412": 151.96824403372185, "B413": 157.9867005621312, "B414": 146.30388737975483, "B415": 154.88282375861982, "B416": 146.31054811679832, "B417": 148.22913005752062, "B418": 154.48299844454152, "B419": 147.29331290363507, "B420": 141.65531692238793, "B421": 145.4894485719647, "B422": 146.82094546636486, "B423": 146.540684660052, "B424": 144.95881802101707, "B501": 149.3878698223473, "B502": 142.65949508084182, "B503": 137.92117003792183, "B504": 152.6334418549768, "B505": 146.88403079740877, "B506": 146.44200983808958, "B507": 150.67557425147368, "B508": 148.48059507500938, "B509": 152.474924864108, "B510": 151.15875652350883, "B511": 145.65875698623853, "B512": 147.7485562202785, "B513": 155.37655624864817, "B514": 155.35337083548342, "B515": 151.21058716173567, "B516": 152.56108824198208, "B517": 155.51029519425737, "B518": 159.37945557654797, "B519": 148.96314279589868, "B520": 153.04164776370592, "B521": 157.82173274758915, "B522": 153.42135813145947, "B523": 147.4315270554157, "B524": 149.35290696459646, "C101": 142.77401225384148, "C102": 153.52647450630133, "C103": 147.883079850697, "C104": 153.42280748874308, "C105": 155.9080393011557, "C106": 149.66415099778558, "C107": 156.17834827324543, "C108": 146.87239161586993, "C109": 150.2122726990571, "C110": 154.83880744234412, "C111": 148.61303027833804, "C112": 144.24197710762311, "C113": 141.72584083783917, "C114": 154.03233804506408, "C115": 150.50538300581348, "C116": 147.8412518398255, "C117": 148.58888212231054, "C118": 147.91457109848804, "C119": 145.3087720499311, "C120": 142.62789585685474, "C121": 141.6497244973101, "C122": 148.16203578556218, "C123": 148.2868637397994, "C124": 147.43401661573466, "C201": 160.2604482977191, "C202": 148.38231891638236, "C203": 153.27310001518148, "C204": 150.21104528836602, "C205": 151.5238494639519, "C206": 152.73492289074835, "C207": 158.71900071078113, "C208": 150.14256315048507, "C209": 153.2072970887031, "C210": 145.02466008873515, "C211": 145.49828698458617, "C212": 146.0384483617357, "C213": 153.40851514580444, "C214": 156.2137910200364, "C215": 145.5474581956715, "C216": 150.67265581899903, "C217": 146.74731910494273, "C218": 152.44141648611608, "C219": 139.3315114865845, "C220": 144.05770311679822, "C221": 148.86074479423323, "C222": 144.07669170747516, "C223": 151.02089700203032, "C224": 148.12014807340566, "C301": 151.50754116733304,