{"A101": 304.86015417965075, "A102": 297.39322701682767, "A103": 304.57242384704625, "A104": 301.4299622026725, "A105": 305.4339008450055, "A106": 288.7641928207102, "A107": 302.5722440046806, "A108": 309.0822116901643, "A109": 278.49575661458533, "A110": 290.46716421037934, "A111": 289.79134074514684, "A112": 303.08192893188385, "A113": 292.9188816368563, "A114": 302.4619715637583, "A115": 298.6802711721609, "A116": 294.42096845497605, "A117": 295.8982821389112, "A118": 316.9186203699032, "A119": 299.8964646982961, "A120": 301.67926322464035, "A121": 292.1484885443251, "A122": 311.3613446336356, "A123": 302.1259592778606, "A124": 296.4035763467492, "A201": 294.57402954302165, "A202": 305.6800864043139, "A203": 299.46500244574247, "A204": 290.23355922076865, "A205": 298.20664384240314, "A206": 301.0864474514351, "A207": 302.20212261707263, "A208": 299.97214094572746, "A209": 300.8787681421161, "A210": 296.33623556518614, "A211": 290.98596420600165, "A212": 312.64555688519755, "A213": 307.91190030501997, "A214": 288.27944477461534, "A215": 303.959592568552, "A216": 293.8997705013438, "A217": 291.0428199170995, "A218": 297.90694730320365, "A219": 304.0000205136007, "A220": 310.1030358033469, "A221": 289.8100441843953, "A222": 294.1070520125401, "A223": 304.67337397628773, "A224": 290.84257451324953, "A301": 300.70271573143793, "A302": 300.78815432102044, "A303": 293.41440091350984, "A304": 298.01685546253213, "A305": 295.77219764381744, "A306": 300.5686391155818, "A307": 301.7321371147925, "A308": 307.2682383214317, "A309": 292.27211759193784, "A310": 303.2827577888805, "A311": 305.2579304729584, "A312": 291.3235115886101, "A313": 304.8469069563992, "A314": 302.54735611873525, "A315": 298.11380494344667, "A316": 311.01210173854867, "A317": 280.5554610158357, "A318": 293.6262541783526, "A319": 300.5231625603419, "A320": 291.5558063125073, "A321": 285.9749598608002, "A322": 301.6398763934668, "A323": 295.5673365734398, "A324": 297.36283303456514, "A401": 302.2951574075674, "A402": 297.8314249623623, "A403": 293.99738787223697, "A404": 296.89749077963364, "A405": 301.6186417142278, "A406": 294.04325781995914, "A407": 298.1862098354769, "A408": 294.31292180274994, "A409": 294.15319685434224, "A410": 302.899358329356, "A411": 302.86636537703515, "A412": 295.18398803092316, "A413": 283.67321839406225, "A414": 287.42829715678783, "A415": 307.60619180342366, "A416": 301.8032947619835, "A417": 303.7376954301696, "A418": 296.9322042883931, "A419": 286.6675438392689, "A420": 298.2859816527362, "A421": 292.1652787826236, "A422": 295.32617779426755, "A423": 296.0284167920188, "A424": 293.9988934333135, "A501": 293.3163543992329, "A502": 299.7598360557657, "A503": 304.09522526643485, "A504": 298.02519300589785, "A505": 298.06991590287515, "A506": 288.3873649817205, "A507": 307.96624208053095, "A508": 297.04572788244064, "A509": 303.31559736071773, "A510": 302.1151264345186, "A511": 304.9380553431783, "A512": 294.69132504836927, "A513": 295.36173753516124, "A514": 299.4657849508572, "A515": 298.6215220389209, "A516": 304.3198394900258, "A517": 304.04163977080543, "A518": 294.30905840778513, "A519": 308.2153915010728, "A520": 307.69066257943734, "A521": 309.04201666883637, "A522": 296.73943576699054, "A523": 300.4106978034426, "A524": 301.49495696889375, "B101": 287.618220419214, "B102": 291.09071601303526, "B103": 310.26832869724427, "B104": 292.58593183277736, "B105": 290.4004286717536, "B106": 303.95330131808123, "B107": 292.1488483921396, "B108": 296.42983335364147, "B109": 296.43373493630503, "B110": 294.29364232143604, "B111": 290.7954513674172, "B112": 306.9611954288897, "B113": 307.4477193997501, "B114": 304.51871472216993, "B115": 289.31758494489867, "B116": 299.9417584091793, "B117": 309.25164484707636, "B118": 303.29326511693387, "B119": 298.6238844477392, "B120": 284.39739226564313, "B121": 300.87908856144173, "B122": 295.64088781992325, "B123": 286.12696749976743, "B124": 295.9621587891427, "B201": 294.2637385933838, "B202": 284.7528404045795, "B203": 310.6050650212944, "B204": 304.82250378670153, "B205": 305.17067069801493, "B206": 299.7499084398895, "B207": 290.37977542622656, "B208": 290.97521770805076, "B209": 299.07217927801116, "B210": 302.10327605175223, "B211": 289.1576071742574, "B212": 291.41988990256414, "B213": 293.40135659537407, "B214": 310.1244742651196, "B215": 307.0177755718025, "B216": 301.5479927362771, "B217": 293.1374655970911, "B218": 305.9602521507928, "B219": 308.83890963877985, "B220": 287.0571919993755, "B221": 313.538536766713, "B222": 298.91039969950896, "B223": 303.1610767370548, "B224": 293.25547960155774, "B301": 300.35875664229405, "B302": 289.75259683710124, "B303": 290.6590720792293, "B304": 295.4529163709611, "B305": 301.85695518679233, "B306": 302.2532720421912, "B307": 302.30663198002924, "B308": 306.5929066076826, "B309": 300.18666693246706, "B310": 300.6354272526699, "B311": 310.96331068943607, "B312": 295.34858651657345, "B313": 293.0585154398129, "B314": 289.8143800926239, "B315": 288.87701443611684, "B316": 300.7287868911205, "B317": 299.6394828250749, "B318": 306.530486712093, "B319": 290.8354947715931, "B320": 303.06045987274337, "B321": 300.4791113380825, "B322": 297.8798826077478, "B323": 309.0631836846991, "B324": 304.79743367730623, "B401": 298.0111725629262, "B402": 289.14856379874004, "B403": 299.028139977591, "B404": 297.2699888911746, "B405": 291.6430336574235, "B406": 312.36245356902015, "B407": 285.35799931678673, "B408": 300.6296918371915, "B409": 303.9415921230474, "B410": 293.7355429085468, "B411": 303.1721947208516, "B412": 296.9946621045827, "B413": 306.708334389867, "B414": 299.19937056754173, "B415": 304.7701471287121, "B416": 298.0225348276547, "B417": 294.4864817516574, "B418": 296.356754183663, "B419": 292.7384485847495, "B420": 295.20919061951207, "B421": 288.01054312075047, "B422": 294.2362422701305, "B423": 298.114522353023, "B424": 303.26167204406113, "B501": 299.90275499443294, "B502": 289.9307665737818, "B503": 287.2512283211279, "B504": 307.62333723543276, "B505": 285.20527401419315, "B506": 301.88172693365357, "B507": 305.2092581118895, "B508": 300.0215085882049, "B509": 302.06006532757993, "B510": 300.191609413053, "B511": 293.47088246682034, "B512": 291.6631788508892, "B513": 303.35624797399583, "B514": 306.5587960142727, "B515": 296.9678267827561, "B516": 309.5130614269398, "B517": 304.269912343464, "B518": 311.1064126128189, "B519": 297.70773900306085, "B520": 304.9479482553267, "B521": 313.8711425213118, "B522": 301.7984078725172, "B523": 295.1600437643682, "B524": 297.68081918660863, "C101": 289.8252719999837, "C102": 297.68247956150617, "C103": 303.5821604993173, "C104": 299.79711815246765, "C105": 310.8168967786463, "C106": 303.18514781074464, "C107": 308.9278889989809, "C108": 299.55931472278627, "C109": 289.6757161585387, "C110": 302.62989102408517, "C111": 295.6253989406657, "C112": 291.9597365841025, "C113": 298.401928034597, "C114": 310.0645372961152, "C115": 298.8843105421893, "C116": 292.82921966813774, "C117": 299.6420810365747, "C118": 296.2076346946529, "C119": 297.79706206051105, "C120": 296.8372656029894, "C121": 289.8068761448908, "C122": 305.39321316587274, "C123": 286.86070309503395, "C124": 293.1460779963865, "C201": 306.30750350558094, "C202": 295.3243892802222, "C203": 302.8985479415646, "C204": 306.84408369094547, "C205": 297.8661443875467, "C206": 298.247179903256, "C207": 306.14535760395256, "C208": 307.07217288571957, "C209": 299.9864528466871, "C210": 291.9486287223996, "C211": 290.45983337121305, "C212": 293.7624527053898, "C213": 304.9177946264451, "C214": 303.51642132668997, "C215": 297.5076886489681, "C216": 293.21480770703783, "C217": 294.0625031497755, "C218": 301.13743537757676, "C219": 282.1320253040239, "C220": 293.00837240044194, "C221": 303.6952672187915, "C222": 295.7628346732419, "C223": 297.8081082117477, "C224": 299.73331210035246, "C301": 306.7616493879961, "C302": 292.77972595751805, "C303": 298.12934640513595,