{"A101": 252.59383966096513, "A102": 238.43490427508516, "A103": 245.26747803921313, "A104": 252.60583984470065, "A105": 243.74023581709213, "A106": 236.1737377766978, "A107": 244.24956865487695, "A108": 257.4405560688264, "A109": 232.21388177759192, "A110": 240.50995183853968, "A111": 241.16451331211042, "A112": 247.64899075219438, "A113": 240.69841975378378, "A114": 244.85182864727744, "A115": 246.0641775386806, "A116": 241.92884855018946, "A117": 243.94776091133943, "A118": 261.44928544834863, "A119": 242.91485618055862, "A120": 248.93999814410307, "A121": 240.67327735761745, "A122": 258.9973464201399, "A123": 252.28528837860728, "A124": 239.07510119054996, "A201": 242.15983692769254, "A202": 252.39604952401072, "A203": 245.99459465024256, "A204": 238.95539286355162, "A205": 244.46980466984036, "A206": 246.70280695217, "A207": 250.68093570254902, "A208": 242.76968674061618, "A209": 248.07287338223432, "A210": 245.86838400772305, "A211": 237.91659238431942, "A212": 254.60221391537144, "A213": 250.1581009922582, "A214": 235.3103573108663, "A215": 251.7640654863975, "A216": 239.1471114637967, "A217": 238.68455318897387, "A218": 243.13245761665365, "A219": 249.3496988146795, "A220": 251.80626856942263, "A221": 237.24561919214392, "A222": 240.55283171594309, "A223": 253.73606201336924, "A224": 240.1542498302644, "A301": 245.28520039126792, "A302": 247.98944275223818, "A303": 240.62903013208532, "A304": 244.65119107647482, "A305": 250.40768746468063, "A306": 247.3021695776999, "A307": 249.22478213554817, "A308": 246.0270784346114, "A309": 237.75041471357872, "A310": 244.5573403028857, "A311": 253.0260785244889, "A312": 239.2274487227044, "A313": 252.11091628805832, "A314": 246.77171412750312, "A315": 245.88326831084174, "A316": 252.82472996697655, "A317": 229.508641796763, "A318": 239.58348155477623, "A319": 244.01282048284537, "A320": 236.0141180236139, "A321": 229.4489921409803, "A322": 244.5830806691263, "A323": 237.22122994203346, "A324": 245.31874738416448, "A401": 248.98784782898076, "A402": 247.45538678504508, "A403": 239.63277425588808, "A404": 241.45108731487974, "A405": 251.2750877690856, "A406": 239.97328097946206, "A407": 243.7920463692274, "A408": 244.220874400029, "A409": 240.1804043807653, "A410": 253.21218946277818, "A411": 248.7516533924412, "A412": 242.7846306939646, "A413": 230.8205611887082, "A414": 233.34052561670785, "A415": 254.43775734498487, "A416": 248.95795564261834, "A417": 253.38024328500038, "A418": 246.09776541311192, "A419": 231.82293446504562, "A420": 248.1166449934774, "A421": 241.08708569098164, "A422": 237.89184259222148, "A423": 238.61310869258185, "A424": 241.16207454271571, "A501": 238.001292146951, "A502": 249.59699169630434, "A503": 253.35449554969614, "A504": 247.60956390106514, "A505": 243.4809159819748, "A506": 240.11596478352476, "A507": 253.47863785106372, "A508": 234.66261953274702, "A509": 245.62303528859007, "A510": 247.71376121819537, "A511": 251.58600808308978, "A512": 243.47784229165342, "A513": 235.33655804776313, "A514": 244.69476869540026, "A515": 247.6281379335786, "A516": 252.58280163099107, "A517": 251.2740555024891, "A518": 242.29706667249593, "A519": 254.9960400246558, "A520": 255.50216118511005, "A521": 250.84191680534678, "A522": 239.11848067094485, "A523": 249.9757125747523, "A524": 246.8874143852596, "B101": 238.50795560986984, "B102": 240.5790764412653, "B103": 253.39851116530048, "B104": 236.19448101980558, "B105": 238.82732127056826, "B106": 255.0585741894287, "B107": 239.12256028939302, "B108": 244.63924088121308, "B109": 248.01207561447865, "B110": 242.20147679158632, "B111": 239.7833883585377, "B112": 252.97953043685334, "B113": 253.64095742958614, "B114": 248.41788692224375, "B115": 236.96452168074825, "B116": 247.4250124090001, "B117": 250.5799273683307, "B118": 246.62137579749546, "B119": 243.28736426372635, "B120": 233.94707351106572, "B121": 251.38289880929867, "B122": 240.51351758072536, "B123": 236.64545183016978, "B124": 243.1843247455575, "B201": 241.40528773438447, "B202": 231.44141307186453, "B203": 254.62602532975745, "B204": 248.22173829907328, "B205": 252.01783077061202, "B206": 244.33899934451108, "B207": 237.74561415578813, "B208": 241.34589171117196, "B209": 243.1582554265013, "B210": 251.43517133767733, "B211": 235.42781700385288, "B212": 235.92704421698556, "B213": 241.20966960551084, "B214": 252.6022445985131, "B215": 256.1169163765739, "B216": 252.54494918857182, "B217": 247.15828248395545, "B218": 253.626722905841, "B219": 255.05324975479775, "B220": 236.26140032279162, "B221": 257.9686032918773, "B222": 252.54817749907326, "B223": 243.97344695932296, "B224": 235.67640522161707, "B301": 246.14884988589887, "B302": 236.33656483014892, "B303": 240.28776229430702, "B304": 242.6813005340585, "B305": 250.11970917509257, "B306": 253.45038570691457, "B307": 250.69364596126766, "B308": 257.42677273559224, "B309": 248.33043988738473, "B310": 244.5871698426895, "B311": 258.83148243772536, "B312": 242.17565524286567, "B313": 237.56694390296738, "B314": 231.11382447977465, "B315": 237.97137918723723, "B316": 247.04534344753668, "B317": 245.25868636868245, "B318": 252.82761362027068, "B319": 240.16999740178312, "B320": 249.15649941372448, "B321": 247.11567526371385, "B322": 250.72169090900408, "B323": 260.0037935530528, "B324": 248.58573843002176, "B401": 243.2478155996687, "B402": 238.0682740854596, "B403": 245.227419961998, "B404": 243.6021289002491, "B405": 240.90149501601383, "B406": 261.78845111507474, "B407": 232.82681561546306, "B408": 249.41839978830427, "B409": 247.15115575169298, "B410": 241.8700222487413, "B411": 252.47323523807503, "B412": 243.53357114573944, "B413": 255.92485863770682, "B414": 246.64345047717077, "B415": 252.8224838586309, "B416": 244.5962271969991, "B417": 244.7403731366503, "B418": 246.16390580431263, "B419": 241.62381274534206, "B420": 238.4233447576385, "B421": 236.26528364841099, "B422": 242.99577337004249, "B423": 245.49008394298315, "B424": 248.0389175285072, "B501": 247.20315483987247, "B502": 232.60347353229574, "B503": 230.1891958048067, "B504": 252.250485843893, "B505": 239.24174853423452, "B506": 245.44914363514908, "B507": 249.297559248428, "B508": 247.67543633581192, "B509": 250.1171352896515, "B510": 246.81809578072114, "B511": 241.41602540076534, "B512": 241.6451479228814, "B513": 250.51676369029227, "B514": 254.90231139315253, "B515": 249.93878437422674, "B516": 251.20613492245153, "B517": 252.86160409658407, "B518": 255.8106348006731, "B519": 239.2835305057492, "B520": 252.47989277277802, "B521": 256.7240835408142, "B522": 248.44817402348116, "B523": 244.07357936726206, "B524": 245.00358479441283, "C101": 232.30724723904146, "C102": 241.358991278972, "C103": 249.56479896400813, "C104": 244.45651234537237, "C105": 254.45432491359892, "C106": 246.2253530932663, "C107": 260.6635394827791, "C108": 249.67174206233616, "C109": 238.28830175586708, "C110": 251.87108315745306, "C111": 246.68098529088365, "C112": 239.69071887759102, "C113": 244.2103549238631, "C114": 255.0550618237761, "C115": 246.13831263586084, "C116": 239.6863756503742, "C117": 242.78197955401413, "C118": 243.3045779974145, "C119": 243.15206069931043, "C120": 239.16171532774695, "C121": 236.27803501736432, "C122": 251.45556527577568, "C123": 235.79786543283544, "C124": 238.97439941099447, "C201": 254.3890615173166, "C202": 239.63849286035423, "C203": 249.31115491993677, "C204": 252.2811955210818, "C205": 240.85762943257626, "C206": 243.5175790051911, "C207": 255.49836176307653, "C208": 250.095052152657, "C209": 249.0773707956115, "C210": 239.10008188867462, "C211": 237.7319971216174, "C212": 242.60776451266707, "C213": 249.4061019318748, "C214": 249.25223947604576, "C215": 239.82048145236342, "C216": 245.42043053121975, "C217": 241.6397743839423, "C218": 244.63321516971934, "C219": 230.0156428875612, "C220": 243.07904673581828, "C221": 243.9385044491988, "C222": 242.50124889033557, "C223": 244.35724556503558, "C224": 244.76490457946105, "C301": 254.41609778448745,