{"A101": 225.74802303902192, "A102": 209.50066792346493, "A103": 216.06878186051375, "A104": 227.5279973293942, "A105": 216.90586759691539, "A106": 207.69131579801783, "A107": 218.6776838408039, "A108": 230.4289952959562, "A109": 206.0950983564617, "A110": 217.91614674050066, "A111": 216.8398428906036, "A112": 218.01254834376564, "A113": 210.32961228522015, "A114": 219.51939878490253, "A115": 216.43022493664046, "A116": 216.17326903699845, "A117": 214.83034884990371, "A118": 232.67805301024802, "A119": 213.13564768136303, "A120": 221.24283985691866, "A121": 218.4303984184329, "A122": 231.15201405519326, "A123": 226.5038692177386, "A124": 211.5329345074519, "A201": 212.77137412259216, "A202": 222.78721596033174, "A203": 213.1296149368597, "A204": 211.6410163514192, "A205": 218.62866771528672, "A206": 218.9257715841832, "A207": 221.5183750520952, "A208": 217.33368125616065, "A209": 221.7470682579731, "A210": 215.59223421773672, "A211": 211.5406835128768, "A212": 226.7240884840296, "A213": 222.25296302379851, "A214": 209.3620826722402, "A215": 226.28619865789716, "A216": 212.8391866264885, "A217": 213.70309354601204, "A218": 219.02091740583347, "A219": 220.13579244768334, "A220": 223.29593342162144, "A221": 212.23735477991892, "A222": 216.39492357364108, "A223": 227.40642186859526, "A224": 214.8683349520492, "A301": 215.80992507585555, "A302": 224.38103800211917, "A303": 214.4577429441763, "A304": 218.72506279983443, "A305": 223.6583605727169, "A306": 222.5604088708513, "A307": 223.94206787495926, "A308": 215.6128822841454, "A309": 210.10230587719477, "A310": 217.18213508596028, "A311": 226.95349659369344, "A312": 213.45292969910432, "A313": 228.81422614323628, "A314": 219.0483285030815, "A315": 218.32143803750978, "A316": 225.60782202081373, "A317": 206.99352755864675, "A318": 216.33498850741637, "A319": 213.36540864176933, "A320": 210.32304284160358, "A321": 199.38289809752595, "A322": 214.61289866535992, "A323": 211.24176528430206, "A324": 217.66705296216304, "A401": 224.37170381519246, "A402": 220.64543696938094, "A403": 214.074685268055, "A404": 216.73340343174965, "A405": 225.75209656666925, "A406": 213.41737178233944, "A407": 214.12017439929684, "A408": 218.8882245872341, "A409": 212.28023255684806, "A410": 223.5699624753108, "A411": 222.93534505806136, "A412": 217.04155353401686, "A413": 207.55038638036706, "A414": 209.66286470325957, "A415": 226.81366772250558, "A416": 217.9042675109544, "A417": 230.42940295556383, "A418": 218.93186577583074, "A419": 209.598107773209, "A420": 219.92124716518788, "A421": 213.98029117794553, "A422": 210.3800059737031, "A423": 214.82655083518137, "A424": 216.01231651224208, "A501": 212.47686023602373, "A502": 224.40839879215002, "A503": 227.5978384481721, "A504": 222.57497062588826, "A505": 216.82600017653382, "A506": 214.93548019869664, "A507": 224.40843457801273, "A508": 209.09297046306688, "A509": 218.53633348928062, "A510": 217.35309644994933, "A511": 226.1975499814582, "A512": 214.901766388117, "A513": 209.9958990658633, "A514": 219.28476799876972, "A515": 218.4879055700352, "A516": 224.5174671830226, "A517": 224.93266534897052, "A518": 216.3025355991879, "A519": 225.64394158065608, "A520": 228.09495898780125, "A521": 221.82115975508415, "A522": 211.96314378823095, "A523": 222.84382794872687, "A524": 221.0901285756255, "B101": 212.02194539638708, "B102": 210.701286085331, "B103": 228.02478375642724, "B104": 210.95723505795564, "B105": 212.57761708789943, "B106": 227.49147837475184, "B107": 210.4059433086098, "B108": 218.99679054498097, "B109": 223.33195284866156, "B110": 214.19844180110596, "B111": 215.2455877505458, "B112": 224.28590103260493, "B113": 226.1194884443882, "B114": 219.9649075953516, "B115": 210.49994904178342, "B116": 222.59165612984245, "B117": 224.60381426472028, "B118": 212.8260379587703, "B119": 217.8707597394685, "B120": 203.82493668199842, "B121": 224.78598290772783, "B122": 215.2318845514169, "B123": 209.96422724564343, "B124": 214.84161403108698, "B201": 212.98837252296835, "B202": 204.587798051382, "B203": 228.39972738102256, "B204": 221.67569964167438, "B205": 224.69505211104885, "B206": 217.6220099892906, "B207": 210.7797892857368, "B208": 213.61523115825912, "B209": 218.3084579589306, "B210": 223.53875645136114, "B211": 206.7911580302266, "B212": 208.6817005877556, "B213": 215.74053789756815, "B214": 225.57224584169, "B215": 227.51683047662146, "B216": 224.137230132923, "B217": 221.27133795258317, "B218": 228.2268034702754, "B219": 225.71144709796198, "B220": 211.65033721198657, "B221": 231.62533632191824, "B222": 222.98987663121954, "B223": 218.13589401730098, "B224": 210.33753326057163, "B301": 221.19263345755132, "B302": 215.59777580455795, "B303": 215.58826336206744, "B304": 217.95095952928884, "B305": 221.42307715533832, "B306": 226.80985103005372, "B307": 221.61924937666024, "B308": 232.7387833675425, "B309": 219.08814619259277, "B310": 217.56449808054995, "B311": 234.50761920624643, "B312": 214.5516150636867, "B313": 212.33595953859938, "B314": 207.55527567026124, "B315": 211.7626092835366, "B316": 223.09058949584812, "B317": 216.86361282296443, "B318": 227.2244476538087, "B319": 214.34127396487926, "B320": 221.1932541389041, "B321": 220.03529778720943, "B322": 221.83045572496744, "B323": 232.85838905389187, "B324": 220.20561447266368, "B401": 215.38749837345566, "B402": 216.0834501226923, "B403": 223.82773213434982, "B404": 216.26870258096505, "B405": 212.87994096071475, "B406": 229.87477200620637, "B407": 207.26007003451477, "B408": 219.8341141629642, "B409": 219.96507102574517, "B410": 214.34862565732755, "B411": 221.01972446407532, "B412": 221.62670550823654, "B413": 231.30316322046846, "B414": 221.19240012613236, "B415": 223.62788895189905, "B416": 215.7763771659192, "B417": 220.2419495020177, "B418": 221.26062593435444, "B419": 216.62963732411788, "B420": 210.31099743348773, "B421": 212.9583537298129, "B422": 217.03357994006635, "B423": 218.97894058234226, "B424": 218.82469645388014, "B501": 221.93997090997564, "B502": 209.23472695328516, "B503": 206.908538877675, "B504": 226.10231699239577, "B505": 210.68677379533838, "B506": 217.74365030998604, "B507": 221.70401401310076, "B508": 220.2347252086058, "B509": 222.42323332481467, "B510": 221.56594120309867, "B511": 213.4595318081247, "B512": 216.45076785379342, "B513": 227.74437179817068, "B514": 228.65030007485728, "B515": 225.85728461262642, "B516": 224.74724596321607, "B517": 224.64267899159066, "B518": 233.282281690415, "B519": 213.13207555225472, "B520": 225.59356201265493, "B521": 229.66798693704652, "B522": 223.05521035164745, "B523": 217.28606921080163, "B524": 222.59822732915217, "C101": 208.54099582767384, "C102": 217.32335538348977, "C103": 220.83986173869113, "C104": 219.96406492932434, "C105": 227.2981230167008, "C106": 220.71055515133023, "C107": 233.4659334979893, "C108": 220.04654267464028, "C109": 217.54839042202303, "C110": 221.0866326527968, "C111": 222.8832054124212, "C112": 212.5610383495096, "C113": 218.01298027465666, "C114": 227.78413388382086, "C115": 218.55679199595068, "C116": 212.65509781107306, "C117": 215.17864376786534, "C118": 217.88527869368878, "C119": 214.51992525070642, "C120": 212.01957004848916, "C121": 210.36994263959724, "C122": 221.88308043085942, "C123": 211.0443585269434, "C124": 212.44539490218887, "C201": 228.09198470006635, "C202": 214.47358358581548, "C203": 225.43685347138418, "C204": 223.51197326448894, "C205": 215.42269248790885, "C206": 219.5472148911689, "C207": 228.96154948971474, "C208": 222.22143312977963, "C209": 223.7578468582986, "C210": 215.52951464430225, "C211": 212.92643468452727, "C212": 215.913130931069, "C213": 221.34725302389262, "C214": 224.58830859720914, "C215": 213.7871430055367, "C216": 218.08755122957453, "C217": 219.39830641223202, "C218": 217.45118611476627, "C219": 206.49536018961575, "C220": 217.01895331239743, "C221": 218.51999065024563, "C222": 214.78543058366557, "C223": 217.3284743663408, "C224": 218.77206138467437,