{"A101": 188.13446457643136, "A102": 170.56911658036017, "A103": 182.03604938873883, "A104": 191.09922966175128, "A105": 179.20125588221117, "A106": 175.47308263887552, "A107": 185.0978553127077, "A108": 190.25760070159848, "A109": 169.695963400101, "A110": 187.66937327794116, "A111": 178.05815162695063, "A112": 181.6099019026418, "A113": 170.59580369538077, "A114": 183.4136070217938, "A115": 173.26118882120824, "A116": 179.184315984239, "A117": 178.67269613651797, "A118": 192.79749407219762, "A119": 177.74318688221612, "A120": 183.69601082306477, "A121": 180.3511218300231, "A122": 187.95433881478127, "A123": 182.49734379275327, "A124": 178.9700933676792, "A201": 176.4374701041185, "A202": 188.50623098794057, "A203": 172.00780278906956, "A204": 178.02995301971524, "A205": 178.23287836449734, "A206": 182.70183630698398, "A207": 184.66689038638705, "A208": 179.0645802524289, "A209": 182.45610021908237, "A210": 179.0544983680997, "A211": 174.73551762384798, "A212": 192.04860577362214, "A213": 184.67472855235175, "A214": 171.56824888088113, "A215": 186.73997671922325, "A216": 173.19344057798156, "A217": 180.16094837854214, "A218": 180.10565287945687, "A219": 182.2904117076468, "A220": 179.41263283648703, "A221": 176.86295567540097, "A222": 174.1604693092321, "A223": 190.42130294373348, "A224": 179.8265957943186, "A301": 176.55581989479262, "A302": 182.679691399599, "A303": 176.4754925227011, "A304": 181.70142563587328, "A305": 185.7553490274498, "A306": 185.72385221413202, "A307": 187.20855392154107, "A308": 177.8852193516018, "A309": 175.2924962979651, "A310": 177.54998440356948, "A311": 187.50241363326046, "A312": 175.92898434295196, "A313": 191.55128212196172, "A314": 184.63599401082152, "A315": 179.32856948584921, "A316": 187.25497438922562, "A317": 168.36170558471554, "A318": 178.8183436450211, "A319": 176.48645412989882, "A320": 177.30760842456806, "A321": 168.47359709650596, "A322": 179.8802207990646, "A323": 170.16758680366488, "A324": 180.4686227677181, "A401": 180.90397861262545, "A402": 184.22165230962605, "A403": 178.5926547642583, "A404": 183.36665821525173, "A405": 189.31441470736286, "A406": 176.8779749983214, "A407": 177.04165413449954, "A408": 181.12236620453123, "A409": 177.86200357828534, "A410": 189.88107540734566, "A411": 185.89000795460305, "A412": 179.9846902512198, "A413": 172.03725932041897, "A414": 173.24329670488717, "A415": 186.8723696488213, "A416": 181.98319361588437, "A417": 194.1237154845082, "A418": 180.67361990187783, "A419": 173.45085216699806, "A420": 183.8765359827774, "A421": 179.28277374271528, "A422": 174.71032543140592, "A423": 176.1131461112566, "A424": 183.48921701884672, "A501": 174.72645369824446, "A502": 185.43725570884584, "A503": 191.62054309898588, "A504": 184.2702233953078, "A505": 178.1115890303916, "A506": 178.5996516310131, "A507": 189.2842801590197, "A508": 171.29742569170304, "A509": 184.11332392570142, "A510": 180.5230057120103, "A511": 189.69696783807345, "A512": 176.30734391493482, "A513": 173.4880895391475, "A514": 180.749222156415, "A515": 178.4638575781111, "A516": 188.2455596725109, "A517": 186.76703625931134, "A518": 177.0919291471812, "A519": 182.91618962626504, "A520": 188.0532299428806, "A521": 181.6940458509515, "A522": 175.88126107899973, "A523": 183.0942227944604, "A524": 181.30388453024304, "B101": 178.59241628013234, "B102": 173.94204135203276, "B103": 188.55681514896395, "B104": 171.71539518333321, "B105": 173.09726956420658, "B106": 192.2452810368778, "B107": 178.8855255026345, "B108": 180.1641206350689, "B109": 184.56479102711356, "B110": 178.60461725885708, "B111": 181.17415339191078, "B112": 187.07477962009725, "B113": 190.55247577494708, "B114": 180.42548526954258, "B115": 174.79814716830342, "B116": 181.19764179150295, "B117": 188.77871299646299, "B118": 175.01260296788843, "B119": 181.01086909910282, "B120": 166.68590260502089, "B121": 191.76100678044398, "B122": 179.61108034316, "B123": 177.25841330187785, "B124": 172.57912722600264, "B201": 176.25397452586625, "B202": 169.4318245989726, "B203": 192.29782446489253, "B204": 182.50682129036156, "B205": 183.60258748341812, "B206": 178.56382386619646, "B207": 176.85065788702136, "B208": 175.0764489989541, "B209": 181.92259888898127, "B210": 183.93444932036053, "B211": 173.16428386008423, "B212": 171.2858837050119, "B213": 177.20978513187086, "B214": 186.3432872303134, "B215": 189.89050553071627, "B216": 184.78860497658897, "B217": 184.60382284911898, "B218": 187.6241527811049, "B219": 188.99762947708953, "B220": 174.34431155234654, "B221": 193.1640318446932, "B222": 186.38304126510184, "B223": 184.61682740164957, "B224": 178.64178537014837, "B301": 180.61440302123856, "B302": 175.5890876301031, "B303": 179.93969501644895, "B304": 181.61041668149252, "B305": 183.77377825690024, "B306": 192.84297719423913, "B307": 183.480565019245, "B308": 195.32202844525492, "B309": 181.1781267561177, "B310": 182.94359330582074, "B311": 194.30817842753228, "B312": 177.2560350324393, "B313": 172.76891226602692, "B314": 175.2641206507365, "B315": 175.8293741358148, "B316": 185.80209278351424, "B317": 177.47773153769734, "B318": 191.53859653782624, "B319": 177.87064418521413, "B320": 184.42226204450594, "B321": 180.1342995499949, "B322": 183.5630280208433, "B323": 194.55716996811103, "B324": 183.4291584012119, "B401": 178.39919225673435, "B402": 179.03945401463545, "B403": 183.49397595222882, "B404": 179.77356740785885, "B405": 173.5911774135184, "B406": 190.23185680082358, "B407": 173.73324588113962, "B408": 181.47454897953432, "B409": 179.72236565549164, "B410": 181.62346374353652, "B411": 184.96915864613766, "B412": 182.49567066260082, "B413": 191.7841170758638, "B414": 180.53186498215373, "B415": 187.63957282361991, "B416": 178.5395538085651, "B417": 182.34357886961604, "B418": 185.1999496052071, "B419": 176.99907834226735, "B420": 171.7815736482965, "B421": 174.17248172633572, "B422": 180.219590269065, "B423": 177.82013306293348, "B424": 178.879507169274, "B501": 181.36757983600612, "B502": 174.55545753289474, "B503": 169.6549464223753, "B504": 184.93367940844027, "B505": 177.8580230510933, "B506": 179.25103846590957, "B507": 182.62258641606982, "B508": 178.82710958186223, "B509": 182.92702628522986, "B510": 184.45603940118107, "B511": 176.64610331396568, "B512": 182.90350632605723, "B513": 187.43642974359892, "B514": 186.71056930708056, "B515": 185.1709613274569, "B516": 189.17898723825115, "B517": 186.96921402231578, "B518": 194.21194342144034, "B519": 180.33642470391297, "B520": 183.8097547983183, "B521": 190.52989982892413, "B522": 186.41006738025112, "B523": 183.8068242531242, "B524": 183.91419611102333, "C101": 171.09656199167495, "C102": 181.69630891377415, "C103": 181.42764985782767, "C104": 183.34558178607213, "C105": 188.15408508142525, "C106": 182.30124695500604, "C107": 189.99445436817527, "C108": 181.70240137145822, "C109": 179.54411240613402, "C110": 185.71824958204255, "C111": 183.42158836741459, "C112": 172.88022006750936, "C113": 176.01143328154163, "C114": 186.75001956905518, "C115": 182.74742273150147, "C116": 178.10610156886892, "C117": 176.74801726846053, "C118": 179.7789408347055, "C119": 177.8431475839003, "C120": 173.4830127223928, "C121": 175.5615373591377, "C122": 183.7379780701544, "C123": 176.44432276360052, "C124": 175.82694633264646, "C201": 188.34449043616124, "C202": 178.36898529534983, "C203": 185.69489523442311, "C204": 183.3287995993571, "C205": 182.50891143115305, "C206": 184.45832069550025, "C207": 189.9713392613367, "C208": 183.0810647484086, "C209": 187.06940533474094, "C210": 175.25354903209555, "C211": 176.77815400345486, "C212": 177.00489064874054, "C213": 185.3336771927737, "C214": 189.92508643660562, "C215": 177.49223429993384, "C216": 181.1486285912929, "C217": 175.88556024402791, "C218": 179.64792325953871, "C219": 169.56182923544003, "C220": 173.87094882626394, "C221": 182.22520304594627, "C222": 173.655475741536, "C223": 180.96643593937966, "C224": 178.83481901649202, "C301": 185.93889661319594,