{"A101": 6.21825799591981, "A102": 4.516517629144727, "A103": 6.790331609584285, "A104": 4.650366862858945, "A105": 5.401690809902373, "A106": 5.370352451162127, "A107": 5.903057654978419, "A108": 5.7824289512172395, "A109": 3.92446830960501, "A110": 5.534835553338816, "A111": 4.984855498789644, "A112": 6.379214657285578, "A113": 4.264568253199421, "A114": 4.1360740712782285, "A115": 6.316379801963529, "A116": 3.2968183178507866, "A117": 5.672137180838218, "A118": 7.54571896816607, "A119": 5.573887371748264, "A120": 5.0520270673455805, "A121": 7.381300969331178, "A122": 4.838150499672457, "A123": 4.013652395884673, "A124": 4.342614103375902, "A201": 5.066667422886397, "A202": 6.976120888503444, "A203": 7.0019333009103395, "A204": 4.473577145775521, "A205": 5.271756425932989, "A206": 5.70339419693908, "A207": 5.866086653444533, "A208": 7.323710805720338, "A209": 5.585914576534051, "A210": 6.220092856501691, "A211": 5.1562202975633715, "A212": 5.804489694185503, "A213": 6.115498567307352, "A214": 4.38024459561165, "A215": 5.824698182133767, "A216": 5.497674492295806, "A217": 5.414916973920729, "A218": 6.909178563400838, "A219": 5.953691845929654, "A220": 5.5370278659384455, "A221": 5.551875116272482, "A222": 6.059068564575224, "A223": 5.155575156972185, "A224": 5.391857526399736, "A301": 4.123749792684892, "A302": 4.426621474771599, "A303": 4.080092428285763, "A304": 5.622753916451878, "A305": 4.130283666636155, "A306": 5.623683260524163, "A307": 6.63406538266268, "A308": 4.985867011702063, "A309": 5.532727040574806, "A310": 5.411115335243454, "A311": 5.1935569128489885, "A312": 5.407642899319429, "A313": 5.848102252049552, "A314": 6.652422184923665, "A315": 7.0264480741612125, "A316": 5.855201414252475, "A317": 4.164286347827144, "A318": 4.736365317699812, "A319": 6.230489153623702, "A320": 3.50266977535125, "A321": 5.134353942196865, "A322": 4.9224494780322985, "A323": 4.433770489878237, "A324": 6.830965816322643, "A401": 5.572864774640916, "A402": 5.269611124095247, "A403": 6.486057818900362, "A404": 3.323406400109884, "A405": 5.402159900068299, "A406": 4.729919733922948, "A407": 5.6868800926916965, "A408": 5.366040296189309, "A409": 6.552060237691073, "A410": 5.093241155125851, "A411": 7.249802115730159, "A412": 5.270604843922017, "A413": 5.803132605342549, "A414": 7.416575734459231, "A415": 6.415482930667706, "A416": 5.257564598799684, "A417": 5.300364848937158, "A418": 5.530791329899681, "A419": 3.861451463150536, "A420": 7.141409699912863, "A421": 4.969798533612639, "A422": 3.2499084869277883, "A423": 5.765281296151642, "A424": 6.562133342043257, "A501": 3.7566291052573026, "A502": 6.318079550613485, "A503": 6.775821244614385, "A504": 6.568130182999672, "A505": 6.423179022287055, "A506": 5.854650852134682, "A507": 6.450465907397609, "A508": 5.424408854807698, "A509": 5.216904828691616, "A510": 5.122232149375009, "A511": 4.384953120344578, "A512": 4.0409219232681775, "A513": 4.759308558162832, "A514": 5.040807100184104, "A515": 6.164682242067532, "A516": 4.856100381066481, "A517": 6.294942562168016, "A518": 5.648188287648506, "A519": 6.160146329782748, "A520": 3.994515270013211, "A521": 4.693776563753085, "A522": 4.723537832211477, "A523": 5.310266978734802, "A524": 4.612085413611476, "B101": 5.3808867349188, "B102": 6.241769199123902, "B103": 5.219117458508329, "B104": 4.438838429202764, "B105": 5.172995097226007, "B106": 6.302956729475242, "B107": 4.71919424200459, "B108": 4.678324666392296, "B109": 5.446162820457431, "B110": 4.62160760300888, "B111": 5.4490106775740585, "B112": 7.104072562577198, "B113": 6.168003004810036, "B114": 4.664667197123061, "B115": 4.474793841336462, "B116": 6.985681404826705, "B117": 5.456967222599889, "B118": 4.885668469410216, "B119": 7.461989917634704, "B120": 6.882875573970887, "B121": 5.479249972919048, "B122": 5.323016877350036, "B123": 6.183952372097243, "B124": 5.6470370459307, "B201": 6.098947835288339, "B202": 4.934410320301223, "B203": 7.23764270484318, "B204": 6.918169144862117, "B205": 4.925289725586804, "B206": 6.960500061278074, "B207": 6.405682547505258, "B208": 4.138620129742647, "B209": 6.236734227381021, "B210": 4.763220422293162, "B211": 5.835617165838121, "B212": 5.0841335605719005, "B213": 4.841924084528394, "B214": 5.962554318707745, "B215": 5.566874348216276, "B216": 5.807853587516378, "B217": 4.903683085256422, "B218": 4.0801472648402655, "B219": 5.343859191417732, "B220": 4.254977018436168, "B221": 6.545772081576894, "B222": 4.947465635444043, "B223": 5.660006136206073, "B224": 5.838134051804792, "B301": 5.3467379258319845, "B302": 3.9331173492487803, "B303": 5.144230486451053, "B304": 4.565995873855725, "B305": 3.7325358569524965, "B306": 3.446028055605585, "B307": 3.671928380586218, "B308": 5.277608445516846, "B309": 6.681615706295281, "B310": 4.701177756527244, "B311": 4.986311216403137, "B312": 5.520419350279886, "B313": 5.346458943472509, "B314": 5.5848503570043615, "B315": 5.487514731259126, "B316": 6.498289084310694, "B317": 5.144384537598236, "B318": 5.419877223477035, "B319": 4.906966800783028, "B320": 5.490786151236948, "B321": 4.357883534153936, "B322": 4.421558306136379, "B323": 6.348718377836415, "B324": 6.897303701269454, "B401": 6.203455928453371, "B402": 6.4280877835922965, "B403": 6.146906454377531, "B404": 6.175473427204013, "B405": 5.5979691423504905, "B406": 3.747980999591854, "B407": 5.654986507491884, "B408": 5.735455796618805, "B409": 7.2062094312707465, "B410": 4.378354503370954, "B411": 6.011717055613635, "B412": 5.580836177084795, "B413": 4.7895238172462005, "B414": 6.267535858438244, "B415": 6.358454684060031, "B416": 4.655921338486367, "B417": 3.9231996741220865, "B418": 6.4361480217528975, "B419": 5.533743848918414, "B420": 5.874953521169502, "B421": 5.948218859428495, "B422": 6.6347771701698175, "B423": 5.208015750221932, "B424": 5.9946399555374414, "B501": 4.679252056601432, "B502": 3.6186342131696416, "B503": 4.588664254073911, "B504": 5.253121557021563, "B505": 5.306965584327514, "B506": 6.6696847258661585, "B507": 5.629470871236049, "B508": 6.971402996655991, "B509": 4.764170970173859, "B510": 4.353922051844783, "B511": 5.269543340576025, "B512": 4.806136943783662, "B513": 5.17683234475289, "B514": 7.078988256923271, "B515": 5.4575939119118155, "B516": 6.285461957271373, "B517": 6.716059948270026, "B518": 5.13451941347468, "B519": 5.695433317726579, "B520": 4.91199954849883, "B521": 4.787595592537707, "B522": 5.557921502928549, "B523": 6.214173252057472, "B524": 5.630153114999288, "C101": 5.19444621463131, "C102": 6.2629523866174885, "C103": 3.8528055108838757, "C104": 4.575848960868292, "C105": 4.219196538352326, "C106": 5.723525381847335, "C107": 7.557397093057842, "C108": 4.357584203668102, "C109": 4.1183203553625845, "C110": 4.957743236145832, "C111": 5.778919018017607, "C112": 5.664226058827716, "C113": 6.710354961162798, "C114": 4.794300514493242, "C115": 4.217257487123048, "C116": 6.146553772371203, "C117": 4.928208226342382, "C118": 4.045625484328039, "C119": 5.629330289443441, "C120": 6.603935029556753, "C121": 4.040364962653992, "C122": 5.2035680002810425, "C123": 4.465427307302241, "C124": 4.638795347559065, "C201": 6.568143022921692, "C202": 6.475719943476305, "C203": 4.041260587464369, "C204": 5.2232684176409325, "C205": 4.443999902941818, "C206": 6.300457889604272, "C207": 5.738886686365207, "C208": 6.503087669170299, "C209": 4.893358909100058, "C210": 6.247216764732945, "C211": 5.452417767940452, "C212": 5.597139747133941, "C213": 5.351122282637526, "C214": 7.0796780373605195, "C215": 4.25217981260548, "C216": 4.967158780560785, "C217": 6.549998287307174, "C218": 5.893820446408959, "C219": 4.941568191692017, "C220": 5.099460997474442, "C221": 5.027046128758628, "C222": 5.869010789250581, "C223": 3.64766803285593, "C224": 4.405580692241879, "C301": 4.911974894836527, "C302": 5.523011479945319, "C303": 6.555915336919045, "C304": 6.142259836910442, "C305": 5.923860609357856, "C306": 5.920946186486605, "C307": 6.902822932368134,