{"A101": 28.839949877166212, "A102": 25.1798969752484, "A103": 27.57434040438208, "A104": 28.59158021409912, "A105": 26.34459668004142, "A106": 26.315259172899935, "A107": 25.385536100127485, "A108": 31.137688371174935, "A109": 26.601042265459675, "A110": 28.60209310282938, "A111": 24.94771427552076, "A112": 27.213985263200396, "A113": 27.33925082384029, "A114": 26.201690909815383, "A115": 30.881914158090808, "A116": 23.785590069297022, "A117": 24.381694011849106, "A118": 31.44271538466882, "A119": 26.6454022752283, "A120": 28.056066248174844, "A121": 29.34577427831854, "A122": 28.58198391686403, "A123": 27.369202945900327, "A124": 23.5106363092482, "A201": 25.567566735227523, "A202": 29.99450063514693, "A203": 29.476594183577326, "A204": 24.38707880089712, "A205": 28.772792755669926, "A206": 25.495178925826696, "A207": 23.994163983329695, "A208": 27.9745645617178, "A209": 25.676475410481785, "A210": 25.18159923726356, "A211": 24.50220854973018, "A212": 30.027203489312154, "A213": 26.804015240425617, "A214": 26.48473613316026, "A215": 30.28320546594715, "A216": 26.090466141179235, "A217": 26.85746050905562, "A218": 27.129676643275634, "A219": 26.668853561886507, "A220": 24.7759925684978, "A221": 24.928517737167734, "A222": 29.07910677016985, "A223": 25.691898974186152, "A224": 28.484627082650267, "A301": 25.859693420819045, "A302": 26.20328282116441, "A303": 25.984745384660897, "A304": 26.105263533682304, "A305": 26.86905130464342, "A306": 26.111279207793544, "A307": 28.425254072252898, "A308": 23.666761310453232, "A309": 27.671095185088866, "A310": 27.51540077546486, "A311": 24.810178317443004, "A312": 23.667578644572323, "A313": 32.76714521474026, "A314": 31.02561624256736, "A315": 28.04476069037324, "A316": 31.483838443430194, "A317": 21.481924008914206, "A318": 24.424057629980048, "A319": 27.93764563329468, "A320": 23.741421421535048, "A321": 25.672526665879065, "A322": 24.016448445809885, "A323": 23.3611435817156, "A324": 28.493392891174743, "A401": 25.422242536568326, "A402": 30.108367392554793, "A403": 28.391980582933165, "A404": 23.302869660062413, "A405": 27.811659316329422, "A406": 24.87689810943394, "A407": 25.09736281686857, "A408": 25.838490211812406, "A409": 27.75018381395057, "A410": 30.195561091104096, "A411": 28.393447386909582, "A412": 24.026615741821722, "A413": 28.03349944222514, "A414": 25.6229970192876, "A415": 27.29143084499845, "A416": 24.72376884310723, "A417": 29.849406687593657, "A418": 28.416323285007458, "A419": 25.478816293656607, "A420": 28.469615200860986, "A421": 28.15713326688863, "A422": 24.25216319354291, "A423": 20.86555855902102, "A424": 25.820779337575367, "A501": 25.6146820876887, "A502": 25.45148847942947, "A503": 28.202685275695693, "A504": 28.625414525793616, "A505": 26.650096093502917, "A506": 28.882968504119667, "A507": 25.450941426559197, "A508": 23.52335414283426, "A509": 25.24205044523639, "A510": 27.50902507959257, "A511": 25.8717744140442, "A512": 24.20534889651382, "A513": 25.947137297009775, "A514": 27.213144441365507, "A515": 27.77659796812514, "A516": 26.798695938164915, "A517": 28.41412262106037, "A518": 29.142318479848036, "A519": 26.557268785993795, "A520": 22.708392046396323, "A521": 29.31479906184549, "A522": 26.948110994301047, "A523": 28.708205314384, "A524": 28.328519064697133, "B101": 27.209982601400526, "B102": 27.245882466040307, "B103": 27.192992627999693, "B104": 23.97673342378721, "B105": 24.65454423990658, "B106": 27.218798123880244, "B107": 27.91347778808838, "B108": 23.73909305311921, "B109": 27.203300520730423, "B110": 25.32772940938502, "B111": 25.00749840853225, "B112": 30.660825495701012, "B113": 28.350395989594936, "B114": 25.935290535035126, "B115": 23.57608907496124, "B116": 27.836907573700522, "B117": 23.077511050520844, "B118": 25.99767631803631, "B119": 30.720132892180455, "B120": 23.860103320526026, "B121": 27.233755193960928, "B122": 24.072278786413744, "B123": 27.752830414348093, "B124": 27.079942019751154, "B201": 25.888352786475846, "B202": 26.0984366602973, "B203": 27.51479013864982, "B204": 28.010156824262975, "B205": 25.342094060278235, "B206": 29.95870575877953, "B207": 25.884581913161824, "B208": 23.97807136928028, "B209": 27.84895384331974, "B210": 26.913777062469563, "B211": 26.346956010589288, "B212": 23.77608874875863, "B213": 24.608705440770414, "B214": 28.856274851276318, "B215": 30.457094773344544, "B216": 28.155548300084504, "B217": 28.65107053524447, "B218": 26.15603502614866, "B219": 25.202037220133665, "B220": 27.394996517460143, "B221": 30.56318755094572, "B222": 28.777966961802758, "B223": 26.33713001217847, "B224": 26.893191506758082, "B301": 27.786097577834344, "B302": 20.601379258195085, "B303": 25.05089696478366, "B304": 24.675741030089412, "B305": 25.529442025251317, "B306": 22.91476044304173, "B307": 23.104788786081322, "B308": 26.074259921241545, "B309": 27.4856636139648, "B310": 27.85088635884928, "B311": 28.374487810818298, "B312": 25.471958769608584, "B313": 27.777877290898086, "B314": 26.301091746858347, "B315": 26.449866015931406, "B316": 27.24104478881323, "B317": 27.78294083902198, "B318": 27.82228868709212, "B319": 27.15280252736187, "B320": 29.768647180115426, "B321": 24.080761756108885, "B322": 25.444350572720786, "B323": 26.383738539850544, "B324": 29.031165465627996, "B401": 26.55403866873643, "B402": 25.29207639004186, "B403": 26.961872043382044, "B404": 29.29773848886771, "B405": 28.333564412825172, "B406": 25.863966102395043, "B407": 26.738774607862442, "B408": 26.820172586079316, "B409": 27.650186751380172, "B410": 26.37817162894654, "B411": 28.42861491343749, "B412": 27.093388488195732, "B413": 29.539914447703413, "B414": 27.70396443445762, "B415": 28.816294786518345, "B416": 26.67414358432411, "B417": 22.329168463182242, "B418": 29.078046281214345, "B419": 28.097737243933466, "B420": 26.260077298506634, "B421": 24.496559788171425, "B422": 27.357224528055266, "B423": 24.206372530884803, "B424": 26.943701995039252, "B501": 27.53979684045558, "B502": 23.78369810532361, "B503": 24.347665479261522, "B504": 27.98104159884418, "B505": 25.415134055420214, "B506": 29.887488041124314, "B507": 26.68323466070953, "B508": 27.920141799575827, "B509": 29.021280091367466, "B510": 23.675271507281934, "B511": 27.25219723260618, "B512": 26.175955868170874, "B513": 25.254047630115974, "B514": 27.213346695896526, "B515": 26.38149645073703, "B516": 22.825293355979674, "B517": 31.252384411506647, "B518": 28.826814456721728, "B519": 28.796675393123607, "B520": 26.01846831252974, "B521": 28.01009153958915, "B522": 29.149763948090104, "B523": 26.36480351549252, "B524": 26.03788949503224, "C101": 26.951104537349156, "C102": 27.923559847848434, "C103": 28.55832204836123, "C104": 25.019601327866866, "C105": 25.798370948386538, "C106": 30.339276410531077, "C107": 31.66616412603216, "C108": 24.169003970376835, "C109": 22.862534761224083, "C110": 27.898536519998544, "C111": 25.892260455628097, "C112": 24.906332416656827, "C113": 27.44465192112841, "C114": 25.31983213193893, "C115": 26.476019572598243, "C116": 27.403426599700207, "C117": 25.329941448641442, "C118": 27.027041079922412, "C119": 25.80545646312372, "C120": 26.575671036191416, "C121": 24.223551256298023, "C122": 28.845547797572713, "C123": 27.50823928834319, "C124": 24.90989878153896, "C201": 24.553274444143796, "C202": 27.80838445594037, "C203": 27.62313122949882, "C204": 25.65212494648238, "C205": 25.634892381949253, "C206": 31.071120828773722, "C207": 25.019356699221195, "C208": 27.07807963737994, "C209": 27.155533781709273, "C210": 27.635139230773717, "C211": 25.540046855011656, "C212": 25.713663522307016, "C213": 31.221596425653306, "C214": 31.6258294124693, "C215": 23.51664641765197, "C216": 27.113538199155144, "C217": 26.62544148677314, "C218": 29.64878904838437, "C219": 24.30343335019681, "C220": 28.670520461609957, "C221": 27.1396285967848, "C222": 28.531519873782948, "C223": 25.90444625631732, "C224": 26.088522605425066, "C301": 28.076062559035464, "C302": 27.23790722154466,