{"A101": 89.15739600840001, "A102": 77.38502403458978, "A103": 85.61725535966711, "A104": 92.3067950844284, "A105": 82.90183482965737, "A106": 79.18687444186178, "A107": 84.48679072953607, "A108": 91.53057593968512, "A109": 81.70514342981161, "A110": 91.42153593529538, "A111": 82.03224957269917, "A112": 89.42323674571044, "A113": 86.041091352764, "A114": 82.07205372374163, "A115": 80.52714698398482, "A116": 83.15536919741633, "A117": 81.98768189401272, "A118": 96.24227963702631, "A119": 83.9270385255853, "A120": 90.41726552588499, "A121": 86.7531011278314, "A122": 89.61516641430649, "A123": 89.0308768112139, "A124": 84.34010341764164, "A201": 79.55003614315115, "A202": 92.83634983831038, "A203": 85.32540605745898, "A204": 84.94470943178149, "A205": 86.16328976901087, "A206": 87.05344957377176, "A207": 88.16460749977297, "A208": 89.16460795862203, "A209": 84.72261093118047, "A210": 82.75420990891615, "A211": 84.4201752348177, "A212": 96.31807425609905, "A213": 85.79423665482466, "A214": 85.35871162005292, "A215": 89.42386012945977, "A216": 80.78389350040501, "A217": 82.682696021579, "A218": 86.12546087834059, "A219": 86.66518479924608, "A220": 85.18596178285496, "A221": 79.42492240069335, "A222": 82.26770325736656, "A223": 90.38461656437705, "A224": 87.19814956955115, "A301": 78.21280728371828, "A302": 82.86101096499374, "A303": 83.91673194486314, "A304": 88.06397775784016, "A305": 84.64339737160924, "A306": 88.9837788836284, "A307": 85.54969724081286, "A308": 85.22064970329947, "A309": 80.10953334947779, "A310": 85.40644333668561, "A311": 84.6348840446966, "A312": 80.61861587696757, "A313": 95.27966888757753, "A314": 87.23665008391731, "A315": 83.44848395095148, "A316": 89.91601402599856, "A317": 79.25855850725061, "A318": 80.3682026643723, "A319": 81.14335008022617, "A320": 80.49580992712801, "A321": 78.58843965567918, "A322": 80.76031745512137, "A323": 78.45812104093727, "A324": 87.55874570775819, "A401": 88.36183926387301, "A402": 86.89084921779722, "A403": 83.3436373305709, "A404": 83.30127384929904, "A405": 88.47368669456002, "A406": 82.876187395698, "A407": 84.48342266303685, "A408": 82.98157535586056, "A409": 85.86717319162695, "A410": 94.99418457214904, "A411": 88.90157209625448, "A412": 82.91121169405127, "A413": 82.1807839252418, "A414": 78.5835037549156, "A415": 88.13442732864365, "A416": 84.05213479163312, "A417": 92.72044558762143, "A418": 90.13651450749877, "A419": 82.0832850510943, "A420": 87.94892443883957, "A421": 85.25224999043591, "A422": 83.30641363403551, "A423": 81.93156957030685, "A424": 84.37777550144565, "A501": 82.81088165858658, "A502": 87.26540607935384, "A503": 89.30076064870916, "A504": 89.71270997839532, "A505": 88.80307555725459, "A506": 85.79606995378772, "A507": 87.7682550216295, "A508": 80.32142291102268, "A509": 79.49355110117139, "A510": 83.04351503061002, "A511": 89.45731979650861, "A512": 82.91302231691039, "A513": 79.95658402522082, "A514": 88.83755406505293, "A515": 82.4010349588977, "A516": 87.45431138872077, "A517": 91.40045758552117, "A518": 84.09038031614679, "A519": 86.95519074658114, "A520": 83.39732692516012, "A521": 90.41832471036581, "A522": 86.81100933407646, "A523": 88.84777097500964, "A524": 88.01609224431276, "B101": 87.20270343098204, "B102": 90.3360646862695, "B103": 88.79377071322335, "B104": 81.86796011674537, "B105": 75.38122005796254, "B106": 92.47380164202457, "B107": 84.10598586522633, "B108": 81.78012546777684, "B109": 94.42987696740053, "B110": 88.12253612379466, "B111": 85.73823894523458, "B112": 91.27572629069928, "B113": 88.82462025582949, "B114": 88.23287305315924, "B115": 79.29372957111109, "B116": 86.34709412905275, "B117": 83.28847485702447, "B118": 80.27691091656838, "B119": 91.47694737282379, "B120": 77.08750182164601, "B121": 90.38783533626487, "B122": 86.63018581115738, "B123": 81.86701945111415, "B124": 83.64151952693314, "B201": 83.4973032803129, "B202": 80.87395640279038, "B203": 88.43333812805416, "B204": 83.9548707719608, "B205": 78.84335217300065, "B206": 87.82018132476749, "B207": 79.7152898584305, "B208": 78.43307250609672, "B209": 84.99641644832884, "B210": 84.95227583326583, "B211": 86.5535938048768, "B212": 81.41058873546696, "B213": 85.61644273724694, "B214": 87.66876803435137, "B215": 92.94717179423247, "B216": 91.55995883533606, "B217": 88.12819927190871, "B218": 88.9039608147096, "B219": 88.8367594747068, "B220": 84.80733191100089, "B221": 89.83084525419856, "B222": 86.26433318331809, "B223": 86.02020796084442, "B224": 84.93552021649859, "B301": 87.71439966027158, "B302": 75.55416804791525, "B303": 84.69578909680848, "B304": 85.7111547615243, "B305": 84.66662871714598, "B306": 90.82628225021384, "B307": 83.57714644417021, "B308": 91.90442616540456, "B309": 87.379859183969, "B310": 83.4215783608339, "B311": 93.50089885786326, "B312": 85.70417809187332, "B313": 81.12095982259194, "B314": 85.62843985116717, "B315": 83.51848118828123, "B316": 84.41796878188673, "B317": 84.31455974737132, "B318": 90.72143514574313, "B319": 82.74931529409669, "B320": 93.60478437959314, "B321": 86.24622983420846, "B322": 87.88743521007241, "B323": 90.39035169041387, "B324": 87.20354956054562, "B401": 82.21297183927504, "B402": 84.67403213319812, "B403": 87.30660878418847, "B404": 90.48192204489564, "B405": 84.01078991451026, "B406": 87.24966986063168, "B407": 85.27572019023947, "B408": 85.08527734061016, "B409": 88.47578858647653, "B410": 86.54860344434468, "B411": 87.24392023859016, "B412": 84.5557728060379, "B413": 91.54437538560337, "B414": 82.31342896952405, "B415": 89.75565770725936, "B416": 83.91680442948393, "B417": 82.83323708480218, "B418": 87.4638711272028, "B419": 87.57627031371027, "B420": 84.58666963783925, "B421": 83.18465202324133, "B422": 83.61565053067318, "B423": 83.85344921200306, "B424": 85.75145651733877, "B501": 88.38528676050335, "B502": 81.41350517899069, "B503": 78.47463917075001, "B504": 85.7811291419674, "B505": 82.50480074689834, "B506": 85.11545399123554, "B507": 85.15619185932705, "B508": 83.63823036637079, "B509": 88.85691027530386, "B510": 86.52085674183219, "B511": 83.09890458350979, "B512": 85.52539035134004, "B513": 85.65656536997574, "B514": 88.23346318689305, "B515": 86.39566147983645, "B516": 84.81250067590165, "B517": 91.42408978712243, "B518": 88.91936732374296, "B519": 88.77585425534886, "B520": 87.63438046421096, "B521": 88.95848685249123, "B522": 90.00095247291053, "B523": 84.2272657182807, "B524": 85.66635164610511, "C101": 79.906485525004, "C102": 93.00253842018478, "C103": 84.88694659155054, "C104": 85.1629497062441, "C105": 91.63218352202253, "C106": 88.2270533814547, "C107": 91.26389510710429, "C108": 85.13835042866533, "C109": 85.32866639223566, "C110": 85.54786484296885, "C111": 84.1565660085565, "C112": 84.83955655372785, "C113": 82.82161428858032, "C114": 86.8546171995819, "C115": 85.16433775109667, "C116": 88.34324566180986, "C117": 83.0846795926804, "C118": 86.50343583523221, "C119": 80.93345618576964, "C120": 80.26687222942004, "C121": 82.24354985648513, "C122": 88.35451209213883, "C123": 84.62755692247923, "C124": 82.7795211150286, "C201": 89.2466317023354, "C202": 86.68078478231965, "C203": 84.81826097863741, "C204": 84.40485625363108, "C205": 84.29018012071694, "C206": 86.30056686469295, "C207": 92.18582318621064, "C208": 90.15249528648734, "C209": 86.17446415019253, "C210": 82.59915688291578, "C211": 85.81883189001607, "C212": 87.98457318789515, "C213": 90.64471865247994, "C214": 90.45429177798499, "C215": 83.5443451366852, "C216": 86.26456942523858, "C217": 84.77056607121287, "C218": 87.76621118999786, "C219": 78.5703887666692, "C220": 84.64443085968561, "C221": 86.2078719074001, "C222": 83.26942347818873, "C223": 82.99717756279097, "C224": 82.75501469199737, "C301": 88.00673789666799, "C302": 84.40437341965635, "C303": 83.4592800148991, "C304": 85.21201743361112, "C305": 92.6864210083431, "C306": 84.23640905607078, "C307": 92.15933946173074, "C308": 86.71941954872457, "C309": 84.12755795916408, "C310": 81.41021242801857,