{"A101": 138.72765364007884, "A102": 124.64602921588413, "A103": 133.2562073022476, "A104": 143.2778328210446, "A105": 133.7415068392026, "A106": 125.5480145138129, "A107": 130.81915594148148, "A108": 142.77756666877667, "A109": 126.98905202225254, "A110": 135.8930605264344, "A111": 130.6397473549163, "A112": 134.78211587275183, "A113": 130.03269994753967, "A114": 135.61509147670364, "A115": 123.33880267877606, "A116": 129.8232849524051, "A117": 126.8945686206649, "A118": 147.19263266409888, "A119": 130.95434669859551, "A120": 134.63903809470523, "A121": 132.2794618075814, "A122": 136.67327572451646, "A123": 137.32264373053087, "A124": 131.3458335169535, "A201": 129.01662224424757, "A202": 143.26188242329533, "A203": 130.2882562750105, "A204": 131.52539487235993, "A205": 133.16894800613937, "A206": 134.41466615431077, "A207": 136.79524229010974, "A208": 135.7914075495835, "A209": 132.00243379639343, "A210": 129.24329845934875, "A211": 129.74554782466583, "A212": 147.6638076489409, "A213": 135.82803336844808, "A214": 127.90842137847058, "A215": 138.8407498915586, "A216": 128.3982271515603, "A217": 133.07583448984525, "A218": 135.63735119568864, "A219": 135.6401221143446, "A220": 129.55021123355124, "A221": 127.90189873523246, "A222": 126.1202895595563, "A223": 138.96031647971674, "A224": 127.36603758894438, "A301": 125.16656972086905, "A302": 131.50426330877028, "A303": 132.84806359087492, "A304": 131.4815766075376, "A305": 136.4937038764234, "A306": 137.6892116197417, "A307": 135.8274975659633, "A308": 134.37939235490862, "A309": 126.80514376798133, "A310": 129.89248551071123, "A311": 134.76986460143522, "A312": 129.37512780289254, "A313": 142.1677175372716, "A314": 137.09311337919976, "A315": 134.8893316271134, "A316": 136.2194991925858, "A317": 122.75598381269187, "A318": 126.87025396800733, "A319": 126.28809942329882, "A320": 130.426717356903, "A321": 124.06610686942979, "A322": 129.92830810639794, "A323": 125.89606995849165, "A324": 130.85057286067405, "A401": 137.23101202913537, "A402": 133.6595320412201, "A403": 130.20678564725793, "A404": 130.0999378226666, "A405": 142.08844879835817, "A406": 129.18317335418305, "A407": 131.86945041130846, "A408": 132.12964519224218, "A409": 135.37444240118546, "A410": 142.28056660804464, "A411": 140.4999053972763, "A412": 130.61357310415968, "A413": 125.17898344160038, "A414": 124.57780399988091, "A415": 137.4045933370757, "A416": 133.41246284844289, "A417": 140.24141042175097, "A418": 136.50698160009696, "A419": 126.36642899322847, "A420": 137.40020663461954, "A421": 132.0203713193458, "A422": 129.29649126103885, "A423": 125.76372643731685, "A424": 136.1211465522661, "A501": 128.11959446354058, "A502": 135.7639344623341, "A503": 139.12955046216166, "A504": 137.49331271613883, "A505": 135.00141377024693, "A506": 133.5786275313263, "A507": 138.63774514161315, "A508": 126.76928875377297, "A509": 133.00629128078074, "A510": 134.4977928634696, "A511": 142.85763474539272, "A512": 131.13008838604833, "A513": 125.81829771059824, "A514": 138.31944083619385, "A515": 128.76372707783315, "A516": 137.41903896589582, "A517": 139.0421633305776, "A518": 131.65723252694283, "A519": 135.56478354781012, "A520": 138.93994645152267, "A521": 132.6184333277337, "A522": 130.08312913900193, "A523": 139.88749896612813, "A524": 132.89767994312714, "B101": 130.90326773368932, "B102": 131.17186573045376, "B103": 141.49019934347035, "B104": 128.2044296011823, "B105": 123.53326724315647, "B106": 141.71556616210236, "B107": 130.7599567847413, "B108": 130.91975812629875, "B109": 138.18343965620465, "B110": 136.5106263432028, "B111": 134.1834042606496, "B112": 137.89930459119802, "B113": 142.0229463151574, "B114": 133.7902472664536, "B115": 127.2981112822853, "B116": 132.98191586889638, "B117": 137.43908481484243, "B118": 129.43794314124065, "B119": 138.37763011261748, "B120": 125.38613228405683, "B121": 139.60611462603876, "B122": 134.7676513088117, "B123": 127.17187405526214, "B124": 129.8837092518274, "B201": 130.38253222363792, "B202": 124.5447637109758, "B203": 142.37488594631455, "B204": 132.55557917968483, "B205": 130.08754864295952, "B206": 132.69916996670693, "B207": 131.08972822050873, "B208": 124.61907647399093, "B209": 132.23795118899815, "B210": 133.83268777694963, "B211": 129.8380248477809, "B212": 128.59682431718102, "B213": 132.2919134460974, "B214": 136.5034801059894, "B215": 143.99647740971153, "B216": 137.77372547842424, "B217": 140.75958319941788, "B218": 138.71823712671505, "B219": 139.89691134728295, "B220": 126.48104157307202, "B221": 139.71340977128517, "B222": 137.6604092050641, "B223": 136.07496314846153, "B224": 131.71505392633972, "B301": 134.77855656712424, "B302": 124.57804871260704, "B303": 135.5151011378245, "B304": 136.11077657663324, "B305": 136.5904025252922, "B306": 143.48754204723687, "B307": 134.60501640785338, "B308": 143.1014426220546, "B309": 133.51973859266832, "B310": 131.6820391804904, "B311": 141.20216321038487, "B312": 128.66502941924261, "B313": 127.50889105403871, "B314": 128.6862507453262, "B315": 130.81794843952838, "B316": 130.16671011142054, "B317": 128.20959123806028, "B318": 143.06607550817284, "B319": 129.63413565157657, "B320": 138.84259233439042, "B321": 133.10569004968377, "B322": 138.40932170282625, "B323": 144.71157955894515, "B324": 134.1942462469411, "B401": 133.37948503558763, "B402": 131.40385516907497, "B403": 131.63859469515282, "B404": 135.30449177460017, "B405": 132.81038433862642, "B406": 140.30572945367035, "B407": 128.81194057762988, "B408": 136.94595944918873, "B409": 136.07141679069485, "B410": 131.14515449398004, "B411": 136.98115712743066, "B412": 134.78392033212648, "B413": 141.45026583023127, "B414": 130.30694673458896, "B415": 139.2297210250961, "B416": 131.7834386563567, "B417": 130.37767565976995, "B418": 139.38094289741622, "B419": 131.81529748038758, "B420": 128.6942675834155, "B421": 130.08647883626637, "B422": 130.86791814392288, "B423": 130.0137806837202, "B424": 129.51687518524966, "B501": 132.03078849197107, "B502": 127.25100536822438, "B503": 123.67225435571017, "B504": 135.81475147447847, "B505": 127.41906822359456, "B506": 131.6678373853613, "B507": 134.24911402577098, "B508": 130.29881265841786, "B509": 133.73523272201686, "B510": 134.9512252368704, "B511": 129.59658523003404, "B512": 134.13403364945984, "B513": 135.77444265497488, "B514": 141.51670470868808, "B515": 134.18406709975108, "B516": 134.83169767235384, "B517": 140.68359373590405, "B518": 140.3005279231697, "B519": 133.3555516060124, "B520": 137.32841189899807, "B521": 140.15870613017952, "B522": 137.45882036880613, "B523": 132.2093572269523, "B524": 135.6951740141492, "C101": 129.68568878068896, "C102": 137.81085475666498, "C103": 131.4018518573098, "C104": 135.54663620900834, "C105": 140.01296172534273, "C106": 135.76523005148002, "C107": 137.90026678291886, "C108": 131.3956095228571, "C109": 132.13518855375878, "C110": 136.79076868761513, "C111": 131.1547154058544, "C112": 130.34343070957485, "C113": 125.5300187201643, "C114": 136.68452243665016, "C115": 135.10858387241356, "C116": 134.50156498674687, "C117": 131.697611356233, "C118": 130.68017417358953, "C119": 129.55712478929135, "C120": 128.51818594113837, "C121": 126.996107504408, "C122": 134.4290242855215, "C123": 131.3178367420359, "C124": 129.2068706460642, "C201": 141.34370902289447, "C202": 131.63998721486794, "C203": 135.91738300933145, "C204": 134.32794778245886, "C205": 133.76567665967448, "C206": 133.92766666598953, "C207": 142.1053205181065, "C208": 134.90372523534248, "C209": 135.79056450285717, "C210": 132.44742154227248, "C211": 130.22115957877833, "C212": 130.2594858699826, "C213": 139.66994713589511, "C214": 139.74485928235114, "C215": 130.3290790993818, "C216": 135.49989238137795, "C217": 130.87006127032734, "C218": 136.30522183628665, "C219": 125.37199847205926, "C220": 126.15872060418576, "C221": 134.16266054346207, "C222": 129.0693440379631, "C223": 136.17267325450328, "C224": 129.773345174091,