{"A101": 248.86100599616037, "A102": 235.99012193964182, "A103": 241.874600682814, "A104": 250.4525968110803, "A105": 241.30287073258103, "A106": 233.435221330408, "A107": 240.62846563878844, "A108": 254.93657654897595, "A109": 229.27131053642648, "A110": 238.5160413329883, "A111": 237.96178038586854, "A112": 245.72170359589123, "A113": 237.18614110499968, "A114": 241.3288727634882, "A115": 242.63305747562765, "A116": 240.13986692572914, "A117": 241.32355233841955, "A118": 258.8000967395765, "A119": 238.92177689417733, "A120": 246.09139506093138, "A121": 238.36085957124635, "A122": 255.7715035067837, "A123": 250.0767801980287, "A124": 236.42370711310258, "A201": 239.4709137111862, "A202": 249.25643526469526, "A203": 242.10274455721185, "A204": 234.7049511570783, "A205": 241.10250630242118, "A206": 242.89928861840605, "A207": 248.18210415970597, "A208": 240.01975988855654, "A209": 246.25581165705074, "A210": 242.3890129495051, "A211": 234.92147462644675, "A212": 252.15509802949316, "A213": 246.81638709718197, "A214": 233.39535648613682, "A215": 249.64066747331896, "A216": 237.2022550920512, "A217": 235.16181429917037, "A218": 240.6553302625464, "A219": 245.78140416274738, "A220": 249.09782641145114, "A221": 233.89034534605312, "A222": 237.5930884661888, "A223": 252.056864211169, "A224": 237.0758836576594, "A301": 243.26300568655762, "A302": 245.64572722999864, "A303": 238.4012824513819, "A304": 241.43297586928557, "A305": 247.74975931602458, "A306": 243.63795701874574, "A307": 247.52979957192352, "A308": 242.923878626203, "A309": 235.3337296241418, "A310": 240.95331844198614, "A311": 250.1951658325844, "A312": 235.61519239893065, "A313": 250.25962607627315, "A314": 243.33726618926343, "A315": 242.22622499140937, "A316": 249.70032304393982, "A317": 227.47339291278413, "A318": 236.79299563923965, "A319": 241.38093779116795, "A320": 234.09964013899935, "A321": 225.7927853960335, "A322": 240.31312078087583, "A323": 234.42148019160186, "A324": 243.45577483008228, "A401": 247.54870601849453, "A402": 245.36062774513618, "A403": 237.94775253115463, "A404": 239.2760960191056, "A405": 249.03972799822543, "A406": 237.32652006158915, "A407": 241.87851964102566, "A408": 242.1604022572121, "A409": 237.59329328851226, "A410": 249.64147486916508, "A411": 246.06592485333323, "A412": 240.56016400645575, "A413": 227.8769787375507, "A414": 231.14751703875254, "A415": 251.77789573451082, "A416": 246.02090171959094, "A417": 250.61614492266824, "A418": 242.94229034467887, "A419": 229.96926097614846, "A420": 245.37834356246407, "A421": 238.36919922062157, "A422": 234.29015497582935, "A423": 236.54417398756675, "A424": 237.89612653275475, "A501": 235.45426047161013, "A502": 246.1319489287098, "A503": 250.40836114223447, "A504": 245.0761635781575, "A505": 240.78416422049503, "A506": 237.96435229345633, "A507": 251.22046946375545, "A508": 231.24990759526386, "A509": 243.33465820315567, "A510": 244.78253694857864, "A511": 249.03285767261795, "A512": 241.45389419579658, "A513": 233.89925342601973, "A514": 242.85027031025643, "A515": 244.97442613339388, "A516": 249.94029879130858, "A517": 248.06375965244183, "A518": 239.77622313723694, "A519": 250.72633564443635, "A520": 253.45285257138147, "A521": 247.0669438930264, "A522": 236.0679798224238, "A523": 247.42304843398847, "A524": 245.32585735967615, "B101": 236.44147358352208, "B102": 237.38886553830932, "B103": 251.60488973698648, "B104": 233.98036217134054, "B105": 235.5877558291745, "B106": 252.49763338557105, "B107": 236.70312088118743, "B108": 242.4197705746427, "B109": 244.39153520934042, "B110": 240.28670486097684, "B111": 237.23914160356043, "B112": 249.25976169812344, "B113": 250.03380483527954, "B114": 246.60316219168527, "B115": 233.64344496268532, "B116": 245.94575075929146, "B117": 248.06355946687754, "B118": 244.31783728637356, "B119": 240.69373907047367, "B120": 232.22803829298638, "B121": 248.03977986751136, "B122": 237.25717084034542, "B123": 234.71787576463504, "B124": 241.44579783534152, "B201": 239.09526645395516, "B202": 228.86563455450496, "B203": 251.7752491825626, "B204": 245.3110360657067, "B205": 248.14840040059823, "B206": 241.2540667747754, "B207": 234.16424005313885, "B208": 239.70426874914824, "B209": 241.7985552674895, "B210": 249.21273425900492, "B211": 232.58582832080663, "B212": 233.12504286437257, "B213": 238.71239404970356, "B214": 250.6642014612844, "B215": 253.14103953177727, "B216": 249.25896782733136, "B217": 244.73808538645702, "B218": 251.02972208533996, "B219": 252.04603445701807, "B220": 233.38662817220296, "B221": 255.65708189292636, "B222": 248.52474223608837, "B223": 240.8063720590336, "B224": 233.78891302972764, "B301": 243.11546605955772, "B302": 234.26686321725728, "B303": 237.89125976648526, "B304": 240.3545555380497, "B305": 246.2289586790961, "B306": 250.85777232798586, "B307": 247.77339792741128, "B308": 255.69524471303984, "B309": 244.85264052753038, "B310": 243.0950115570232, "B311": 256.6181876887568, "B312": 238.6267775225362, "B313": 235.20326127284005, "B314": 228.07621156823643, "B315": 234.4259809478419, "B316": 244.89362066419997, "B317": 242.07742535705648, "B318": 250.79223539105786, "B319": 238.2593733834507, "B320": 246.29751635161173, "B321": 245.39035600405867, "B322": 247.65655139761077, "B323": 257.9267097621135, "B324": 245.5350642696452, "B401": 238.54797766777347, "B402": 235.63863887465715, "B403": 241.7783223831621, "B404": 240.4108446772502, "B405": 237.33593429575293, "B406": 258.5879942261026, "B407": 230.63270189254408, "B408": 246.2345717728056, "B409": 245.10650509547384, "B410": 239.16726554882126, "B411": 248.46099899588017, "B412": 241.11224037264367, "B413": 254.40210318839095, "B414": 243.9216411844053, "B415": 249.93877961939089, "B416": 240.49932523888413, "B417": 242.43190687275495, "B418": 242.9217215386192, "B419": 238.55604974943745, "B420": 235.30607698526694, "B421": 234.11584693480813, "B422": 240.37004455975116, "B423": 242.33288369351988, "B424": 244.2423970169967, "B501": 245.682604730774, "B502": 230.3024365867873, "B503": 228.25638482524556, "B504": 250.64538159639648, "B505": 235.94358945879213, "B506": 242.61851444633123, "B507": 245.8618625728893, "B508": 244.39373973954093, "B509": 246.84460784285662, "B510": 244.9090737661347, "B511": 238.35288882470132, "B512": 239.75849076088625, "B513": 247.67904906394412, "B514": 253.1156360630704, "B515": 248.08365805312445, "B516": 248.20472296544546, "B517": 248.74119045550844, "B518": 253.77847841834628, "B519": 237.3165995004848, "B520": 250.80577633289744, "B521": 255.23229015027712, "B522": 245.51578423852874, "B523": 242.08514091025472, "B524": 241.6399525265965, "C101": 229.28603778322596, "C102": 238.9606036590186, "C103": 246.12344071157133, "C104": 242.2412161859502, "C105": 250.7399292570913, "C106": 244.14196683420244, "C107": 258.1087241375562, "C108": 247.43556520412292, "C109": 236.75770445140634, "C110": 247.7668749357483, "C111": 245.2154156849155, "C112": 236.5900235898986, "C113": 241.9073221881485, "C114": 252.7169183626464, "C115": 242.95124322960137, "C116": 235.94080128796259, "C117": 239.14119836498787, "C118": 241.29474355006275, "C119": 239.36396110416553, "C120": 235.02602511314166, "C121": 234.03030863946705, "C122": 249.1820020183569, "C123": 232.39321585195262, "C124": 236.333023348803, "C201": 252.11661049191213, "C202": 237.8674872223346, "C203": 246.07306910377912, "C204": 248.9837191368177, "C205": 237.6348050367904, "C206": 241.265921886992, "C207": 251.86690181806932, "C208": 247.900379594101, "C209": 244.6545855716428, "C210": 237.4307448423485, "C211": 234.71470992014227, "C212": 240.48165366095972, "C213": 245.87782632818033, "C214": 247.18995875272597, "C215": 236.29285690106707, "C216": 242.74303451902279, "C217": 238.94173600095664, "C218": 240.83524617819995, "C219": 226.7561280705128, "C220": 240.65674861544312, "C221": 241.44566632067472, "C222": 238.36235390359437, "C223": 242.0869966904801, "C224": 241.87132230127358,