{"A101": 46.783451242733314, "A102": 43.14859631165721, "A103": 47.53206897175807, "A104": 49.79293519610433, "A105": 44.630818746927694, "A106": 40.19496075351845, "A107": 44.2125167762803, "A108": 48.89669924071141, "A109": 44.719306009275805, "A110": 47.75562124672701, "A111": 44.89640188711789, "A112": 47.162494755518836, "A113": 44.017767237006616, "A114": 41.64569879897114, "A115": 48.49436003174244, "A116": 43.85523513007043, "A117": 44.69217232914176, "A118": 50.19404450893427, "A119": 45.205259054705536, "A120": 50.74508408220211, "A121": 49.3396251353735, "A122": 47.940561341013826, "A123": 46.627352946408095, "A124": 42.585893708661274, "A201": 44.03251365465633, "A202": 49.931178301953324, "A203": 46.26366189948923, "A204": 42.82172216878259, "A205": 44.852740810334055, "A206": 45.21833159686575, "A207": 44.59029808743433, "A208": 45.615061528940075, "A209": 45.73859364298342, "A210": 43.21006746106374, "A211": 43.68415871319278, "A212": 52.97721194662821, "A213": 46.88118232516862, "A214": 42.60186770516597, "A215": 47.00916197730936, "A216": 46.39038459849955, "A217": 45.230561653600624, "A218": 41.31761115458502, "A219": 43.8655163343876, "A220": 44.9949991968222, "A221": 40.397979688386904, "A222": 46.567621022991084, "A223": 47.31614753439114, "A224": 49.045390694649406, "A301": 41.32418599278977, "A302": 40.706124649603126, "A303": 43.565186678023906, "A304": 43.76854592407465, "A305": 46.64629518066439, "A306": 47.08374354946195, "A307": 48.688499126544684, "A308": 42.75481947083416, "A309": 44.41884174565816, "A310": 44.68042557783046, "A311": 42.758533222631364, "A312": 42.96827600168085, "A313": 50.900571978546495, "A314": 48.0288425319767, "A315": 46.20717458123003, "A316": 50.897917803761246, "A317": 40.232232747927924, "A318": 40.88888924525646, "A319": 48.285945933092385, "A320": 39.930639130701834, "A321": 41.40181779697566, "A322": 40.26619091159648, "A323": 41.65811668030101, "A324": 44.3404314911192, "A401": 43.10251156191553, "A402": 47.13461437269015, "A403": 44.115547170971354, "A404": 40.96542770834833, "A405": 46.307062539038526, "A406": 43.34502406742554, "A407": 44.14691338304113, "A408": 43.82011326629003, "A409": 45.736570767235996, "A410": 49.45641701294379, "A411": 48.089636348008554, "A412": 42.657149769099156, "A413": 42.53006031669348, "A414": 43.388895141166216, "A415": 47.463429575558735, "A416": 42.60093146987233, "A417": 51.10296217569523, "A418": 50.73023576763718, "A419": 43.40588641181841, "A420": 47.276839726392794, "A421": 46.236628949333536, "A422": 40.968279757743765, "A423": 40.52795238807214, "A424": 43.62966594520587, "A501": 44.81330097223896, "A502": 46.34724464557122, "A503": 47.632742410965264, "A504": 47.85672339659423, "A505": 46.60636177222443, "A506": 45.07834529052496, "A507": 44.3253847817016, "A508": 44.39880635698334, "A509": 42.86263411669136, "A510": 45.37171165902084, "A511": 45.4294766889476, "A512": 43.52044674737163, "A513": 44.40548761033005, "A514": 48.63488370179604, "A515": 45.49589785099178, "A516": 47.68768836880381, "A517": 48.96774541932069, "A518": 46.561312715017586, "A519": 46.00074143049204, "A520": 42.60118281705599, "A521": 48.485084309200744, "A522": 44.69941380021675, "A523": 47.779509409369126, "A524": 49.50508755136521, "B101": 47.421079847268715, "B102": 47.111707018965305, "B103": 49.88099882115419, "B104": 40.60471051966405, "B105": 41.1021454534799, "B106": 48.34922439875498, "B107": 46.66584152080159, "B108": 44.09266833100451, "B109": 50.589984412586595, "B110": 48.024608524205334, "B111": 42.955530765316325, "B112": 48.598662745961455, "B113": 48.13033798768907, "B114": 44.356479661337836, "B115": 42.36056280026023, "B116": 46.592609101254894, "B117": 40.3931900594445, "B118": 42.445686829802646, "B119": 51.48950514442806, "B120": 42.93736717813831, "B121": 46.14512830080789, "B122": 42.08261726467037, "B123": 44.4636310840315, "B124": 46.30180223130205, "B201": 41.053363500874234, "B202": 42.23752853957687, "B203": 48.399508215639834, "B204": 48.846466175402334, "B205": 40.46875964787119, "B206": 48.07820878321027, "B207": 43.6562790511898, "B208": 40.87673716905764, "B209": 48.08017009530216, "B210": 44.21593386521937, "B211": 46.01186564624718, "B212": 41.67688472363942, "B213": 42.39565143770786, "B214": 49.40204744017108, "B215": 52.30969506621018, "B216": 50.26689414661549, "B217": 48.97553248056596, "B218": 44.629716801383154, "B219": 45.928058307311495, "B220": 44.84237384440435, "B221": 50.08667952052652, "B222": 47.963583698220816, "B223": 47.65461527962361, "B224": 46.15111564982035, "B301": 45.542485084085506, "B302": 38.202976498087935, "B303": 43.48692964947488, "B304": 42.21172929542878, "B305": 43.58668712051722, "B306": 43.698800655082145, "B307": 42.84145943001197, "B308": 47.040801205489934, "B309": 47.22406806280219, "B310": 46.58379611984617, "B311": 48.74184540293115, "B312": 45.23157599359122, "B313": 46.08858742442277, "B314": 45.45408083267647, "B315": 46.316405707781485, "B316": 44.91422461895437, "B317": 48.8766740393912, "B318": 47.44402320973183, "B319": 46.01417079595369, "B320": 50.70449217373047, "B321": 42.7538372105869, "B322": 45.04461822793966, "B323": 49.32358761265078, "B324": 47.09318356931505, "B401": 46.141703740548046, "B402": 44.1340868696082, "B403": 47.73134391816074, "B404": 48.878054524305014, "B405": 45.65917353896565, "B406": 45.03756815381154, "B407": 46.94321529006488, "B408": 46.335318692280815, "B409": 47.44238731075013, "B410": 47.055760511748716, "B411": 46.01071601877264, "B412": 47.26594716413957, "B413": 49.25448846554002, "B414": 43.99664251621636, "B415": 45.14188825538412, "B416": 44.196886302740495, "B417": 42.980793408875876, "B418": 46.54189981260303, "B419": 47.8265407443314, "B420": 43.68284681786178, "B421": 43.24538638107052, "B422": 44.89816115600922, "B423": 43.75191804435084, "B424": 43.745138183937456, "B501": 48.62551923209352, "B502": 41.795253791283756, "B503": 43.73901010271263, "B504": 47.54738028903688, "B505": 43.79533537437059, "B506": 45.41583838796315, "B507": 44.332067317680064, "B508": 46.60557974324786, "B509": 50.25459842158939, "B510": 41.47796543398918, "B511": 45.5352610315782, "B512": 43.10816911547573, "B513": 46.92197484867114, "B514": 48.9347190548374, "B515": 46.37086514528418, "B516": 41.232661540145216, "B517": 49.29512543862241, "B518": 48.271782179796745, "B519": 46.43664385345243, "B520": 42.918811501361795, "B521": 42.79036073934528, "B522": 49.30508850614687, "B523": 45.89214930034821, "B524": 44.394121874128, "C101": 42.75575911273685, "C102": 50.490869741819765, "C103": 48.02733758504916, "C104": 44.54831885871539, "C105": 47.87010210528515, "C106": 49.447210652459084, "C107": 50.8584010327827, "C108": 43.27160051160592, "C109": 43.25799435262964, "C110": 46.76077834459797, "C111": 44.78323643553038, "C112": 45.327329926140195, "C113": 44.160880257577126, "C114": 44.11824620762702, "C115": 47.20772278800913, "C116": 47.96826903848853, "C117": 44.46332653850364, "C118": 43.57821778557868, "C119": 42.46193446308007, "C120": 45.402645723676194, "C121": 42.35870281533347, "C122": 48.676119184465286, "C123": 44.15174362931526, "C124": 43.9350236685998, "C201": 44.44458597535442, "C202": 48.989619514886414, "C203": 44.401099493276675, "C204": 47.347476490114126, "C205": 44.16009544970923, "C206": 47.523017386668386, "C207": 47.249143609551, "C208": 49.07608863637425, "C209": 42.99698888592945, "C210": 45.41888584786217, "C211": 42.61162609241902, "C212": 42.52320992051453, "C213": 50.10976230096139, "C214": 49.861406623497004, "C215": 39.9857732017316, "C216": 45.02983367127279, "C217": 47.168400169196396, "C218": 49.02263983116085, "C219": 42.5192186139816, "C220": 47.486352977205826, "C221": 43.814145897183145, "C222": 45.322063239900594, "C223": 44.81004499034166, "C224": 42.78868573003998, "C301": 48.95446053476337, "C302": 43.14325819698806, "C303": 46.74567073680598, "C304": 48.690519464451626, "C305": 47.6410469277957, "C306": 48.306518120127905,