{"A101": 34.452806382021414, "A102": 29.0958707458193, "A103": 31.311657574394193, "A104": 33.63471590858089, "A105": 29.551670403434226, "A106": 29.254783742578088, "A107": 31.452390214632196, "A108": 35.707189879044456, "A109": 31.498169788776718, "A110": 34.345672762658936, "A111": 29.538406248447547, "A112": 32.46876828623856, "A113": 31.731575694313285, "A114": 30.84248798969079, "A115": 36.17877636789805, "A116": 29.32953209044499, "A117": 30.074802837700194, "A118": 36.61773110934791, "A119": 32.20552625262699, "A120": 34.77197264068942, "A121": 35.15311049341382, "A122": 35.74599210916782, "A123": 31.587491263932705, "A124": 29.730290033773283, "A201": 30.613133806429456, "A202": 37.431436759844956, "A203": 33.55854698240792, "A204": 29.436425349595126, "A205": 33.05021720795425, "A206": 30.420912635320988, "A207": 30.20212881983326, "A208": 31.90993210653603, "A209": 32.03791458180906, "A210": 30.581999958582927, "A211": 29.664176029281286, "A212": 35.2931411066007, "A213": 32.33241715954099, "A214": 31.37096335805234, "A215": 35.059862585342344, "A216": 31.902664300388317, "A217": 31.43007473918757, "A218": 30.798595044765868, "A219": 32.046945303186085, "A220": 30.49382664843485, "A221": 29.01672648342303, "A222": 33.10749450083675, "A223": 31.30796142643857, "A224": 33.9936668108887, "A301": 29.690715397357614, "A302": 30.697067567501605, "A303": 32.22112643900689, "A304": 30.69981652206299, "A305": 32.82247424753584, "A306": 33.26006360775352, "A307": 34.67253848146576, "A308": 28.201016064185392, "A309": 33.92190518013083, "A310": 31.654235630229632, "A311": 31.072469052374025, "A312": 29.497523469807142, "A313": 38.30572201809123, "A314": 37.001137554567606, "A315": 32.76789693913449, "A316": 36.63079675427059, "A317": 26.788999030116965, "A318": 30.25016353230276, "A319": 33.193318621809475, "A320": 27.86403696005952, "A321": 29.716046446740613, "A322": 27.81781715549468, "A323": 29.039524622281753, "A324": 33.35347240202134, "A401": 29.50271725574945, "A402": 34.41942565329478, "A403": 32.29107724548729, "A404": 28.261054210014432, "A405": 32.983922796867766, "A406": 31.508780898627364, "A407": 32.48815025754775, "A408": 31.764260249254313, "A409": 33.983299155763845, "A410": 34.61489701187524, "A411": 35.476921467093334, "A412": 29.548004304710958, "A413": 31.66085394593485, "A414": 31.090645684437387, "A415": 32.25652007169362, "A416": 29.844411287590813, "A417": 36.13501383444797, "A418": 33.80854799064517, "A419": 30.331702569873062, "A420": 34.32404258734403, "A421": 34.15087091308185, "A422": 30.652046330641678, "A423": 25.655347947353718, "A424": 29.823160778842322, "A501": 30.86680750312727, "A502": 31.23193205228543, "A503": 34.37974137836024, "A504": 34.921367549541394, "A505": 31.885616903229014, "A506": 31.892302315790058, "A507": 31.789335423962278, "A508": 27.87783711097718, "A509": 31.25424883919162, "A510": 33.07027763508727, "A511": 30.842631337855863, "A512": 29.185349105830987, "A513": 31.138076115986173, "A514": 32.93162437636896, "A515": 32.09453103825741, "A516": 33.7030188830106, "A517": 34.452643753159215, "A518": 34.50041525854244, "A519": 32.09375337039539, "A520": 27.363420909150214, "A521": 35.13366704936899, "A522": 31.48853651564855, "A523": 32.14112576108145, "A524": 33.17359449957427, "B101": 32.870566468588976, "B102": 33.36508710356571, "B103": 32.65842203611885, "B104": 29.4437416711709, "B105": 30.34544515931564, "B106": 34.15544932995673, "B107": 34.01440623286773, "B108": 29.544618897355946, "B109": 34.4430088931115, "B110": 32.25694995609531, "B111": 30.296713831346516, "B112": 35.28839025085186, "B113": 33.271753130324015, "B114": 32.25328275556657, "B115": 29.647370870976356, "B116": 34.00146208080437, "B117": 27.905918284049335, "B118": 31.460361595975073, "B119": 37.40676406250764, "B120": 29.13503062843693, "B121": 31.180430431211633, "B122": 29.973690651501705, "B123": 31.893877908782905, "B124": 32.76922104566793, "B201": 29.675136507043508, "B202": 30.8299200780207, "B203": 33.55366763057739, "B204": 34.334175112011735, "B205": 29.335262778201947, "B206": 34.69387240712081, "B207": 31.206694734987888, "B208": 29.41841092693156, "B209": 33.30718604761612, "B210": 32.044642415084084, "B211": 32.368951883565, "B212": 29.5778025493509, "B213": 29.626645447373264, "B214": 35.116848202758554, "B215": 38.34136621657962, "B216": 34.22850045546556, "B217": 33.58536673593997, "B218": 31.055934304823268, "B219": 31.233919219414513, "B220": 32.72951291078658, "B221": 36.73108167094862, "B222": 33.90745666206221, "B223": 30.60930644226622, "B224": 32.88264219742709, "B301": 31.822798375913464, "B302": 26.11878333221769, "B303": 30.996456006870936, "B304": 30.213641860035857, "B305": 29.81091123759177, "B306": 28.651036824848585, "B307": 27.313790642966573, "B308": 32.428051857153434, "B309": 32.23156238406321, "B310": 33.43923482314535, "B311": 34.88530997320426, "B312": 30.557735088477692, "B313": 31.89473231158018, "B314": 32.70757416370668, "B315": 32.198637166029656, "B316": 32.0957882189785, "B317": 32.8786501764468, "B318": 34.537534900548344, "B319": 31.976631727683632, "B320": 36.96494252101663, "B321": 27.6471599074485, "B322": 30.859105144505364, "B323": 33.466717952485865, "B324": 35.08240772629757, "B401": 31.749886506033683, "B402": 30.893296991600785, "B403": 34.82609635561493, "B404": 34.66724133908172, "B405": 33.83270862230037, "B406": 31.32807332861735, "B407": 32.44012953822703, "B408": 33.530506900701674, "B409": 33.6783591962485, "B410": 31.18753205284551, "B411": 31.624385281999544, "B412": 32.52443149541473, "B413": 36.551602053984304, "B414": 33.295904591104616, "B415": 32.36467519548286, "B416": 30.711067206885474, "B417": 28.124669999612994, "B418": 34.12637165072278, "B419": 34.62532230593973, "B420": 30.44421747082135, "B421": 29.41060377292149, "B422": 32.34508224219291, "B423": 30.481627579637543, "B424": 32.10100228083842, "B501": 33.36429442729359, "B502": 29.308764916130038, "B503": 29.351728653558133, "B504": 33.73033312363817, "B505": 29.64037534129343, "B506": 35.010256462578724, "B507": 31.22514921326043, "B508": 32.53607259989964, "B509": 35.709895531886765, "B510": 28.799412451013612, "B511": 33.225558709585655, "B512": 30.60109842207602, "B513": 31.793938160753953, "B514": 34.370910211285214, "B515": 33.10881837599439, "B516": 27.820729152477348, "B517": 36.74851938164888, "B518": 34.63062062805305, "B519": 33.39631387667003, "B520": 30.480195124056596, "B521": 33.23870316686333, "B522": 34.112822297268934, "B523": 32.08794101219088, "B524": 30.929866939755456, "C101": 31.636783987775644, "C102": 34.73483414528848, "C103": 34.590407685221365, "C104": 30.53757952209091, "C105": 31.6375622172348, "C106": 36.95459630734861, "C107": 38.260874223489154, "C108": 28.75123867987366, "C109": 29.68298092771331, "C110": 33.20328365664961, "C111": 31.190738848574476, "C112": 32.170153689671, "C113": 32.46945708375095, "C114": 30.412294094509267, "C115": 32.62193647815298, "C116": 31.746546361730122, "C117": 31.25694402584947, "C118": 32.120235450353135, "C119": 30.19068010498519, "C120": 31.71548279263881, "C121": 28.985843593075586, "C122": 34.36297378171844, "C123": 32.19758545560641, "C124": 29.341866832217356, "C201": 29.218383907826006, "C202": 34.704483617533356, "C203": 31.794133488878366, "C204": 31.06279749112571, "C205": 31.2223495301256, "C206": 35.764202285578484, "C207": 31.113823187828473, "C208": 33.084500410353506, "C209": 33.30086653273446, "C210": 32.396380175160324, "C211": 31.134164939483266, "C212": 29.809571731365146, "C213": 37.058561538802614, "C214": 36.927956066074735, "C215": 29.56503795091117, "C216": 30.56611985800884, "C217": 32.803755239650684, "C218": 34.93100213134114, "C219": 28.302028800314698, "C220": 33.37828547871878, "C221": 32.06694912069792, "C222": 32.65592474662173, "C223": 31.484614657587475, "C224": 29.807860923520575, "C301": 33.27966448001533, "C302": 32.43200783064788, "C303": 33.01861303136289, "C304": 32.42732496906111,