{"A101": 168.78415460458578, "A102": 150.31588963031257, "A103": 162.4292148053376, "A104": 171.31520648674754, "A105": 159.05529773073889, "A106": 154.2940135557728, "A107": 158.8512260457979, "A108": 170.14255342486803, "A109": 150.44668294228916, "A110": 164.26750332040015, "A111": 157.53674447310922, "A112": 160.23372333264578, "A113": 152.34630325423856, "A114": 162.09230331986564, "A115": 152.86171450946458, "A116": 158.75762273044958, "A117": 154.3742500688074, "A118": 172.103860754812, "A119": 157.98269388057938, "A120": 160.9798014638498, "A121": 156.21044424381896, "A122": 164.32531131082578, "A123": 160.451433477968, "A124": 159.84784333754226, "A201": 154.77208465479993, "A202": 168.88413076939327, "A203": 152.5529334188704, "A204": 156.6084298741423, "A205": 158.7568019609966, "A206": 163.0624635726927, "A207": 162.94661499058125, "A208": 158.58006179564472, "A209": 161.9812106448705, "A210": 155.43780117372063, "A211": 153.89245671782436, "A212": 171.60720145264136, "A213": 161.51962339148565, "A214": 154.67201467700087, "A215": 167.84445430984425, "A216": 154.42189785494372, "A217": 158.99302097875753, "A218": 161.72771261591964, "A219": 160.77130313728762, "A220": 155.90096116550464, "A221": 154.0525244346285, "A222": 153.78140335681357, "A223": 167.38861665007838, "A224": 155.92387698667812, "A301": 150.9319044186929, "A302": 160.99300323134946, "A303": 156.68825855780815, "A304": 156.9561736663373, "A305": 164.12432001537792, "A306": 162.67230367222655, "A307": 165.43866837501133, "A308": 154.96931704525824, "A309": 153.14987042904255, "A310": 158.57896879035985, "A311": 163.47815007522973, "A312": 156.602286504526, "A313": 168.92291440001387, "A314": 163.89592696312525, "A315": 160.75020447845898, "A316": 163.95744232903095, "A317": 150.64895363384142, "A318": 154.0541590178876, "A319": 155.2648947860864, "A320": 155.2844205801587, "A321": 148.40325621926516, "A322": 159.81088415351942, "A323": 150.8339334795121, "A324": 158.45704263514983, "A401": 162.24932318940716, "A402": 161.6879521078066, "A403": 157.15608223806422, "A404": 158.27837159339694, "A405": 167.7435975916956, "A406": 158.80314687446997, "A407": 157.0336109498436, "A408": 160.71781459549842, "A409": 158.65819599569662, "A410": 170.0029487140307, "A411": 165.19004178970064, "A412": 158.43270456634338, "A413": 150.52382227165765, "A414": 149.4552768908801, "A415": 166.3839781373125, "A416": 160.0073138548558, "A417": 169.57643073886845, "A418": 160.69992523205258, "A419": 152.26692319274585, "A420": 161.92829861613777, "A421": 158.55227355861282, "A422": 153.62311062050355, "A423": 152.56883948817716, "A424": 162.62109571721177, "A501": 154.15260123629594, "A502": 164.57133625453375, "A503": 168.86381908413105, "A504": 163.46800704997725, "A505": 161.68756049414426, "A506": 159.911141579943, "A507": 167.90676775146537, "A508": 150.01823781962622, "A509": 159.29476543861915, "A510": 159.30150932025057, "A511": 169.37348492462036, "A512": 157.4623894489223, "A513": 151.23065202825035, "A514": 161.00045921160847, "A515": 157.3284676593312, "A516": 164.94172297194376, "A517": 163.0947697160028, "A518": 156.30853468148442, "A519": 162.65745513034005, "A520": 164.3524516957029, "A521": 160.06711143743544, "A522": 155.15027584273892, "A523": 162.39527364403781, "A524": 160.20338953767688, "B101": 159.7503268346686, "B102": 158.07674561802108, "B103": 165.96438818332425, "B104": 154.46384379792283, "B105": 150.8160505728454, "B106": 168.02063031718498, "B107": 157.236785832288, "B108": 156.36134140144998, "B109": 164.31514470260385, "B110": 162.82118620616717, "B111": 163.07157425456143, "B112": 164.74986829335955, "B113": 170.28976672145973, "B114": 156.2148874693624, "B115": 156.1762499122538, "B116": 162.0898758099231, "B117": 165.81547646297344, "B118": 154.59428318009486, "B119": 163.54934506986922, "B120": 147.1151066650991, "B121": 165.57023758413672, "B122": 158.42007449255325, "B123": 153.76493985015944, "B124": 151.72898605866493, "B201": 157.37172663168036, "B202": 150.27819811713897, "B203": 171.93896478402095, "B204": 159.44837438400015, "B205": 160.18218599986253, "B206": 157.90261376954973, "B207": 153.4384846940152, "B208": 151.31468159103025, "B209": 159.20998166215264, "B210": 161.20469926506632, "B211": 153.09631871960724, "B212": 151.7475828154694, "B213": 158.16931984939893, "B214": 165.71036646903403, "B215": 168.66669112852531, "B216": 164.29893125462573, "B217": 167.36599297677898, "B218": 164.7852270865492, "B219": 164.63421182508557, "B220": 152.09992878141568, "B221": 168.27412903461658, "B222": 164.2276362928873, "B223": 162.27168029325017, "B224": 156.00257870741106, "B301": 161.0255956431846, "B302": 154.65183787949437, "B303": 158.23061191276815, "B304": 160.0812043822248, "B305": 163.93922858267678, "B306": 172.303550292377, "B307": 160.78908315130545, "B308": 172.0066802447588, "B309": 160.12711623668562, "B310": 159.42251184288625, "B311": 169.75553520297936, "B312": 153.7169667587155, "B313": 154.18898482075517, "B314": 155.98061888933805, "B315": 156.65748160120674, "B316": 159.45816009483033, "B317": 152.93252978824927, "B318": 168.41959633266825, "B319": 158.99431497064762, "B320": 167.1097760529701, "B321": 159.00744324888407, "B322": 163.6814479632812, "B323": 171.2670488677397, "B324": 162.35056476380765, "B401": 158.4367788840798, "B402": 158.32592895515597, "B403": 160.97097079752015, "B404": 160.20384069114021, "B405": 156.63979177826315, "B406": 169.15837999623972, "B407": 152.44233920019354, "B408": 161.9689292268056, "B409": 162.5520446991121, "B410": 157.65951597475265, "B411": 161.73555500527996, "B412": 160.71436705372048, "B413": 169.67834724598575, "B414": 158.45626833655908, "B415": 167.2410816233869, "B416": 156.60647894229473, "B417": 158.6963769321583, "B418": 163.28991489272207, "B419": 157.83509849846968, "B420": 153.2194798397412, "B421": 155.11588522120195, "B422": 157.14423236498206, "B423": 157.62998177358918, "B424": 156.57040653014994, "B501": 159.49057750575142, "B502": 151.3363809938845, "B503": 148.60486153070866, "B504": 164.36661783739498, "B505": 155.61313025691703, "B506": 156.86614649773983, "B507": 159.6763536474203, "B508": 158.9686271680214, "B509": 162.40103477189635, "B510": 163.623772245297, "B511": 156.9159596611168, "B512": 158.64399675515716, "B513": 167.10017541089618, "B514": 166.5419739939744, "B515": 163.05759661040963, "B516": 163.51571195370315, "B517": 166.82619374905306, "B518": 172.13518279987494, "B519": 158.31305775437713, "B520": 162.45549688510124, "B521": 170.12014662570417, "B522": 165.17708124526382, "B523": 159.43560932896878, "B524": 161.0877705425303, "C101": 151.46287452664276, "C102": 161.99501142716034, "C103": 159.303288324254, "C104": 163.33476450015146, "C105": 167.36636776070966, "C106": 159.83950029070942, "C107": 166.09991243687048, "C108": 156.16403165425652, "C109": 159.95557924342592, "C110": 166.24232318454312, "C111": 160.3384164054258, "C112": 151.8456824006499, "C113": 152.2245374155029, "C114": 167.0452194653016, "C115": 159.1382008499312, "C116": 156.10579498950702, "C117": 157.6959052896284, "C118": 157.390204938371, "C119": 154.69879985403765, "C120": 152.488991257539, "C121": 154.2569123025631, "C122": 160.84444592420257, "C123": 159.1751410457644, "C124": 156.5578195899894, "C201": 168.58847029822726, "C202": 157.5697971537437, "C203": 163.39024591000373, "C204": 159.9438988324352, "C205": 160.9202452264065, "C206": 164.32398075753616, "C207": 171.521382489744, "C208": 160.52937689645117, "C209": 164.02700882339312, "C210": 153.52911904160715, "C211": 155.2842775388078, "C212": 155.89186211897234, "C213": 162.41736146847506, "C214": 166.9622087087852, "C215": 156.22164074639727, "C216": 159.9208909751865, "C217": 156.64826772345754, "C218": 162.18554837435204, "C219": 148.56642658808238, "C220": 154.09789468371852, "C221": 161.02650278207832, "C222": 155.45238761074944, "C223": 160.68382779004463, "C224": 156.8391441869382, "C301": 164.03104424878885,