{"A101": 269.829657109287, "A102": 258.704522699806, "A103": 266.6841430553543, "A104": 267.3749914462917, "A105": 266.73707216762955, "A106": 254.08683173661245, "A107": 267.2625756654762, "A108": 273.98519199395065, "A109": 249.71145727662886, "A110": 259.11110532900335, "A111": 258.36975518555033, "A112": 267.102341741534, "A113": 260.5199848988666, "A114": 265.0215680712638, "A115": 264.96203218766647, "A116": 259.1113997526491, "A117": 259.2285451014339, "A118": 281.09818020965287, "A119": 262.7020976878364, "A120": 267.92400363487116, "A121": 258.76995857008137, "A122": 278.99594574056096, "A123": 268.99271667663567, "A124": 260.3708404127447, "A201": 258.4806855865414, "A202": 273.1052768425151, "A203": 267.45774072154614, "A204": 257.53158075034565, "A205": 262.1233331473528, "A206": 266.8339851687041, "A207": 269.82442026001047, "A208": 263.1905989484655, "A209": 266.54771715002965, "A210": 262.9450145766773, "A211": 256.5764739336799, "A212": 275.264889997218, "A213": 269.4842177654701, "A214": 250.32040903816664, "A215": 267.77070775184063, "A216": 256.8813540664078, "A217": 255.24910284078177, "A218": 262.5934975874472, "A219": 271.9808662336964, "A220": 274.33658078761255, "A221": 255.38697683401236, "A222": 258.26248594881264, "A223": 272.38155659766073, "A224": 257.1002068395921, "A301": 264.7566313902882, "A302": 268.21406210611553, "A303": 257.85484879284184, "A304": 261.7535877201102, "A305": 266.17116254716126, "A306": 267.37424522897993, "A307": 267.5997517799489, "A308": 267.4433475095673, "A309": 256.1206547920428, "A310": 266.638602307027, "A311": 270.46166249193453, "A312": 256.1781211915752, "A313": 270.5738719183422, "A314": 267.5789264510716, "A315": 262.22505157601483, "A316": 272.3116147708748, "A317": 246.14990720982453, "A318": 260.34113434737066, "A319": 266.7208869877555, "A320": 255.704907389061, "A321": 247.28018554368472, "A322": 264.43699275327026, "A323": 255.43895778694548, "A324": 265.2389023107534, "A401": 267.19364264763317, "A402": 264.40408324541227, "A403": 256.8263707720449, "A404": 261.4029747208904, "A405": 270.58807885467706, "A406": 259.55370056198507, "A407": 263.9962522412438, "A408": 261.97433597761415, "A409": 259.6336966614836, "A410": 270.6094158815702, "A411": 265.8853951779172, "A412": 261.948596816058, "A413": 249.471362930316, "A414": 252.14086671895612, "A415": 273.0627158534309, "A416": 268.55788053652054, "A417": 272.6218721248032, "A418": 266.521651999145, "A419": 250.84796473769757, "A420": 266.2157291070865, "A421": 257.5338736481213, "A422": 260.08878514792156, "A423": 256.4900630557327, "A424": 261.32883321167446, "A501": 256.88723632308876, "A502": 265.4564770667143, "A503": 269.51664594470367, "A504": 263.8039978661839, "A505": 266.19169945742743, "A506": 257.0107897033819, "A507": 271.94657775087535, "A508": 257.3479783665587, "A509": 266.00911989065617, "A510": 269.73778659187093, "A511": 271.70466306704276, "A512": 262.70833714609273, "A513": 256.65521371314264, "A514": 263.72835194894253, "A515": 265.65244819298516, "A516": 268.7387669132492, "A517": 269.8360726150638, "A518": 259.69849289764284, "A519": 276.11100698489, "A520": 272.0110031047383, "A521": 271.622484796027, "A522": 256.8572241261324, "A523": 267.91655413323184, "A524": 267.7094842476718, "B101": 255.6365798416016, "B102": 259.6526827306011, "B103": 273.9837793737571, "B104": 255.18764561000248, "B105": 256.2964754942401, "B106": 273.5659744420719, "B107": 254.70986723062956, "B108": 260.62994141855, "B109": 265.82449827849433, "B110": 261.96991781109983, "B111": 256.28987093896313, "B112": 271.9838441589824, "B113": 272.4392611714245, "B114": 267.3998803878091, "B115": 254.2078810243307, "B116": 266.8338612650549, "B117": 269.0208312731734, "B118": 269.1003569631011, "B119": 263.48664874107675, "B120": 250.3938789143207, "B121": 270.6247919005258, "B122": 260.9263922962867, "B123": 253.9873953115399, "B124": 260.80911061925895, "B201": 260.2716176361274, "B202": 251.77436347438817, "B203": 275.72056032185964, "B204": 269.39238828666413, "B205": 272.2234899882133, "B206": 266.2738222275248, "B207": 256.00412118476373, "B208": 256.73291155715987, "B209": 260.94723205132334, "B210": 268.9759090748061, "B211": 255.1189783005985, "B212": 254.85410864340508, "B213": 259.0729677618547, "B214": 274.26515988374655, "B215": 272.112683870615, "B216": 272.077342703734, "B217": 260.6998971233549, "B218": 270.8098129241839, "B219": 272.5129058062418, "B220": 250.60431988915573, "B221": 274.89055619968894, "B222": 267.8007184134818, "B223": 263.36334737153, "B224": 253.72066602797312, "B301": 262.0300651919582, "B302": 256.79654270691015, "B303": 258.4669924601894, "B304": 260.2678290852296, "B305": 268.7472567216953, "B306": 272.4208610858791, "B307": 266.4490877448904, "B308": 271.1032345872363, "B309": 266.90406995395966, "B310": 264.5769601355567, "B311": 278.4873560563987, "B312": 262.5941170821045, "B313": 256.076108266313, "B314": 253.02540247611384, "B315": 254.3906410206258, "B316": 267.8142788537754, "B317": 262.0227149550896, "B318": 270.8240513164768, "B319": 256.6847544488235, "B320": 267.2934278018511, "B321": 268.5089952187979, "B322": 267.3925693707629, "B323": 274.179730800894, "B324": 271.4292121390702, "B401": 261.48856500460977, "B402": 254.96376289980708, "B403": 263.8165491204223, "B404": 260.98578939296345, "B405": 260.7020397181524, "B406": 280.7913983726362, "B407": 248.99147635408988, "B408": 268.4212153684538, "B409": 267.6255159193789, "B410": 259.97273813493604, "B411": 272.5424837098297, "B412": 261.25273253072993, "B413": 273.7017058863542, "B414": 263.4294354733925, "B415": 271.64129940760057, "B416": 262.2723197661224, "B417": 265.0261167935594, "B418": 265.02408645554465, "B419": 258.6618326792735, "B420": 256.96067696850923, "B421": 253.0304686184972, "B422": 259.9578761680786, "B423": 265.25305642474564, "B424": 267.3214017010099, "B501": 266.68801518973225, "B502": 254.40952693409184, "B503": 250.6240915276375, "B504": 273.217346046521, "B505": 254.8452932109059, "B506": 266.8395813689372, "B507": 269.52967152827256, "B508": 264.3928229572765, "B509": 269.0920908305444, "B510": 265.0848510448061, "B511": 259.2756830427173, "B512": 258.98096439446215, "B513": 269.93934370506537, "B514": 272.58437692415725, "B515": 267.59017041686343, "B516": 272.6513917700923, "B517": 268.76452185684127, "B518": 275.1669842725435, "B519": 259.2107398961667, "B520": 267.9077370702285, "B521": 275.84460157864953, "B522": 268.9283910086338, "B523": 261.6871140440857, "B524": 262.7461862839613, "C101": 253.89675045235913, "C102": 258.8965512127115, "C103": 268.1970503695483, "C104": 265.0626533427489, "C105": 276.1503321122173, "C106": 267.3474034299513, "C107": 276.3419857290845, "C108": 266.7133366668326, "C109": 256.97005261807044, "C110": 269.2176677156512, "C111": 263.3938945722752, "C112": 253.81044790510833, "C113": 262.86016124346173, "C114": 273.3014284467456, "C115": 263.21836886315674, "C116": 256.4854329883116, "C117": 261.795416607198, "C118": 259.8174832380102, "C119": 264.7713747132993, "C120": 258.9762375776243, "C121": 255.1698349503538, "C122": 270.49714656198046, "C123": 253.99645087769346, "C124": 254.51434227707023, "C201": 272.993774297288, "C202": 258.4853964320429, "C203": 268.5916732786034, "C204": 269.7231399279767, "C205": 261.6980599346168, "C206": 261.1007716651543, "C207": 274.5270178831661, "C208": 270.5597825738351, "C209": 267.73855564281416, "C210": 258.96593077659367, "C211": 256.34470210180604, "C212": 260.0391944129391, "C213": 266.4463698767832, "C214": 269.4100583990343, "C215": 258.26805794469215, "C216": 262.51526229450485, "C217": 261.37472693966106, "C218": 265.7253427014022, "C219": 245.7782776951411, "C220": 259.7689708566455, "C221": 264.85917057739414, "C222": 261.53784186634556, "C223": 266.2981422194212, "C224": 265.28997275541155, "C301": 271.82538134909447, "C302": 259.017804217077, "C303": 264.6910091819896, "C304": 261.67872490754263,