{"A101": 132.32124443241275, "A102": 120.57800845623635, "A103": 127.62918569739712, "A104": 137.06180017210767, "A105": 128.00726225150459, "A106": 119.78323995142712, "A107": 125.6067218288153, "A108": 137.85338529469124, "A109": 122.4137817338404, "A110": 130.88117021531082, "A111": 123.44223718984068, "A112": 130.6129213643109, "A113": 125.37396211459885, "A114": 128.2720745653506, "A115": 118.42988808810865, "A116": 126.22311039563307, "A117": 122.21308747766487, "A118": 141.76289432264747, "A119": 126.52558280102333, "A120": 130.5466049442886, "A121": 129.3494106172323, "A122": 130.85852966367855, "A123": 131.39373533189175, "A124": 125.0155835202425, "A201": 124.11333750775775, "A202": 136.38342900069554, "A203": 124.64299657453039, "A204": 126.98322798311017, "A205": 126.84551660587424, "A206": 128.35885635928875, "A207": 130.85471048846068, "A208": 131.446593812133, "A209": 127.12819234071374, "A210": 122.40752111042605, "A211": 124.88312453157756, "A212": 142.27951825829737, "A213": 129.80099015542373, "A214": 123.32300309685299, "A215": 132.9251834502964, "A216": 122.84804662017956, "A217": 127.40003737047377, "A218": 130.83884609082202, "A219": 129.0185857006925, "A220": 124.8792234051668, "A221": 122.33684417380422, "A222": 122.53943270500407, "A223": 134.4210444279934, "A224": 123.64312902770426, "A301": 118.8712174200391, "A302": 126.47022787538668, "A303": 127.47857628931195, "A304": 127.0318146583946, "A305": 131.0590778961822, "A306": 131.39404670980582, "A307": 130.66231580989876, "A308": 129.47745474951773, "A309": 122.64335152704521, "A310": 124.8831664905099, "A311": 129.42834902141308, "A312": 124.37211617548095, "A313": 136.60188873934933, "A314": 132.1550087247501, "A315": 127.81938807061313, "A316": 131.51942828923413, "A317": 117.76201263434021, "A318": 120.42678379266867, "A319": 120.9418444001119, "A320": 124.74512680650753, "A321": 119.25596101245016, "A322": 122.6732898148166, "A323": 121.25352471738337, "A324": 126.95544298419041, "A401": 132.25613240105795, "A402": 129.00385058945886, "A403": 125.75901521261649, "A404": 126.04590840543048, "A405": 136.86921646536888, "A406": 124.07093064327461, "A407": 126.08434109936755, "A408": 127.65721336247309, "A409": 131.9816014860521, "A410": 136.5644636385884, "A411": 133.76921137928275, "A412": 125.32686099549693, "A413": 121.3753619200861, "A414": 119.79277112807425, "A415": 132.20029702685625, "A416": 127.94860991109213, "A417": 134.73243923682406, "A418": 131.1410965043339, "A419": 121.70777095556576, "A420": 133.1725505497673, "A421": 127.22003495307757, "A422": 122.90622617030873, "A423": 120.74456546446062, "A424": 130.83464756944915, "A501": 123.10493635381701, "A502": 129.23453304579942, "A503": 134.50299711827884, "A504": 132.8091102230556, "A505": 129.00522729761883, "A506": 129.20993816718274, "A507": 133.9420536379015, "A508": 123.5250544777627, "A509": 127.26914694840481, "A510": 128.6898866403698, "A511": 136.54629125749122, "A512": 126.51712641907562, "A513": 120.89984463276366, "A514": 133.22627275039912, "A515": 122.8138362987804, "A516": 130.30410727158264, "A517": 132.25134555965263, "A518": 127.91518865809071, "A519": 131.1854789620524, "A520": 131.92773496832783, "A521": 128.55207293846573, "A522": 125.3748939597067, "A523": 134.14686973795187, "A524": 128.22791465961453, "B101": 124.80381785154653, "B102": 126.54544266358242, "B103": 134.70686644944152, "B104": 123.84856268758928, "B105": 117.17870848614717, "B106": 136.41078611286162, "B107": 126.43629719731318, "B108": 126.24953720939865, "B109": 131.79616222050095, "B110": 131.51614029559948, "B111": 128.65268058643684, "B112": 132.90392733318734, "B113": 137.04588725405262, "B114": 128.4242720103005, "B115": 122.49620385141544, "B116": 127.22081502176127, "B117": 130.56492964123814, "B118": 125.2406833794684, "B119": 131.8100997022798, "B120": 121.45561682386212, "B121": 133.4393261589441, "B122": 129.10062941413332, "B123": 120.1262338464209, "B124": 126.43809671362149, "B201": 124.62122736377445, "B202": 119.94988512726435, "B203": 136.53947300261677, "B204": 126.10534776963979, "B205": 125.84668543497902, "B206": 126.83549440141128, "B207": 126.06641590676311, "B208": 119.26392005034191, "B209": 127.27055631697071, "B210": 128.2881515693839, "B211": 125.20585199691524, "B212": 123.85175076849664, "B213": 127.65143364958611, "B214": 130.69168519794562, "B215": 137.50693307477007, "B216": 132.553000891923, "B217": 135.92784218496723, "B218": 132.41120671186653, "B219": 131.97180453379477, "B220": 122.4907366733716, "B221": 133.10874152212332, "B222": 130.62857468997026, "B223": 129.73429053916553, "B224": 127.15370407170238, "B301": 129.6610133298474, "B302": 119.40519052103565, "B303": 128.04112713105448, "B304": 130.56488204738847, "B305": 130.63852466805957, "B306": 137.38129475260692, "B307": 127.51283780823222, "B308": 137.75014155663203, "B309": 128.27158035954653, "B310": 125.88118349466532, "B311": 134.44868145645995, "B312": 124.60587595223559, "B313": 122.46059763436476, "B314": 122.83098988324937, "B315": 125.64519996538407, "B316": 125.0918978357812, "B317": 123.27731046115498, "B318": 135.46092221934703, "B319": 123.45241140349664, "B320": 132.15812517053547, "B321": 127.88172160989525, "B322": 132.75966421292475, "B323": 138.3460302003793, "B324": 129.76074222806298, "B401": 126.30762814906986, "B402": 128.08749256261797, "B403": 127.37337452923106, "B404": 130.37199466839678, "B405": 126.84976414905493, "B406": 133.9786068426915, "B407": 122.67497052668631, "B408": 131.24329451698873, "B409": 131.7118094512331, "B410": 126.86222937217997, "B411": 131.98783882598417, "B412": 128.6780855736824, "B413": 136.33589608188262, "B414": 124.92845084195523, "B415": 134.49953680598426, "B416": 125.58790169778722, "B417": 125.04940177265736, "B418": 133.39003717741878, "B419": 127.58070027026649, "B420": 124.04791937951936, "B421": 126.8554818604876, "B422": 125.02556550864209, "B423": 124.64172320579561, "B424": 124.5695246396557, "B501": 125.48734268318627, "B502": 122.05417288809119, "B503": 116.9883273518132, "B504": 131.85301758628844, "B505": 122.39034174694962, "B506": 125.72292604798896, "B507": 128.16417276079093, "B508": 125.60528582499704, "B509": 129.2961696853037, "B510": 130.88978063286729, "B511": 126.00596730439747, "B512": 129.82473858434813, "B513": 131.1288206357016, "B514": 134.5051853664198, "B515": 129.76068788860366, "B516": 128.71200763447803, "B517": 134.52251886689697, "B518": 134.01389941805718, "B519": 129.89964554662632, "B520": 132.88427698788132, "B521": 135.354656669142, "B522": 132.07283558666344, "B523": 126.83745872136836, "B524": 130.05626072012782, "C101": 122.6618659424592, "C102": 133.41275622773384, "C103": 124.60793876295301, "C104": 128.47297417894538, "C105": 136.01093385436178, "C106": 128.86020234353492, "C107": 133.51022153917572, "C108": 126.8770442043063, "C109": 126.56491833838412, "C110": 131.866709665613, "C111": 125.62973446578734, "C112": 124.56398958477205, "C113": 120.66298323263356, "C114": 130.2857183055077, "C115": 129.81025521881094, "C116": 127.75820603655872, "C117": 127.27502431208633, "C118": 125.73080453504026, "C119": 123.59244391545839, "C120": 123.62204919914461, "C121": 121.7723474817425, "C122": 129.06716632830415, "C123": 127.11632517002074, "C124": 124.03234403963602, "C201": 134.54457892938487, "C202": 126.56051779309627, "C203": 130.42741760604534, "C204": 127.46148524718703, "C205": 129.18654405967266, "C206": 128.85653591689515, "C207": 136.5202558154679, "C208": 129.33350581713015, "C209": 128.9549439784636, "C210": 126.21185550151598, "C211": 124.55038294583564, "C212": 125.35115602634927, "C213": 134.84566145210854, "C214": 133.7070893596197, "C215": 124.35425343852454, "C216": 130.0197547231415, "C217": 126.37587776081025, "C218": 132.4358542234527, "C219": 120.92961088063178, "C220": 121.2735797351519, "C221": 128.49667803742076, "C222": 124.11081612193153, "C223": 130.1367450788794, "C224": 125.97201650823504,