{"A101": 147.17140828252133, "A102": 130.5825991935468, "A103": 143.33240928078544, "A104": 150.28329383640866, "A105": 140.72199240240005, "A106": 133.44394035837257, "A107": 139.2186868242624, "A108": 151.02676069220325, "A109": 135.06945644830824, "A110": 143.90935270908085, "A111": 139.3238326300304, "A112": 142.42821306475543, "A113": 136.4288450560412, "A114": 144.5580344920917, "A115": 133.09556283465025, "A116": 137.60432554027395, "A117": 134.62517591440462, "A118": 154.8402174568916, "A119": 139.09723586676182, "A120": 142.7653132433386, "A121": 139.03233628201562, "A122": 146.80725777041798, "A123": 144.43049463693094, "A124": 137.83398405530625, "A201": 138.48723220783788, "A202": 150.49539958280783, "A203": 138.97222581744134, "A204": 139.7120906056477, "A205": 142.61155281635277, "A206": 141.4594984324139, "A207": 143.75360968219152, "A208": 142.61745499273897, "A209": 139.67723404848022, "A210": 137.33521306339628, "A211": 136.58832390823858, "A212": 156.2421547847981, "A213": 142.67566401982296, "A214": 135.0896454058822, "A215": 148.60113808702698, "A216": 135.67367067811486, "A217": 141.9482188179069, "A218": 143.74768922980647, "A219": 142.80314269053733, "A220": 137.19890731881412, "A221": 136.30002240995194, "A222": 134.71244668261323, "A223": 148.044271753396, "A224": 137.36863596787063, "A301": 132.01080272931983, "A302": 138.6669423537856, "A303": 139.5311309333169, "A304": 138.38157898465926, "A305": 144.5848669797428, "A306": 146.60069483601674, "A307": 142.5101368217308, "A308": 140.0156889855849, "A309": 132.98343083529542, "A310": 138.21223528115928, "A311": 143.37977331998187, "A312": 136.45509987238245, "A313": 150.73846445942104, "A314": 144.77280121133023, "A315": 142.93006208344573, "A316": 144.93627273430644, "A317": 131.11171723634763, "A318": 136.0225321278777, "A319": 133.72969854887904, "A320": 138.35265776009896, "A321": 130.2007931061105, "A322": 138.41854076847105, "A323": 133.10533164232191, "A324": 137.83945074085787, "A401": 143.0974950635326, "A402": 141.0506459453372, "A403": 139.23480419851523, "A404": 140.55103814349226, "A405": 150.61497840919822, "A406": 137.70109466283972, "A407": 139.541013253303, "A408": 140.43496170136459, "A409": 141.79028160005285, "A410": 149.9585802525896, "A411": 148.0970551756275, "A412": 137.24134990297398, "A413": 132.92778465645043, "A414": 133.49736830125764, "A415": 147.16856747818662, "A416": 142.50512428147775, "A417": 148.02600699739864, "A418": 143.03149331297345, "A419": 136.09929105999345, "A420": 146.26395685824872, "A421": 141.05056424830047, "A422": 135.60166390753525, "A423": 133.2338532243882, "A424": 144.55017244732412, "A501": 136.09063864158776, "A502": 145.87971159934818, "A503": 147.3909139140922, "A504": 145.4537634642681, "A505": 143.81952013579686, "A506": 139.10300328616395, "A507": 147.21014041166535, "A508": 133.68231470023673, "A509": 139.91266484878918, "A510": 142.12632296873238, "A511": 150.72252830136426, "A512": 138.66444747363485, "A513": 132.70174393780758, "A514": 143.4873975987307, "A515": 137.71465638475482, "A516": 146.8591938040254, "A517": 146.6635755235998, "A518": 139.36640303236055, "A519": 142.3295269740592, "A520": 147.37121267349534, "A521": 139.5048426776839, "A522": 138.22452517570727, "A523": 146.94419543962425, "A524": 142.69811199920383, "B101": 140.78290151712267, "B102": 140.14125706043578, "B103": 149.50367425014826, "B104": 135.69205813537235, "B105": 132.09788891843746, "B106": 149.3523596262241, "B107": 138.43210767182904, "B108": 138.7380041609421, "B109": 144.90049796659292, "B110": 144.59458900660414, "B111": 142.5479316911118, "B112": 145.3952009955006, "B113": 150.55193750082648, "B114": 141.1286634795378, "B115": 137.19783237937315, "B116": 143.93092339598317, "B117": 146.68169750316173, "B118": 137.9210459811035, "B119": 147.0095440767144, "B120": 132.26217127084686, "B121": 148.07348072426458, "B122": 142.4788370495617, "B123": 133.36505642945028, "B124": 135.47447005166111, "B201": 136.68386164403307, "B202": 133.56931095728436, "B203": 151.22892102881872, "B204": 141.71296675108667, "B205": 140.0615378151007, "B206": 138.74300360776743, "B207": 137.40609070666548, "B208": 132.33900460750706, "B209": 140.25694034914244, "B210": 142.40649542835942, "B211": 136.22178766257585, "B212": 137.01500574185462, "B213": 140.20489325536212, "B214": 145.80974295122274, "B215": 150.83561642984952, "B216": 145.6758520093705, "B217": 150.0267056060322, "B218": 147.70835380148995, "B219": 147.16948081033203, "B220": 133.68175988192206, "B221": 146.809389624255, "B222": 145.6434241947667, "B223": 142.94947624255227, "B224": 138.530520722286, "B301": 142.21685595692873, "B302": 133.4993302078125, "B303": 144.55966152461434, "B304": 143.11761841848667, "B305": 144.22786407261026, "B306": 151.43748814149126, "B307": 143.31362608415822, "B308": 152.05061668256684, "B309": 140.3614687683892, "B310": 141.3069672805404, "B311": 150.27792127724882, "B312": 135.76491888737135, "B313": 136.45156016705954, "B314": 137.6734693964035, "B315": 139.30279460411273, "B316": 136.77150546453223, "B317": 135.29828041828932, "B318": 150.80818931919487, "B319": 140.15709296506506, "B320": 148.0301017573314, "B321": 142.42842984719837, "B322": 146.45967842468804, "B323": 153.07349796395894, "B324": 143.30916715304733, "B401": 140.54250630430224, "B402": 139.91060932440888, "B403": 140.5856506988328, "B404": 143.13392163330033, "B405": 137.86537385352804, "B406": 147.54986684139146, "B407": 134.22586069821546, "B408": 143.7486944904715, "B409": 143.61049856117714, "B410": 138.54700706655538, "B411": 143.76470463976327, "B412": 144.32171895347173, "B413": 149.91835763098598, "B414": 137.85394556723082, "B415": 148.1586791239427, "B416": 139.953025031079, "B417": 139.07926121900744, "B418": 146.03584409106125, "B419": 141.4979385806203, "B420": 135.47771494711074, "B421": 138.78807961799478, "B422": 139.34580726397513, "B423": 137.8108544756909, "B424": 137.64889434638653, "B501": 139.8846382407418, "B502": 135.0135562764977, "B503": 130.5137752760917, "B504": 144.19224322679523, "B505": 137.13565454793775, "B506": 140.05284795322476, "B507": 141.71589562614957, "B508": 139.71982073046408, "B509": 142.95159826617353, "B510": 142.37381025334318, "B511": 137.41965856900597, "B512": 142.2279083289672, "B513": 146.05457690342035, "B514": 148.03816191187707, "B515": 143.34724668813783, "B516": 143.58717630477676, "B517": 148.19816481679646, "B518": 149.50344315339888, "B519": 141.25931283748145, "B520": 143.94906564473533, "B521": 149.158013503361, "B522": 144.94314578980507, "B523": 139.45098659022813, "B524": 141.6773056239735, "C101": 136.28341272581213, "C102": 145.6768001454074, "C103": 139.78701119301894, "C104": 143.61741279759534, "C105": 148.95145063189764, "C106": 141.32347072943676, "C107": 147.53442266137378, "C108": 139.0359535900706, "C109": 141.56592228850818, "C110": 146.02337630083156, "C111": 139.5865848384053, "C112": 137.58697615290797, "C113": 131.4617619337867, "C114": 147.4517028678257, "C115": 143.299959411052, "C116": 140.7061975433085, "C117": 140.6317350106245, "C118": 138.0799504515435, "C119": 137.24114135057556, "C120": 135.90907532653205, "C121": 136.0377831236261, "C122": 141.88952545447998, "C123": 138.48247193315854, "C124": 137.90246620858306, "C201": 150.27273452963612, "C202": 139.8907082310997, "C203": 144.28650512853366, "C204": 142.43896108569615, "C205": 143.29372887873623, "C206": 143.95665755884917, "C207": 150.37321204616865, "C208": 141.04046905501386, "C209": 145.6522337007032, "C210": 139.63014101948076, "C211": 137.11565729342183, "C212": 137.99240751449253, "C213": 145.3508239606292, "C214": 149.13520155826734, "C215": 137.27356193098234, "C216": 142.69468023301928, "C217": 138.05125307840333, "C218": 144.7446753298127, "C219": 133.28874462386392, "C220": 135.21491296061228, "C221": 143.04226383820725, "C222": 136.8997040452772, "C223": 144.65455440849263, "C224": 139.210386281763,