{"A101": 135.13813510331423, "A102": 122.51148598748979, "A103": 129.28881047732438, "A104": 140.960461837144, "A105": 131.36860946838087, "A106": 122.3616713530014, "A107": 128.9371255589241, "A108": 139.89132526675564, "A109": 124.75195776506308, "A110": 133.32497808512147, "A111": 127.36543893907199, "A112": 132.3305592825278, "A113": 127.18986307481691, "A114": 132.16663463752224, "A115": 120.75753824855, "A116": 128.41083272498122, "A117": 124.12386874201357, "A118": 144.50526077020825, "A119": 128.80152684307333, "A120": 132.51389309735077, "A121": 130.8360384987517, "A122": 134.50617639769382, "A123": 134.84737953654815, "A124": 128.69185697476846, "A201": 126.60182282333294, "A202": 139.75662657307961, "A203": 127.83093823494222, "A204": 129.383386912218, "A205": 129.91089605633886, "A206": 131.15736566203142, "A207": 133.7902879656333, "A208": 133.06565431182324, "A209": 129.896640791574, "A210": 126.1695256885615, "A211": 127.61570259856168, "A212": 144.44859859635213, "A213": 133.725526255123, "A214": 125.29786717428674, "A215": 136.86691170742702, "A216": 125.64408331721403, "A217": 129.31504375925712, "A218": 132.6070219720286, "A219": 131.9358731809454, "A220": 126.69448224419385, "A221": 124.33355533442935, "A222": 124.343749223193, "A223": 136.77559869960652, "A224": 125.15299770718036, "A301": 122.69274389071934, "A302": 128.94479573382048, "A303": 130.65530241240026, "A304": 129.27300669949867, "A305": 134.526231731283, "A306": 135.1156859314804, "A307": 133.97013863546096, "A308": 131.39230439653846, "A309": 124.79204208837446, "A310": 126.7508746066935, "A311": 131.36065239215318, "A312": 127.42292682558914, "A313": 140.04547875423492, "A314": 133.89045384952348, "A315": 131.87013946802304, "A316": 133.7020691654161, "A317": 120.68757698421547, "A318": 123.29516215648178, "A319": 124.42635441651119, "A320": 127.51498846541588, "A321": 120.63302857028276, "A322": 125.72320587955213, "A323": 123.75151046528813, "A324": 128.94608621311409, "A401": 134.5610964459251, "A402": 131.17498204190488, "A403": 127.5543768203075, "A404": 128.2819280417685, "A405": 139.4147102219099, "A406": 127.09127820531901, "A407": 129.1115727207462, "A408": 130.8235079133596, "A409": 133.49744403317996, "A410": 140.43865554417957, "A411": 136.5523303934132, "A412": 127.8857662899672, "A413": 123.38341148840439, "A414": 122.17533636054138, "A415": 134.57961553230723, "A416": 131.56918529582404, "A417": 137.7641301519786, "A418": 134.06627119980246, "A419": 123.81306648968733, "A420": 135.3277370157615, "A421": 129.56371831047443, "A422": 126.0670731464779, "A423": 123.18993285751138, "A424": 133.10206425049913, "A501": 124.88801711128954, "A502": 132.35164577123157, "A503": 136.59680071439266, "A504": 135.09810351810216, "A505": 132.29055411759327, "A506": 131.84976566069756, "A507": 136.88252752317902, "A508": 124.87008144591051, "A509": 130.47549766845518, "A510": 132.01559139268883, "A511": 139.27477232428356, "A512": 128.50791005873126, "A513": 123.29179286004177, "A514": 136.342276486125, "A515": 125.4400207267918, "A516": 133.3374006523963, "A517": 134.94147996078075, "A518": 129.9406842361715, "A519": 133.12831247338423, "A520": 135.53920182647093, "A521": 130.84060850281614, "A522": 127.89686401583613, "A523": 136.0542989464978, "A524": 130.021414330624, "B101": 127.3919081052748, "B102": 129.48106052975362, "B103": 138.45526784245004, "B104": 126.8796041016301, "B105": 120.14816550321913, "B106": 138.27350417587405, "B107": 128.3012624803822, "B108": 129.039098033568, "B109": 135.20185119600563, "B110": 134.83982414301266, "B111": 131.91831336375168, "B112": 135.50719917786267, "B113": 139.27917040860186, "B114": 132.0606964238075, "B115": 124.65244893070643, "B116": 130.81322750271505, "B117": 133.38268209277683, "B118": 127.39542667762342, "B119": 134.77338531385428, "B120": 123.55697682520575, "B121": 137.62944086133265, "B122": 132.89253670703462, "B123": 123.8591325238429, "B124": 128.17017179171347, "B201": 127.08706013481078, "B202": 122.09955414681967, "B203": 138.65739722340004, "B204": 128.87406568643488, "B205": 127.76064875765623, "B206": 128.53277517781174, "B207": 128.94326924346777, "B208": 121.77018547920567, "B209": 129.4406826285906, "B210": 130.4552429719576, "B211": 126.91139916184, "B212": 126.76967574210593, "B213": 129.60803879431953, "B214": 132.95792034308514, "B215": 140.47085084005977, "B216": 134.77921510448635, "B217": 138.53407777665953, "B218": 135.68493063577236, "B219": 135.78959609891717, "B220": 124.7491776579564, "B221": 136.27073593286073, "B222": 134.46524292141254, "B223": 132.86458909032783, "B224": 129.1985884488546, "B301": 132.92654219463392, "B302": 121.30595530024966, "B303": 131.36954286824994, "B304": 134.1383906793844, "B305": 132.8226698960534, "B306": 139.3954331181043, "B307": 131.27955052515875, "B308": 140.9139022570284, "B309": 131.4238308786061, "B310": 129.06543019570813, "B311": 137.89730711359704, "B312": 125.8554677272807, "B313": 126.10942669502413, "B314": 126.3989957864153, "B315": 127.18082268557896, "B316": 127.83928999273446, "B317": 126.10577105959061, "B318": 139.24460475582651, "B319": 126.6534889462653, "B320": 135.7506205275738, "B321": 129.72977152322312, "B322": 134.83595807126915, "B323": 141.15029488938964, "B324": 131.6471388464806, "B401": 130.31687121815318, "B402": 129.6825214576644, "B403": 129.34588152065757, "B404": 133.19218714822927, "B405": 129.61176180507002, "B406": 137.25327400716805, "B407": 125.28879654928303, "B408": 133.78827629580556, "B409": 134.59848639176283, "B410": 128.75512901583087, "B411": 135.51824160971663, "B412": 132.17882216748805, "B413": 139.26415922383705, "B414": 126.9332254389667, "B415": 136.31638650044098, "B416": 128.20183095549925, "B417": 128.10565304528663, "B418": 136.40968976952115, "B419": 129.82515598338503, "B420": 127.10574441627226, "B421": 128.6283434517316, "B422": 127.3093739485577, "B423": 126.90628963263703, "B424": 126.8967023277758, "B501": 129.7100102686607, "B502": 124.25800054723037, "B503": 119.86874413582866, "B504": 133.90296830590265, "B505": 124.55249095735739, "B506": 129.68995796972737, "B507": 130.3406216835691, "B508": 127.28846963634734, "B509": 131.40802677265896, "B510": 133.0870958124687, "B511": 127.68990094888403, "B512": 131.88129331840375, "B513": 133.05120486863365, "B514": 137.60198860875974, "B515": 132.0320493785611, "B516": 132.79560259605836, "B517": 137.7670071172149, "B518": 136.40240175145018, "B519": 131.81811083481375, "B520": 134.97999285824199, "B521": 137.83627032341354, "B522": 133.9153463252848, "B523": 129.73691711326418, "B524": 132.10779611681895, "C101": 126.53233612370057, "C102": 135.63429037343985, "C103": 127.2941546055324, "C104": 131.71573398594558, "C105": 138.20477504308576, "C106": 131.72861581168578, "C107": 136.04985797470067, "C108": 129.2215595188865, "C109": 130.30174813302344, "C110": 135.00880143610684, "C111": 128.85688479480052, "C112": 127.94927150253596, "C113": 122.5032347301232, "C114": 133.86285889060017, "C115": 132.42917344079098, "C116": 131.49201543017662, "C117": 129.01899748624646, "C118": 128.4799958004794, "C119": 127.16158500245712, "C120": 127.08007258380655, "C121": 124.7328652844933, "C122": 131.56488020042755, "C123": 129.5583243233083, "C124": 127.5979921016528, "C201": 138.09178612809157, "C202": 128.57123159476646, "C203": 133.60637511744972, "C204": 129.9025616819786, "C205": 130.77211123632566, "C206": 132.59649040225892, "C207": 138.46794361791888, "C208": 131.06812005586127, "C209": 131.67043221288412, "C210": 128.82082913944242, "C211": 126.85697097533568, "C212": 127.37084060263265, "C213": 136.85059191422462, "C214": 135.86722343901647, "C215": 128.25857133998903, "C216": 132.7877299947796, "C217": 128.7660198664244, "C218": 134.17115641233528, "C219": 123.79355496345353, "C220": 124.61144964366149, "C221": 131.94788392178378, "C222": 126.49182446391791, "C223": 133.5398581895719, "C224": 127.42132012758162,