{"A101": 50.28964831470557, "A102": 44.54077523133811, "A103": 50.35472547960178, "A104": 51.86951815557062, "A105": 46.72031131274359, "A106": 43.29660242641072, "A107": 46.00790023937163, "A108": 52.513448327280955, "A109": 46.74095669416731, "A110": 50.72060352113707, "A111": 47.50464273940835, "A112": 51.04681222346069, "A113": 47.387440504719564, "A114": 42.97996174562166, "A115": 50.38536742651446, "A116": 46.3144146091792, "A117": 46.78934208833478, "A118": 54.21252391033462, "A119": 47.58385139200923, "A120": 53.07130646165159, "A121": 51.10984978372245, "A122": 50.63118886051883, "A123": 49.37351772461531, "A124": 46.87563704814213, "A201": 46.906638547240064, "A202": 53.450622515258885, "A203": 48.86530873076503, "A204": 46.1015224511907, "A205": 46.95747450660216, "A206": 47.226512309136304, "A207": 48.44069880219448, "A208": 48.5569456488112, "A209": 48.9645003605396, "A210": 44.94184698950448, "A211": 45.83331858744074, "A212": 55.75443130676854, "A213": 50.13086160970651, "A214": 44.7347869108398, "A215": 49.26327819339124, "A216": 48.765807443897295, "A217": 47.93495112603509, "A218": 43.3617288482047, "A219": 46.573935366668806, "A220": 47.08523901346862, "A221": 42.80569813889834, "A222": 48.37006949765781, "A223": 49.02577105860431, "A224": 51.69447615593454, "A301": 43.92056891277322, "A302": 44.57885555449681, "A303": 46.43016128265393, "A304": 45.79959113074829, "A305": 48.23339646153627, "A306": 49.32567281600346, "A307": 51.31682349936822, "A308": 45.085132609411346, "A309": 46.51928910637255, "A310": 47.35450608312278, "A311": 45.803452594359236, "A312": 45.807136743947346, "A313": 52.51062756914833, "A314": 49.71975110403191, "A315": 48.91882542964147, "A316": 54.964629376725995, "A317": 43.89684572215193, "A318": 45.0454867177409, "A319": 50.95421532597006, "A320": 42.22473182541861, "A321": 43.74297612752211, "A322": 43.8773263888394, "A323": 44.61458771883526, "A324": 46.296016634507204, "A401": 44.805711722769374, "A402": 49.38457404940876, "A403": 45.94877025368942, "A404": 43.46952824728329, "A405": 48.45438670077326, "A406": 46.49635323636065, "A407": 46.19096873065383, "A408": 46.78589266191628, "A409": 47.1146939570863, "A410": 51.43604837452371, "A411": 51.70355905877145, "A412": 45.437358333884376, "A413": 45.1436947539637, "A414": 46.9053386248163, "A415": 49.1746289180453, "A416": 46.10509867396194, "A417": 53.70880605898383, "A418": 52.81654725794864, "A419": 45.68512060958078, "A420": 49.359960210809874, "A421": 48.69471402205059, "A422": 43.74307363909915, "A423": 43.47045171410338, "A424": 46.12768971770203, "A501": 47.17612999114633, "A502": 49.03243097591225, "A503": 51.07434442843851, "A504": 49.942596365829345, "A505": 49.480165610393016, "A506": 48.073441784089226, "A507": 48.627095275515444, "A508": 46.25641206906659, "A509": 44.94173663569586, "A510": 47.95687009454825, "A511": 48.739408960714314, "A512": 45.5374845220481, "A513": 45.92843429556432, "A514": 52.71111005040187, "A515": 47.540853342127605, "A516": 51.260598478359036, "A517": 52.653382825061755, "A518": 48.581414849963, "A519": 48.54054429065635, "A520": 44.88413244268721, "A521": 51.43055065914309, "A522": 46.95918994549845, "A523": 49.83636017498003, "A524": 51.638708403125, "B101": 50.83500630750605, "B102": 50.644126445577896, "B103": 51.35182529285904, "B104": 42.73099723852847, "B105": 42.87258779211414, "B106": 49.719850703558734, "B107": 49.66324036567878, "B108": 47.318682417129025, "B109": 54.60280796554904, "B110": 50.29200603686128, "B111": 45.32028630400063, "B112": 52.537101524886054, "B113": 51.86808292824073, "B114": 47.32794648324148, "B115": 44.464262076442, "B116": 49.48576546714604, "B117": 43.6846391114465, "B118": 44.7043497365266, "B119": 53.44694717762945, "B120": 44.334894659290676, "B121": 49.50557805557895, "B122": 44.96731412826073, "B123": 46.45422419678247, "B124": 49.1337158867479, "B201": 43.97557850003342, "B202": 44.38698706407426, "B203": 50.191556959919225, "B204": 50.439484057755266, "B205": 42.430850928305794, "B206": 50.82101637002664, "B207": 46.564319957333424, "B208": 42.96987888754998, "B209": 50.27253441861945, "B210": 46.04800209653334, "B211": 48.36533734503947, "B212": 43.973463389698715, "B213": 45.5037410249078, "B214": 52.26507336718983, "B215": 54.873101619698005, "B216": 53.05212316976808, "B217": 51.46619533848134, "B218": 48.53092757691889, "B219": 48.258002404925236, "B220": 47.251292231878885, "B221": 52.28792009535053, "B222": 51.34782051934252, "B223": 48.977732139311605, "B224": 48.855276595697234, "B301": 48.162030891465385, "B302": 40.639661038199634, "B303": 45.54806577020558, "B304": 45.5498677726352, "B305": 46.63292181172818, "B306": 47.20962406086943, "B307": 44.64221982103883, "B308": 49.668330651810805, "B309": 49.57756765312891, "B310": 49.27698106067758, "B311": 52.83288833302853, "B312": 48.70446895347645, "B313": 48.12623849354338, "B314": 46.920883780199205, "B315": 47.98880242152984, "B316": 48.90876179646115, "B317": 51.01121661945123, "B318": 51.44997089668272, "B319": 48.83074134770945, "B320": 53.5724719283348, "B321": 45.97913292546398, "B322": 48.68304296268592, "B323": 51.58851227952054, "B324": 50.460772193162576, "B401": 49.03736712218291, "B402": 47.271901299215855, "B403": 51.02507285177848, "B404": 51.592988651991035, "B405": 48.28162026332461, "B406": 48.08468861184909, "B407": 50.12154220747225, "B408": 48.16036118230886, "B409": 49.25496010879375, "B410": 49.260363571263994, "B411": 50.17352095646004, "B412": 48.81657233333565, "B413": 51.971165779768604, "B414": 46.67218612639107, "B415": 48.14664334775605, "B416": 46.45561327345973, "B417": 46.282148863961005, "B418": 48.49779786402026, "B419": 49.82926857540768, "B420": 45.92948928701148, "B421": 45.01920793688249, "B422": 47.00502413266792, "B423": 47.04371740458195, "B424": 47.027868705163954, "B501": 50.504900729877825, "B502": 43.36134647701319, "B503": 44.95690708339773, "B504": 50.35886557249076, "B505": 45.35934313618878, "B506": 47.546906233211786, "B507": 46.75040236064214, "B508": 48.83117157307001, "B509": 53.245634341090266, "B510": 44.374531432134035, "B511": 47.88811620833915, "B512": 45.73513151851976, "B513": 49.312027730948074, "B514": 51.07525221310561, "B515": 49.60005575460758, "B516": 43.90525344940424, "B517": 51.15614982878576, "B518": 51.98358544792183, "B519": 50.270924015121025, "B520": 46.26784672550212, "B521": 46.28772166773594, "B522": 52.56902074777172, "B523": 47.58991288854376, "B524": 48.14642341049895, "C101": 44.87027261777004, "C102": 52.77355069340736, "C103": 50.150879055699086, "C104": 46.396187652012905, "C105": 50.8657207699475, "C106": 51.68891066685163, "C107": 52.756851438744846, "C108": 46.13359842700844, "C109": 46.659250376438564, "C110": 49.54114340732431, "C111": 48.01496544913817, "C112": 48.60610747298548, "C113": 45.75492850621459, "C114": 46.4142529944228, "C115": 49.9907923211951, "C116": 50.30671745583882, "C117": 47.80252923232925, "C118": 46.347003234842774, "C119": 44.49533017852835, "C120": 48.149900829201414, "C121": 45.44183849116959, "C122": 51.19313186967023, "C123": 46.964180566688306, "C124": 46.51776480462018, "C201": 47.38589286684416, "C202": 51.25803698687543, "C203": 47.70751266854066, "C204": 50.680891170883754, "C205": 47.20122897843736, "C206": 51.144631905630064, "C207": 50.859678793130215, "C208": 52.49479751008065, "C209": 45.44835376255993, "C210": 48.14360108205765, "C211": 45.94919930350605, "C212": 46.116687417534784, "C213": 53.86239484703837, "C214": 52.60595719059807, "C215": 43.639728302509894, "C216": 48.17547774082335, "C217": 50.01724799098299, "C218": 50.600443680846226, "C219": 44.69956677577732, "C220": 49.16760103025742, "C221": 46.87714957034119, "C222": 48.26825111566017, "C223": 48.138828428881965, "C224": 44.45834065498939, "C301": 51.82564426736486, "C302": 45.515098256768745, "C303": 49.751166980596935, "C304": 51.14423099919058, "C305": 50.08983212572596, "C306": 50.48311604224837,