{"A101": 328.32613653258034, "A102": 322.44270734311334, "A103": 329.67874024194055, "A104": 325.803011278304, "A105": 328.55228269028567, "A106": 314.51128831082536, "A107": 328.5135792047502, "A108": 333.7461967372734, "A109": 300.310734701392, "A110": 317.0500901518483, "A111": 315.543047441885, "A112": 326.0357186663627, "A113": 318.4310676676882, "A114": 327.08506720881456, "A115": 322.8760893516293, "A116": 315.82403076216326, "A117": 316.9763087015399, "A118": 338.1874626947559, "A119": 321.19427235729785, "A120": 325.01588526045646, "A121": 312.7690184568002, "A122": 336.03619397618417, "A123": 326.55696285956196, "A124": 321.0848744030077, "A201": 318.3113320699344, "A202": 325.1223936328278, "A203": 320.9200894594807, "A204": 315.36034068638304, "A205": 318.9937495556787, "A206": 323.70884533533, "A207": 329.2195542185698, "A208": 325.42758526310564, "A209": 326.4596130190647, "A210": 318.17540399468675, "A211": 312.57630360216797, "A212": 336.437023011489, "A213": 331.4905905478985, "A214": 314.4170871660557, "A215": 329.4036861589682, "A216": 317.17697025571033, "A217": 315.31807528275107, "A218": 326.0511515878061, "A219": 327.4400364786011, "A220": 331.6861390393201, "A221": 311.5483113475518, "A222": 317.70773469629586, "A223": 326.6142237440306, "A224": 316.1087589343206, "A301": 324.57261147505216, "A302": 325.99581207589193, "A303": 319.46398069298516, "A304": 322.41671834221535, "A305": 324.62377393630857, "A306": 323.7773767286793, "A307": 327.0079757450005, "A308": 328.55741315762697, "A309": 318.3686947543112, "A310": 325.36313638645584, "A311": 327.6007822715324, "A312": 314.5399621487501, "A313": 328.44413350295696, "A314": 326.0409765549351, "A315": 324.76651978264465, "A316": 336.4702998288725, "A317": 304.1023644275265, "A318": 318.0461259589551, "A319": 321.17829217721146, "A320": 311.23501744852547, "A321": 310.7834803238472, "A322": 324.13944985647515, "A323": 317.2377266293017, "A324": 320.0110382253464, "A401": 324.6999427079704, "A402": 320.20615770965355, "A403": 316.8137824726648, "A404": 324.039122043092, "A405": 324.7604373105083, "A406": 316.59403329469296, "A407": 326.8184919005862, "A408": 319.21051038346667, "A409": 317.17940120687024, "A410": 326.787237952248, "A411": 327.2403531943712, "A412": 315.3573304814387, "A413": 310.23714824801584, "A414": 310.56871297548787, "A415": 335.74480473049505, "A416": 325.8941184848284, "A417": 328.590247524405, "A418": 318.28845853424383, "A419": 311.6250801839734, "A420": 323.38727544398085, "A421": 316.68048339641865, "A422": 320.7578682127137, "A423": 317.59598919153865, "A424": 319.9185959070253, "A501": 315.6873309024729, "A502": 323.012356446307, "A503": 329.7232431027361, "A504": 326.3252664500635, "A505": 324.72413576123506, "A506": 313.98058569531025, "A507": 331.637805050498, "A508": 321.1148366222965, "A509": 326.91526164835676, "A510": 325.4027361761748, "A511": 329.8045989349147, "A512": 322.20945459652756, "A513": 318.31927522600085, "A514": 318.74128260412925, "A515": 323.60287443521275, "A516": 328.5365305963009, "A517": 327.5275022337606, "A518": 318.24983958846065, "A519": 329.5462825131129, "A520": 330.92777471138027, "A521": 335.07312781603065, "A522": 318.77249418749835, "A523": 324.5860175746507, "A524": 327.4452762046598, "B101": 313.6545289542137, "B102": 313.56746546823956, "B103": 335.01397814603104, "B104": 318.71537328776066, "B105": 312.310062526585, "B106": 335.3853679201811, "B107": 319.0073464548211, "B108": 320.9190805129513, "B109": 320.4937794282177, "B110": 314.6442414443389, "B111": 314.74411500420945, "B112": 333.133050434347, "B113": 332.80640152037773, "B114": 332.3510528098108, "B115": 313.77373660362014, "B116": 324.5782886977874, "B117": 337.5741470311194, "B118": 332.01815099296965, "B119": 320.4152965255521, "B120": 308.6292693539898, "B121": 325.03139479936823, "B122": 316.27083366507566, "B123": 308.97368405316104, "B124": 317.6063697666464, "B201": 318.62137516218564, "B202": 308.71711776424127, "B203": 335.214085773298, "B204": 328.54016110227843, "B205": 326.90894292625893, "B206": 325.0434133686233, "B207": 313.8434818364614, "B208": 314.8564957123958, "B209": 323.0261389084214, "B210": 327.2772013215971, "B211": 313.77270025739296, "B212": 312.3652060902838, "B213": 319.0602151993929, "B214": 332.52854187614645, "B215": 334.312256409674, "B216": 327.2610888198972, "B217": 318.1452378298771, "B218": 329.88441789759526, "B219": 331.9018056341605, "B220": 315.00354969654654, "B221": 335.2602382394799, "B222": 324.09714671476365, "B223": 326.7401819687767, "B224": 315.41681557717646, "B301": 326.0225970821339, "B302": 316.19461145421525, "B303": 312.09698499342596, "B304": 321.9656988731536, "B305": 323.9676206489223, "B306": 329.8414520816556, "B307": 327.60422556073195, "B308": 328.33671050100105, "B309": 326.59057898563583, "B310": 325.7016182992293, "B311": 333.9271480890993, "B312": 319.24254701255506, "B313": 315.847921931741, "B314": 317.18799237290517, "B315": 312.93284352697185, "B316": 327.44844280958455, "B317": 326.2222303309691, "B318": 329.8944558244993, "B319": 308.42103507902175, "B320": 326.9329539313951, "B321": 325.056967244202, "B322": 319.6522532451921, "B323": 328.8601155584585, "B324": 327.5675404192292, "B401": 320.1006793066992, "B402": 311.28585260397233, "B403": 323.499569577855, "B404": 322.18516335324176, "B405": 311.582134027705, "B406": 338.11816623622013, "B407": 307.6135535315756, "B408": 323.14876474474147, "B409": 322.65365106102587, "B410": 319.7275069838807, "B411": 322.3983774097646, "B412": 322.20813572516727, "B413": 329.2681306204733, "B414": 328.98346811527983, "B415": 330.69799423486586, "B416": 323.5407486495993, "B417": 319.0162859590835, "B418": 318.9009371072332, "B419": 318.54042960997907, "B420": 313.19486174192394, "B421": 313.9398602057811, "B422": 319.2510414537425, "B423": 320.41883264097663, "B424": 330.8446433444186, "B501": 322.2942187551023, "B502": 313.4571767634332, "B503": 309.6906607801326, "B504": 334.0423641144463, "B505": 309.274432720563, "B506": 329.05069203200617, "B507": 325.5605647572889, "B508": 322.0920540833835, "B509": 326.7173295202002, "B510": 325.3150924633076, "B511": 318.4930166848332, "B512": 316.728200921805, "B513": 327.2283020253247, "B514": 332.7112589878126, "B515": 319.93985457384326, "B516": 330.5589628505993, "B517": 331.78655795811204, "B518": 337.6153664637126, "B519": 325.3028333518991, "B520": 328.27770913829875, "B521": 337.2689422818941, "B522": 325.37283493440725, "B523": 317.2500904053198, "B524": 317.26255818328104, "C101": 317.46442279979505, "C102": 319.14549302239584, "C103": 330.6700626226128, "C104": 324.35161751570087, "C105": 331.5452716563511, "C106": 327.7091079076421, "C107": 333.85737180180894, "C108": 327.0679217571476, "C109": 316.7276600814654, "C110": 326.88087241215663, "C111": 322.7857613714733, "C112": 314.05957568064855, "C113": 322.91234258417904, "C114": 333.9417391999904, "C115": 323.2982819767043, "C116": 316.3908693626938, "C117": 326.66787308831215, "C118": 318.3182276857495, "C119": 324.64083140332673, "C120": 320.2928177325763, "C121": 312.66738629049934, "C122": 328.40617239649345, "C123": 312.8613780215299, "C124": 317.1810036521077, "C201": 332.58975239093695, "C202": 319.21232678082725, "C203": 324.907444909624, "C204": 330.100015669093, "C205": 322.97200119505584, "C206": 317.5982565491425, "C207": 330.9808668179638, "C208": 329.0252751358313, "C209": 324.7895538477024, "C210": 318.1166974174736, "C211": 315.51508280559807, "C212": 314.63765073509353, "C213": 326.9799097742532, "C214": 324.37188222749876, "C215": 322.1668982296238, "C216": 319.1004380310026, "C217": 317.7609383449946, "C218": 323.6544056985268, "C219": 306.854396678639, "C220": 318.26041363919825, "C221": 324.3232541961531, "C222": 319.6365200451989, "C223": 324.571016537455, "C224": 324.41639222947094, "C301": 334.74900186627616, "C302": 316.6453373833801, "C303": 323.5351354294982, "C304": 320.76531251997164,