{"A101": 66.12453781814573, "A102": 59.17301740384397, "A103": 65.90061556942018, "A104": 68.90939160719275, "A105": 62.63193267208858, "A106": 59.212949417653725, "A107": 64.58570226986023, "A108": 68.79185299285633, "A109": 62.259338827717855, "A110": 68.22329689081445, "A111": 61.47527856837791, "A112": 68.3458308505569, "A113": 62.73901743761094, "A114": 60.698505350423794, "A115": 63.20210886273993, "A116": 61.364930521562066, "A117": 63.80371137992056, "A118": 71.28582975080882, "A119": 63.381213568279684, "A120": 70.21048682779971, "A121": 65.51458504497316, "A122": 68.59773957432601, "A123": 68.73657557641963, "A124": 64.4461867751772, "A201": 60.69721082131897, "A202": 68.9870515342578, "A203": 63.8088370180587, "A204": 62.63522287057934, "A205": 61.70461031705399, "A206": 65.28625691384568, "A207": 63.427294636178864, "A208": 66.32114551907694, "A209": 65.1228660909575, "A210": 61.11760246044684, "A211": 62.679598752879876, "A212": 74.35997368317271, "A213": 63.69534324281902, "A214": 61.83358420361955, "A215": 63.962259982158955, "A216": 63.6347696075782, "A217": 64.8074451451376, "A218": 62.80697321747723, "A219": 65.58939506082123, "A220": 63.67741882481369, "A221": 58.70524840985355, "A222": 62.69717925622761, "A223": 66.70597161012033, "A224": 66.34397788172802, "A301": 59.71120557454198, "A302": 59.08667272384855, "A303": 63.99777396916882, "A304": 63.00933673965758, "A305": 64.57509534368317, "A306": 65.69334862049413, "A307": 65.01298387280538, "A308": 61.737435729770255, "A309": 62.5951017225919, "A310": 62.612112441994654, "A311": 62.991417630758164, "A312": 60.0542822415006, "A313": 72.47605906074273, "A314": 66.82683731614706, "A315": 64.39480422959974, "A316": 70.54032947494844, "A317": 55.83823737703966, "A318": 61.96895166592696, "A319": 64.16910594698247, "A320": 56.15747671555539, "A321": 57.54872622934629, "A322": 60.61938207672131, "A323": 59.64285073724547, "A324": 65.74123017310234, "A401": 64.47400764495968, "A402": 63.99835855135066, "A403": 62.18129081612797, "A404": 60.99929715141831, "A405": 65.4297336362989, "A406": 61.21912339083927, "A407": 61.51279694355309, "A408": 63.433678912492596, "A409": 63.82884021113746, "A410": 70.59710223784542, "A411": 68.51741912893765, "A412": 62.23439009880887, "A413": 60.70707290531944, "A414": 61.7585708662355, "A415": 63.67573569402407, "A416": 62.62822973877605, "A417": 71.58213031017941, "A418": 69.62178280026795, "A419": 59.271095201545066, "A420": 63.56811471378141, "A421": 64.53285280847045, "A422": 62.074827748348284, "A423": 59.49977220270691, "A424": 60.42441653408526, "A501": 61.4761096421461, "A502": 64.1068057093096, "A503": 65.82934453877647, "A504": 67.01439901689149, "A505": 67.89553203647698, "A506": 63.48976933683229, "A507": 66.22010646881189, "A508": 61.073450526521626, "A509": 57.222912877608884, "A510": 61.69156779475307, "A511": 66.37113575141814, "A512": 60.44298178186387, "A513": 60.20710525693342, "A514": 70.27046114175731, "A515": 61.37725173284497, "A516": 67.50457886708864, "A517": 68.92558610916316, "A518": 64.59755852407466, "A519": 64.69281960723451, "A520": 59.67789541097194, "A521": 70.4283490689242, "A522": 63.40061327228004, "A523": 68.57740080578141, "A524": 66.77492970345517, "B101": 66.5664813501888, "B102": 67.86300070715325, "B103": 67.41549189695439, "B104": 58.56128687298971, "B105": 57.81277345749596, "B106": 66.41054939890032, "B107": 63.88053803342501, "B108": 61.55411076232409, "B109": 69.68673815798766, "B110": 67.30888661395127, "B111": 62.83529209998693, "B112": 70.01955201477082, "B113": 69.13253659311323, "B114": 62.29566980379356, "B115": 58.34786636835074, "B116": 64.53668755191252, "B117": 59.96548909933305, "B118": 60.55641648500212, "B119": 68.51190803406655, "B120": 57.768466010439084, "B121": 65.67905401479217, "B122": 62.23102581869331, "B123": 62.576193774409816, "B124": 63.12622412118381, "B201": 58.512010029781656, "B202": 59.85750373933381, "B203": 66.6363827050152, "B204": 65.79060839002985, "B205": 58.69114577986964, "B206": 66.70684802679946, "B207": 61.368703207917704, "B208": 58.87797785120311, "B209": 67.3498786395575, "B210": 63.792752943619426, "B211": 62.50863333074647, "B212": 58.96209417108482, "B213": 63.48367296249688, "B214": 67.94442063868125, "B215": 70.90656965201404, "B216": 69.22038292381663, "B217": 66.71120753001826, "B218": 68.3289421167191, "B219": 64.49500547239474, "B220": 64.2703708361559, "B221": 70.35501438831356, "B222": 65.06620251347177, "B223": 64.31876379603163, "B224": 66.37749049203805, "B301": 65.01509129395403, "B302": 53.97959588057961, "B303": 61.87799226052241, "B304": 62.65832108130534, "B305": 63.24857433233827, "B306": 63.71412881023785, "B307": 61.39722148675438, "B308": 66.80324893349938, "B309": 68.83268400164462, "B310": 63.69669252022904, "B311": 70.16984584975208, "B312": 65.50334350784647, "B313": 62.930859558267954, "B314": 60.80806366248057, "B315": 63.47864788438655, "B316": 65.13360775718607, "B317": 65.26371283338024, "B318": 69.79048903462397, "B319": 63.45913734403774, "B320": 70.6221700091466, "B321": 61.50626666782147, "B322": 63.60919335882092, "B323": 67.50101443759593, "B324": 66.33773397143317, "B401": 60.81309991098147, "B402": 63.705110452171596, "B403": 66.4570273382087, "B404": 68.09009441432372, "B405": 62.306807148705886, "B406": 61.09961672240968, "B407": 63.781162746938215, "B408": 65.47156985602066, "B409": 65.28072566539878, "B410": 62.171141119437216, "B411": 67.74942176172281, "B412": 62.685694328265434, "B413": 66.6275766386059, "B414": 63.14614208431698, "B415": 67.58527354810765, "B416": 62.78718208277738, "B417": 62.65402955176905, "B418": 64.70439859507621, "B419": 66.64011320465644, "B420": 61.09274765460577, "B421": 62.888434091806865, "B422": 62.44714809906838, "B423": 63.42827031090105, "B424": 64.00849839406564, "B501": 70.07554450978144, "B502": 60.771104848915, "B503": 59.84825448361323, "B504": 64.43690200680513, "B505": 60.68406111373547, "B506": 62.87275420785678, "B507": 63.7404362333165, "B508": 64.2931371028564, "B509": 69.98197673659554, "B510": 61.316392541291016, "B511": 61.45410638717203, "B512": 62.80135481736696, "B513": 64.8583235088001, "B514": 67.22973724850527, "B515": 64.03256957404672, "B516": 60.93663115557564, "B517": 67.35939885802628, "B518": 68.05311071921628, "B519": 65.66276581853693, "B520": 64.33407695880805, "B521": 66.20535331045464, "B522": 68.30997335608407, "B523": 64.8301381802025, "B524": 63.20312058991222, "C101": 60.59642468097716, "C102": 71.74598328435778, "C103": 64.96889433816123, "C104": 63.0984442684596, "C105": 69.71748347611211, "C106": 67.53995956470368, "C107": 70.52636051692902, "C108": 62.46041129250148, "C109": 62.00918448017365, "C110": 65.6056699614285, "C111": 65.402740434853, "C112": 65.0120688546375, "C113": 61.36438756143905, "C114": 62.07680037463452, "C115": 65.47915544551427, "C116": 66.99800951557351, "C117": 61.58532395002737, "C118": 63.44473366345376, "C119": 60.1711861947141, "C120": 60.8337150652762, "C121": 60.469474750105256, "C122": 66.0015302608919, "C123": 62.518268952462606, "C124": 61.245340400192376, "C201": 65.10284310052661, "C202": 65.8042295233876, "C203": 64.03850938699227, "C204": 65.31670066432031, "C205": 63.95890351552677, "C206": 65.67174747072218, "C207": 69.47886422251383, "C208": 65.99829227726045, "C209": 61.21906107404564, "C210": 61.42650906877705, "C211": 63.25755514296508, "C212": 63.68975810376659, "C213": 68.15003707440538, "C214": 68.17335351992213, "C215": 60.558128390880256, "C216": 65.80491780527623, "C217": 66.5144193993573, "C218": 65.99120938733033, "C219": 60.12983213901983, "C220": 63.691084410939, "C221": 65.38965104841195, "C222": 64.5009745081765, "C223": 64.74547709362426, "C224": 60.58617369584284, "C301": 65.79387329147656, "C302": 63.034904581053006, "C303": 64.33903729770641, "C304": 65.21451374262952, "C305": 69.57681777508164, "C306": 65.89959021548425, "C307": 70.09006295212188, "C308": 61.32072771149334,