{"A101": 209.56337020216742, "A102": 192.8073028890804, "A103": 199.8733865937564, "A104": 210.47568012509618, "A105": 198.72768183055155, "A106": 191.43565304721227, "A107": 202.97627956007287, "A108": 209.93168714211123, "A109": 185.2450072888918, "A110": 205.84418100680116, "A111": 196.52237500128777, "A112": 202.25350045934098, "A113": 191.66459850358433, "A114": 201.92395803203135, "A115": 195.20033659645807, "A116": 196.7867502356968, "A117": 195.97414884707328, "A118": 210.64876021872763, "A119": 196.71863817593916, "A120": 202.28559772737754, "A121": 201.52484926473764, "A122": 210.466589457366, "A123": 202.23842720647863, "A124": 195.15377983971462, "A201": 195.8652726495073, "A202": 204.88939070018768, "A203": 193.116162990315, "A204": 194.0235335633454, "A205": 199.2952104423346, "A206": 201.03487583423603, "A207": 203.84654581752073, "A208": 199.01548711578988, "A209": 201.40059575130704, "A210": 198.2587611796204, "A211": 192.96520388129088, "A212": 209.44118294441623, "A213": 201.7004107261815, "A214": 190.83297385636007, "A215": 206.4186794574567, "A216": 194.21950224385552, "A217": 198.81534518759983, "A218": 200.6691926267456, "A219": 200.7136790188115, "A220": 203.545728709184, "A221": 195.06128624878878, "A222": 193.90217960239949, "A223": 209.0207923480108, "A224": 196.0330769144209, "A301": 193.94885177600082, "A302": 203.19004506057962, "A303": 195.97758598428592, "A304": 200.65214189783032, "A305": 206.60876844975311, "A306": 203.7009065311577, "A307": 207.22472563159246, "A308": 196.32550080677476, "A309": 191.1800536886465, "A310": 195.95071535708902, "A311": 205.17021261645033, "A312": 194.44413874985509, "A313": 210.34320624062585, "A314": 201.97591614990267, "A315": 199.7713503884814, "A316": 206.67136904328092, "A317": 185.53929956150148, "A318": 196.2340094160203, "A319": 195.40184151008347, "A320": 191.08520858132474, "A321": 183.61260230357635, "A322": 196.6149577490961, "A323": 192.27991891515177, "A324": 197.93990882165028, "A401": 202.38374541252165, "A402": 203.4160420658932, "A403": 195.21012468096836, "A404": 201.15804351366512, "A405": 208.30173326778825, "A406": 197.31854777091482, "A407": 195.94315041509253, "A408": 198.5483394530275, "A409": 194.2666520412064, "A410": 206.09427490041264, "A411": 204.53777307198055, "A412": 200.40108528072676, "A413": 189.78493555208698, "A414": 193.1147446359846, "A415": 208.9232424315808, "A416": 200.4499963493607, "A417": 213.02059336182452, "A418": 199.33409399799805, "A419": 190.29775013140815, "A420": 203.2633719952773, "A421": 197.27276662919283, "A422": 191.838707790868, "A423": 194.8589308296108, "A424": 199.46491987728572, "A501": 193.52207423329617, "A502": 204.0829352163787, "A503": 207.8709977677324, "A504": 203.72131497797142, "A505": 196.39001728263364, "A506": 194.3605101418497, "A507": 208.50763818341417, "A508": 189.46120613983715, "A509": 200.80714330331614, "A510": 198.48667383372387, "A511": 209.70069602005123, "A512": 194.48201858442036, "A513": 190.96883861796408, "A514": 199.62194261518937, "A515": 196.15611017743444, "A516": 208.54398116616548, "A517": 206.5388458101634, "A518": 195.6557936415113, "A519": 204.71104490349518, "A520": 206.97468068210702, "A521": 201.91610964961396, "A522": 195.5554698937053, "A523": 204.30237178175605, "A524": 200.2434909155807, "B101": 193.18805014896492, "B102": 194.9852380870607, "B103": 208.86050024588266, "B104": 191.1129541590899, "B105": 194.13487247834212, "B106": 209.37402811245383, "B107": 195.69949097098237, "B108": 197.61219428020735, "B109": 206.0601170811245, "B110": 194.89778553624538, "B111": 198.25032548801718, "B112": 207.24693908528255, "B113": 209.06837985092432, "B114": 197.34333194618256, "B115": 194.71431141342876, "B116": 201.50217467826596, "B117": 204.98468274455894, "B118": 195.15769620162274, "B119": 199.58560126002237, "B120": 183.6467323133071, "B121": 207.73468330520964, "B122": 199.5955653459607, "B123": 193.6624023659656, "B124": 195.07722728118236, "B201": 195.84861663229717, "B202": 189.93762743770057, "B203": 210.37855640156948, "B204": 201.3479328658594, "B205": 203.8221879829575, "B206": 197.616771248802, "B207": 194.87964993622393, "B208": 193.23265933123696, "B209": 199.96824845661456, "B210": 202.5989643398829, "B211": 191.86323326203006, "B212": 189.44501931403374, "B213": 197.36089258390683, "B214": 205.45303647464726, "B215": 207.6610466421103, "B216": 205.93629120824446, "B217": 203.13800873109443, "B218": 206.919928979281, "B219": 206.18213191444514, "B220": 191.05130541608608, "B221": 211.72954048715994, "B222": 205.15505386131184, "B223": 201.62858522840017, "B224": 194.36164361480684, "B301": 201.3326318076319, "B302": 196.289892905826, "B303": 197.30784530794767, "B304": 200.23432898031803, "B305": 201.93501476904868, "B306": 209.51655299127808, "B307": 201.73977869394665, "B308": 212.86688899578567, "B309": 196.3182129011429, "B310": 201.2234119938972, "B311": 211.67398530632633, "B312": 197.25507091056687, "B313": 190.82782795293537, "B314": 191.67571014747486, "B315": 195.38812857346758, "B316": 205.33209073510073, "B317": 196.16137639817643, "B318": 210.1458337638753, "B319": 196.4340786989593, "B320": 202.62655361981024, "B321": 200.8812524619945, "B322": 202.17800523560692, "B323": 215.73135934827806, "B324": 200.11389152694395, "B401": 195.4267918597699, "B402": 198.05671416929457, "B403": 204.51545265704948, "B404": 194.82028308806673, "B405": 193.37724180489158, "B406": 212.62602978460052, "B407": 189.9001731136007, "B408": 200.4641842405779, "B409": 199.10013238068768, "B410": 196.25124124453444, "B411": 204.47246305282255, "B412": 202.98206307394022, "B413": 209.97322829564888, "B414": 200.8032462836107, "B415": 204.28214346184438, "B416": 196.03021825395913, "B417": 200.886908984404, "B418": 201.29802529368132, "B419": 197.83565761048297, "B420": 190.3108268951817, "B421": 191.2424554200267, "B422": 199.629848443923, "B423": 197.3591698795349, "B424": 198.7295092899699, "B501": 204.29163688496553, "B502": 193.13959812877184, "B503": 184.50779836666777, "B504": 207.18006888207796, "B505": 193.7444099553526, "B506": 197.61543735909464, "B507": 202.15467606786268, "B508": 199.3729969258002, "B509": 202.38629567211132, "B510": 203.2110381869636, "B511": 194.9475168142857, "B512": 200.95467428239334, "B513": 208.4192651453628, "B514": 206.71217814406958, "B515": 203.49530949798446, "B516": 206.20918158380434, "B517": 206.0420078819724, "B518": 214.30318854942723, "B519": 195.30420598307924, "B520": 204.13885936287608, "B521": 210.15059144533498, "B522": 204.8322336240782, "B523": 199.74893105304298, "B524": 203.35491595408956, "C101": 189.70155673459004, "C102": 199.29188590422456, "C103": 199.63709998864763, "C104": 201.42430645792714, "C105": 208.57032890059847, "C106": 202.41481334712162, "C107": 209.49583575953028, "C108": 200.81401017416775, "C109": 197.80946815773532, "C110": 203.543161522707, "C111": 202.93855045782996, "C112": 192.47381268882793, "C113": 198.12213499278113, "C114": 207.6520793600048, "C115": 200.54900990706412, "C116": 195.7948717103472, "C117": 195.94839274480572, "C118": 198.51816620494796, "C119": 194.44002398348917, "C120": 192.87356132846526, "C121": 192.86361267284292, "C122": 201.53048143568424, "C123": 194.26972794467176, "C124": 195.3279406086296, "C201": 208.93063065895606, "C202": 195.77733929526897, "C203": 205.7596805852344, "C204": 203.24765484422588, "C205": 199.72723204465402, "C206": 201.23518770013922, "C207": 210.2995030757643, "C208": 202.50827485948327, "C209": 207.3253748098304, "C210": 196.24494449766868, "C211": 194.0740222467134, "C212": 197.144346658482, "C213": 203.15436027824512, "C214": 208.3236587662131, "C215": 194.602087850562, "C216": 200.39527194245565, "C217": 197.5899281622427, "C218": 198.31623145886965, "C219": 188.2161732014384, "C220": 195.1234453002621, "C221": 198.78255310341413, "C222": 194.83718635764293, "C223": 199.10598229233977, "C224": 198.74008932679234, "C301": 204.45114696260788,