{"A101": 106.43197827147131, "A102": 94.04443397840309, "A103": 102.7306685046707, "A104": 109.35259330458905, "A105": 98.5506080308263, "A106": 93.79479592870209, "A107": 97.53154870264306, "A108": 108.13012156817976, "A109": 97.054810198381, "A110": 105.02074398190373, "A111": 96.6742867370668, "A112": 103.45297382181342, "A113": 100.34279976093687, "A114": 96.56397777425357, "A115": 95.92150355319413, "A116": 97.3493717645142, "A117": 95.48696475192298, "A118": 113.18715675339605, "A119": 100.88419277140468, "A120": 106.48608522124314, "A121": 101.439528668598, "A122": 103.78455909197983, "A123": 103.57039517558903, "A124": 98.75137691845188, "A201": 96.84615701006997, "A202": 110.82217606687422, "A203": 97.2288510755031, "A204": 101.93143158586884, "A205": 100.19978098351842, "A206": 101.60425649972807, "A207": 103.415153580438, "A208": 105.63313986777636, "A209": 100.39674019372757, "A210": 97.91010637962997, "A211": 97.83864174538917, "A212": 114.95956990033302, "A213": 101.44683379940454, "A214": 98.73136006256173, "A215": 105.65984331593907, "A216": 97.46342326702192, "A217": 99.5471216919113, "A218": 102.45466062604515, "A219": 99.6948248466216, "A220": 102.65440774126755, "A221": 93.67869147648241, "A222": 97.28770135493832, "A223": 106.3957742227023, "A224": 102.31112530201369, "A301": 93.79440130531013, "A302": 96.7540658485366, "A303": 99.72889492291633, "A304": 102.72187627410226, "A305": 103.00806506944318, "A306": 104.34912653255654, "A307": 105.0179457218007, "A308": 101.6576271746286, "A309": 94.04442584659364, "A310": 100.17201681302417, "A311": 100.29997418554038, "A312": 95.18306179619798, "A313": 109.50339223330023, "A314": 104.57048100578483, "A315": 100.88905894832524, "A316": 105.38335337668514, "A317": 92.12566050319046, "A318": 96.52014066951529, "A319": 94.94598951866391, "A320": 97.32974827816082, "A321": 94.48340288732467, "A322": 96.5430311788465, "A323": 94.48170283015843, "A324": 101.14529380544286, "A401": 108.24830480544061, "A402": 103.50674156815666, "A403": 97.02482060321526, "A404": 97.79237971904787, "A405": 107.86105455632395, "A406": 97.02431733983744, "A407": 100.21647054818487, "A408": 99.6620818614536, "A409": 103.38519389523127, "A410": 111.70343152378837, "A411": 106.51154546077522, "A412": 98.51190119174727, "A413": 97.56810281562089, "A414": 94.42966073771738, "A415": 105.72291024810286, "A416": 101.02022909851355, "A417": 109.53252538438639, "A418": 103.67449808727075, "A419": 96.68947573376899, "A420": 104.22059981435959, "A421": 101.22434658797167, "A422": 98.61242911900898, "A423": 97.37206513392692, "A424": 101.29802244696752, "A501": 99.90028036358164, "A502": 104.39861734422516, "A503": 105.69926261897344, "A504": 107.28006275233318, "A505": 104.61345923953415, "A506": 103.00914449970313, "A507": 105.14002821153198, "A508": 98.15899981763286, "A509": 100.07696191856826, "A510": 100.86372605504852, "A511": 107.78771633464433, "A512": 98.98300972610252, "A513": 93.80273760926717, "A514": 105.0997158647735, "A515": 97.74551956804963, "A516": 102.22606122218282, "A517": 105.6053477105314, "A518": 101.41212220539613, "A519": 102.18980186187805, "A520": 100.29349424004577, "A521": 104.82037874241799, "A522": 101.41039875843269, "A523": 105.57095569694135, "A524": 99.04783958076182, "B101": 101.28212098711863, "B102": 106.153185898434, "B103": 104.01479630353174, "B104": 99.47798129305237, "B105": 89.78305515334459, "B106": 108.59000448604613, "B107": 99.38718802225253, "B108": 98.48717205319956, "B109": 109.35560052430918, "B110": 102.57375408628643, "B111": 102.97127597041113, "B112": 106.64072991430761, "B113": 108.62907289762245, "B114": 103.89060704383243, "B115": 97.26827521700503, "B116": 103.23667799853042, "B117": 98.73974431725219, "B118": 98.40020340206362, "B119": 108.16833843564001, "B120": 93.43932110086843, "B121": 108.72925001371183, "B122": 103.64433712248294, "B123": 97.0001317545934, "B124": 101.75777917529817, "B201": 100.1703501259252, "B202": 93.76296500161963, "B203": 106.91483165883889, "B204": 94.39631094953972, "B205": 96.19852898537502, "B206": 103.81202193668318, "B207": 98.35311701633303, "B208": 92.92091636408227, "B209": 102.28217186265412, "B210": 102.1262661297052, "B211": 101.05147263224397, "B212": 97.66769366860069, "B213": 102.0461412795142, "B214": 104.02669655006615, "B215": 109.38363075693799, "B216": 107.55589275393234, "B217": 105.21725725309895, "B218": 105.07071077788964, "B219": 106.25323823485064, "B220": 99.96022241906944, "B221": 107.29195213490134, "B222": 103.67891643364442, "B223": 104.37486387850426, "B224": 99.99889849205755, "B301": 104.28381769480599, "B302": 91.76272736924169, "B303": 101.78804659659129, "B304": 104.99149832715392, "B305": 101.65568456794588, "B306": 109.58407491459201, "B307": 98.78281318915703, "B308": 108.6088082274778, "B309": 101.71444357073023, "B310": 98.5510358638252, "B311": 109.57200742633016, "B312": 100.02871096787202, "B313": 96.18753546648713, "B314": 97.13278422463928, "B315": 99.66704725540757, "B316": 99.41480699078993, "B317": 98.04323873368615, "B318": 108.01646716544911, "B319": 98.20026425768324, "B320": 109.42233849419884, "B321": 100.2018656558847, "B322": 105.46373177723808, "B323": 108.54259723966766, "B324": 105.72328408367632, "B401": 97.56780114085011, "B402": 104.14822966014123, "B403": 103.01541576394342, "B404": 103.09076000093856, "B405": 102.43093057371978, "B406": 103.23857641197486, "B407": 96.84067640318213, "B408": 101.66716657418407, "B409": 103.60056327874281, "B410": 103.27402476678455, "B411": 104.90980443596462, "B412": 99.5000429794737, "B413": 109.50503927548938, "B414": 96.43083625176347, "B415": 109.8261000355967, "B416": 99.04535240281344, "B417": 99.52823644714626, "B418": 104.39761114661837, "B419": 104.90137808787753, "B420": 98.7343247571788, "B421": 100.84542574712185, "B422": 98.68871958093243, "B423": 100.09566087387537, "B424": 100.21965391342837, "B501": 99.7004934296969, "B502": 96.59841156362451, "B503": 92.88539183396016, "B504": 102.15561810825425, "B505": 99.40647466996039, "B506": 100.46503569700246, "B507": 101.01038375189137, "B508": 98.52452881199997, "B509": 105.7859540892694, "B510": 105.48636156224694, "B511": 99.57075356982634, "B512": 101.0445522774372, "B513": 100.59069903093868, "B514": 103.97005728644007, "B515": 103.55680474368829, "B516": 102.4060476023127, "B517": 107.37531493453513, "B518": 104.18944025842028, "B519": 103.8458227322826, "B520": 105.55283755509824, "B521": 107.18263260046629, "B522": 105.8769503118564, "B523": 99.59117892843732, "B524": 101.54464135218028, "C101": 96.91044484455907, "C102": 107.1212747428226, "C103": 99.67525211236443, "C104": 101.6122132516222, "C105": 108.93546036771536, "C106": 104.66000315641512, "C107": 107.8541667704207, "C108": 99.30669272067888, "C109": 100.63718134760175, "C110": 102.19682808523417, "C111": 100.77622296155158, "C112": 99.15317060955334, "C113": 97.41310221437588, "C114": 102.96077450482623, "C115": 101.75930507993858, "C116": 102.60163966894872, "C117": 98.70431089875265, "C118": 100.59397318077971, "C119": 96.82975141882133, "C120": 98.46333553537097, "C121": 96.57322878688413, "C122": 103.7661290983708, "C123": 101.2570222906494, "C124": 98.43121316439438, "C201": 107.68973067044143, "C202": 102.4626370771562, "C203": 101.40837608349904, "C204": 97.90982982808755, "C205": 100.20839470319486, "C206": 102.87716536267257, "C207": 107.56230156342154, "C208": 103.19304051280066, "C209": 100.72970530944878, "C210": 99.33124754194559, "C211": 100.36579565330506, "C212": 102.72662866101946, "C213": 106.37387296293791, "C214": 106.22596875541842, "C215": 99.9224010569871, "C216": 102.19249924273717, "C217": 99.13323086575292, "C218": 107.06378894550237, "C219": 97.22801991091295, "C220": 99.2269862294496, "C221": 102.31969132367682, "C222": 98.85894104169257, "C223": 101.98977281412573, "C224": 96.1296169875595, "C301": 102.29499609199797, "C302": 100.51707295888515, "C303": 98.91854282299035,