{"A101": 55.30707836607751, "A102": 49.79755610829903, "A103": 55.69498051822063, "A104": 58.61722117979682, "A105": 50.60903092748387, "A106": 48.603761543953375, "A107": 52.395898034864985, "A108": 59.48616383045374, "A109": 50.80541235330522, "A110": 57.28791273282083, "A111": 51.23426777596531, "A112": 57.25240330493595, "A113": 51.38264796593341, "A114": 49.77376186702096, "A115": 54.604385863148295, "A116": 51.94448302805539, "A117": 53.93159224520954, "A118": 61.54986228283728, "A119": 53.426285706661574, "A120": 58.21601541549241, "A121": 57.23426675200937, "A122": 55.45560956515305, "A123": 55.421845768434565, "A124": 53.359137774701054, "A201": 51.83755946500248, "A202": 58.28027569928071, "A203": 54.32753607405536, "A204": 52.98942620170381, "A205": 51.82057968362018, "A206": 53.57280628339091, "A207": 53.71455034072523, "A208": 55.92606942089758, "A209": 53.916715054841035, "A210": 51.4457397835901, "A211": 52.64961104000126, "A212": 61.67871113380609, "A213": 55.452128081855086, "A214": 51.326394765381934, "A215": 53.272547515748904, "A216": 52.59937299197302, "A217": 53.26379754377789, "A218": 51.13352338637469, "A219": 53.08816711860961, "A220": 54.00094642196086, "A221": 47.95185356503403, "A222": 53.407950161179784, "A223": 55.81719094459836, "A224": 56.79739677620597, "A301": 50.17621257601514, "A302": 49.89982788554998, "A303": 51.73079382150884, "A304": 52.682971179563, "A305": 53.39078933499154, "A306": 54.82493236103872, "A307": 56.0727011892308, "A308": 50.61626218132068, "A309": 52.73819365276714, "A310": 51.51646167613383, "A311": 52.04094094547527, "A312": 50.81408874481583, "A313": 59.06786811826294, "A314": 55.250599016761065, "A315": 55.06571679589516, "A316": 60.69654455620536, "A317": 47.67615399342431, "A318": 50.46756981993242, "A319": 54.8617601867551, "A320": 46.357331044468395, "A321": 49.05922446837676, "A322": 49.294057784217216, "A323": 49.45587606703457, "A324": 51.62934227701004, "A401": 52.55469714573526, "A402": 53.373861106921474, "A403": 50.76472184032863, "A404": 49.71264543196803, "A405": 54.63125191270026, "A406": 51.57176766473623, "A407": 50.74984994400571, "A408": 52.034992572571106, "A409": 52.60250555151943, "A410": 57.48877578040617, "A411": 57.95427498163122, "A412": 51.35163717951371, "A413": 50.530183699976966, "A414": 52.694298056044936, "A415": 52.937986217546324, "A416": 52.14708496737805, "A417": 59.66086008219956, "A418": 59.03091182410459, "A419": 51.062262595729045, "A420": 55.636766163296954, "A421": 55.15577471775754, "A422": 49.75710401712325, "A423": 47.913663382985476, "A424": 50.892441068771035, "A501": 50.17880083598392, "A502": 54.577416690828784, "A503": 56.369345008984915, "A504": 54.86489237378637, "A505": 53.982079121043284, "A506": 53.50385940844276, "A507": 53.49846743024242, "A508": 51.46872850218701, "A509": 49.45235448078658, "A510": 52.08638010076423, "A511": 52.58164072273517, "A512": 51.40017667897894, "A513": 51.413319134093044, "A514": 57.6783680511946, "A515": 51.79270415466475, "A516": 56.80869977448605, "A517": 57.564028838683484, "A518": 53.318289228194054, "A519": 51.94475624331562, "A520": 49.85787229994126, "A521": 57.55667268898179, "A522": 52.219203339859014, "A523": 55.12400902214471, "A524": 56.38127279210647, "B101": 55.878769451918615, "B102": 58.496792123532074, "B103": 56.5595060113078, "B104": 47.48617934577025, "B105": 47.52463498439453, "B106": 54.47111413995238, "B107": 54.63719406145056, "B108": 51.299327217062256, "B109": 58.76200946710133, "B110": 54.98827218495588, "B111": 48.810194276795016, "B112": 57.77999861461629, "B113": 58.86641885279428, "B114": 51.764073562010886, "B115": 48.706925886081414, "B116": 55.106199051995205, "B117": 49.91929091773017, "B118": 50.82230963453245, "B119": 57.89033990771431, "B120": 48.27261066677552, "B121": 54.19060630673784, "B122": 49.90679527366868, "B123": 51.186581881626324, "B124": 54.85108648810534, "B201": 48.701326731412635, "B202": 49.217800984596366, "B203": 55.47935627913478, "B204": 55.73872389994831, "B205": 47.31860878166203, "B206": 56.464594535556515, "B207": 51.30374211151687, "B208": 49.552408768408334, "B209": 56.42337074803978, "B210": 52.46614325269629, "B211": 53.28627564621549, "B212": 49.787170993464734, "B213": 50.781335089728124, "B214": 57.725850550445, "B215": 59.31217657355341, "B216": 58.24224815877442, "B217": 55.92341449796449, "B218": 54.59666247138274, "B219": 54.12217462500528, "B220": 53.520585967435494, "B221": 58.00233935223237, "B222": 57.27296783997665, "B223": 53.28020227091577, "B224": 56.25267857473014, "B301": 54.243257950486836, "B302": 46.443255882739926, "B303": 50.86848124401833, "B304": 49.67638440404383, "B305": 50.539649364418096, "B306": 52.58963365702542, "B307": 49.95275228947626, "B308": 54.97396162490806, "B309": 55.28152694455629, "B310": 54.82639365401708, "B311": 57.48905868555716, "B312": 54.017257303239084, "B313": 52.630399076433406, "B314": 52.206103204687246, "B315": 53.63563695640908, "B316": 54.18169822589001, "B317": 55.100166589317006, "B318": 57.39510242252119, "B319": 53.56632469348988, "B320": 59.683921686551756, "B321": 50.06813217561434, "B322": 52.56134075560771, "B323": 56.6874174419882, "B324": 55.94341930574475, "B401": 52.29402280855876, "B402": 53.985991727895936, "B403": 55.39387994493139, "B404": 56.94845322883032, "B405": 51.63544704398779, "B406": 52.533528436031204, "B407": 55.13173088064451, "B408": 53.490250429999385, "B409": 53.86980648557755, "B410": 54.098189298067496, "B411": 55.279114472976346, "B412": 54.174734340600615, "B413": 58.065033672821116, "B414": 50.21412842649293, "B415": 53.98792330128428, "B416": 50.296076642342264, "B417": 50.925850323092085, "B418": 54.23559002253561, "B419": 55.13529205602285, "B420": 49.890196613943615, "B421": 50.38599214719089, "B422": 52.02036628620081, "B423": 52.06007379953908, "B424": 53.34786894397249, "B501": 57.8440562543619, "B502": 48.73046521988327, "B503": 51.133885921278804, "B504": 55.31748488748098, "B505": 50.10039476588591, "B506": 53.84557231595102, "B507": 52.23189087556544, "B508": 53.93260746176176, "B509": 58.8504060211129, "B510": 49.1796316932936, "B511": 51.834804184210896, "B512": 51.96307859696469, "B513": 55.52486765538268, "B514": 55.796900835552094, "B515": 55.86046377797262, "B516": 49.364593829541015, "B517": 56.60105214837692, "B518": 57.391143032907024, "B519": 55.5315680275846, "B520": 52.74866640506189, "B521": 52.42360700511309, "B522": 59.35489485536727, "B523": 53.59436837208044, "B524": 53.42786537690362, "C101": 49.0949672329824, "C102": 59.3966013694941, "C103": 55.12001164875299, "C104": 52.20313685241762, "C105": 56.70574894887172, "C106": 56.90474002928303, "C107": 57.54891524007926, "C108": 52.075304903280966, "C109": 50.95471085267444, "C110": 55.34124184136322, "C111": 53.1076154695281, "C112": 53.916356715221006, "C113": 49.89462906077449, "C114": 52.12124403484711, "C115": 54.48862605426408, "C116": 56.30091816956522, "C117": 51.86099543258553, "C118": 52.638709085866694, "C119": 50.17475672217336, "C120": 53.649268551218405, "C121": 50.09927379551857, "C122": 56.877336975465084, "C123": 51.883362593327575, "C124": 51.399517202504526, "C201": 52.815858627564175, "C202": 55.73894279530164, "C203": 52.74154121541139, "C204": 54.10209047568094, "C205": 52.96928046945449, "C206": 56.11962850819314, "C207": 57.5229780214176, "C208": 57.18590781842015, "C209": 49.648008662739514, "C210": 53.39517798065605, "C211": 50.26332561698685, "C212": 52.61531322193225, "C213": 58.754071663664696, "C214": 56.401456921083266, "C215": 47.47309426342668, "C216": 53.69014641261614, "C217": 56.159146657928474, "C218": 56.86899475652671, "C219": 48.89569914069161, "C220": 54.80369916872205, "C221": 53.19133876158052, "C222": 53.41227147511826, "C223": 54.99572201949608, "C224": 50.13982765848753, "C301": 57.76706186081373, "C302": 50.9688462625473, "C303": 54.81212663512327, "C304": 55.17942462905689, "C305": 56.93503293820166, "C306": 56.32590382617805,