{"A101": 309.5610629783479, "A102": 304.13352230775075, "A103": 309.7606842408196, "A104": 307.097049010187, "A105": 310.10850799620533, "A106": 293.9331404667151, "A107": 307.8108292875032, "A108": 312.7225548473176, "A109": 282.8912403862782, "A110": 297.02682212913925, "A111": 295.1756672821976, "A112": 307.98884749661835, "A113": 298.3735706582657, "A114": 307.75362987217727, "A115": 303.16168568372694, "A116": 298.6257446904407, "A117": 300.61048725610397, "A118": 320.6376388768598, "A119": 306.02977621600945, "A120": 307.2024835589216, "A121": 297.4338256161155, "A122": 317.87409849661634, "A123": 307.3747232773075, "A124": 301.71095573023047, "A201": 299.3559571581905, "A202": 310.0575743699312, "A203": 302.3367730169902, "A204": 293.5195143616554, "A205": 302.1565077675452, "A206": 305.0413175575627, "A207": 307.64111471010807, "A208": 304.988581886567, "A209": 306.2626361829138, "A210": 301.38748580844987, "A211": 295.2123291610913, "A212": 317.49981045147547, "A213": 314.0843996397917, "A214": 293.7846615621622, "A215": 310.1330868788681, "A216": 299.4859757332768, "A217": 294.99731849765044, "A218": 304.3737996010362, "A219": 308.68037702571536, "A220": 314.4872996534305, "A221": 294.77231427938705, "A222": 299.2953798390158, "A223": 309.1065148058526, "A224": 297.28974440059153, "A301": 305.1409419754155, "A302": 308.1683825859223, "A303": 299.4619595300388, "A304": 304.35215127350585, "A305": 303.52747811989667, "A306": 307.7752710126442, "A307": 307.3264824380445, "A308": 312.64277121894247, "A309": 297.28986456917, "A310": 308.10414499637244, "A311": 310.7918856966615, "A312": 295.66951713836687, "A313": 309.94605190001454, "A314": 306.63345363695345, "A315": 302.84030541443815, "A316": 317.87648349379907, "A317": 285.7258992275538, "A318": 299.4174935139578, "A319": 304.80605370615916, "A320": 295.61618644044796, "A321": 293.06351486516684, "A322": 307.21274890620674, "A323": 299.59720895297056, "A324": 302.4950909807942, "A401": 305.69245368103935, "A402": 302.80070802021925, "A403": 299.6086272471921, "A404": 303.22573088600535, "A405": 306.0757648451178, "A406": 298.2459474601222, "A407": 305.239139082553, "A408": 298.33974637063176, "A409": 299.37630094507244, "A410": 308.45368777664584, "A411": 306.9127981485506, "A412": 299.2220242861807, "A413": 290.2994884308082, "A414": 292.7176258742839, "A415": 315.0248881725074, "A416": 306.5624646503058, "A417": 309.3762504745482, "A418": 302.4020751237073, "A419": 291.72926695141143, "A420": 303.2122555403538, "A421": 296.6898804903593, "A422": 299.90494913866644, "A423": 301.05051645398544, "A424": 299.27593365465964, "A501": 298.40726315943743, "A502": 305.31803385887827, "A503": 308.133862999958, "A504": 304.48920496624817, "A505": 303.0043297206618, "A506": 293.6244360901441, "A507": 313.76551247021445, "A508": 302.4753233026689, "A509": 308.67385828341776, "A510": 306.234057573213, "A511": 312.1232001013504, "A512": 300.10209869847455, "A513": 300.94892244227356, "A514": 305.3772626703285, "A515": 304.62348132968003, "A516": 311.6598184961031, "A517": 308.6774514484944, "A518": 299.7967555517945, "A519": 312.1824888519454, "A520": 311.9593462918512, "A521": 315.13947566877897, "A522": 301.4193463761098, "A523": 305.76050978829363, "A524": 305.79201255547315, "B101": 293.0412908646118, "B102": 296.1896958603753, "B103": 315.23451970430347, "B104": 298.9436619612332, "B105": 295.9419408165878, "B106": 310.37796979378976, "B107": 297.16065479082187, "B108": 301.8749891878305, "B109": 301.6570464392449, "B110": 298.234076261817, "B111": 297.16140568994916, "B112": 311.06799969792723, "B113": 314.39790789088426, "B114": 310.9850635196479, "B115": 295.60930322739495, "B116": 304.3989204286957, "B117": 315.2554449302853, "B118": 308.80546261010693, "B119": 303.5317799589584, "B120": 291.613723142021, "B121": 306.63969359924556, "B122": 301.23656320810755, "B123": 289.74997155202675, "B124": 301.79442533590213, "B201": 300.2445168534341, "B202": 289.43887038365045, "B203": 314.5064291835758, "B204": 310.1437803719618, "B205": 310.7500234818294, "B206": 306.57219927184576, "B207": 295.11265747280805, "B208": 296.9389291129471, "B209": 305.0948454029366, "B210": 306.9688602098605, "B211": 295.1483502699655, "B212": 296.92967989846005, "B213": 300.79569133432034, "B214": 313.76849788551937, "B215": 314.35306157091804, "B216": 306.38796931897974, "B217": 299.718465435005, "B218": 311.6487193108871, "B219": 314.62528042791456, "B220": 293.2086436531236, "B221": 317.8028004195039, "B222": 303.88738778530376, "B223": 308.59201308424576, "B224": 298.62912819728575, "B301": 304.7368851450025, "B302": 295.3382904457909, "B303": 296.1522749917129, "B304": 300.36259120344556, "B305": 307.1740454053803, "B306": 307.9136762102027, "B307": 309.2805507039006, "B308": 311.96799288854953, "B309": 306.57774670469223, "B310": 306.7694576820965, "B311": 315.58921150614646, "B312": 298.6998125889869, "B313": 298.052456798444, "B314": 294.65386197322886, "B315": 294.97577618994075, "B316": 305.39128082606373, "B317": 305.7374366535487, "B318": 313.84463923921084, "B319": 295.5470528396033, "B320": 307.9557257595041, "B321": 305.28994876666826, "B322": 303.6432965879997, "B323": 313.7565521249545, "B324": 309.91411097575553, "B401": 302.5129276924058, "B402": 295.087626893841, "B403": 305.0978119798325, "B404": 301.7489346144156, "B405": 296.66364588598856, "B406": 319.46573255204396, "B407": 289.0309331695155, "B408": 306.23325609139965, "B409": 308.86185993050185, "B410": 300.9015984122485, "B411": 308.5765568615439, "B412": 302.0826970273995, "B413": 312.30188920771167, "B414": 305.5280066353389, "B415": 310.6891714875598, "B416": 302.63964752238206, "B417": 299.0288071149573, "B418": 300.31767811238404, "B419": 299.89100756845465, "B420": 298.8208006886537, "B421": 294.61324110388637, "B422": 299.62839688811374, "B423": 301.78590878572896, "B424": 309.67137707638335, "B501": 304.6633896908519, "B502": 295.2024264874148, "B503": 292.3772414315023, "B504": 312.95701065382354, "B505": 290.87725758573805, "B506": 307.39213906847954, "B507": 310.4572195062274, "B508": 304.37023598772646, "B509": 308.48307078927644, "B510": 306.5666878175061, "B511": 299.94096281288506, "B512": 297.04001392127645, "B513": 309.6609375968879, "B514": 311.0614103834563, "B515": 303.2023035434362, "B516": 313.9318884048735, "B517": 311.1129239157209, "B518": 317.1863216085723, "B519": 304.33901057124984, "B520": 309.77162333118764, "B521": 319.36578472085927, "B522": 307.4894158879141, "B523": 301.1004370179466, "B524": 301.3572768399957, "C101": 294.33478654656795, "C102": 303.3785550906086, "C103": 310.4611695224652, "C104": 306.0009561743865, "C105": 314.51669569454924, "C106": 308.0065607113809, "C107": 312.67961331279764, "C108": 306.21746335322973, "C109": 295.6941846443891, "C110": 307.93210798665325, "C111": 299.87251670652165, "C112": 297.0305681501934, "C113": 304.34021274370826, "C114": 316.9845095145545, "C115": 303.53514968485297, "C116": 298.676646537125, "C117": 306.1484051715755, "C118": 301.87085326217834, "C119": 303.7018634204109, "C120": 302.2769710298807, "C121": 296.12962832976916, "C122": 309.9391947567583, "C123": 291.4823059108004, "C124": 298.12991425987406, "C201": 311.9283314870641, "C202": 301.1374007837497, "C203": 309.5646025353652, "C204": 312.25407720391155, "C205": 302.39890768697853, "C206": 302.28509326934466, "C207": 313.346083198725, "C208": 311.8561055570548, "C209": 306.28906728524646, "C210": 297.6031606400149, "C211": 295.52901207226915, "C212": 296.8519704135063, "C213": 309.09866203188375, "C214": 309.13391296189053, "C215": 303.1542860885277, "C216": 297.93908085489, "C217": 298.7750678463702, "C218": 305.64191671270925, "C219": 288.5100942089966, "C220": 298.0409548453571, "C221": 307.58003979620196, "C222": 301.91077441060514, "C223": 304.18318413469444, "C224": 305.12151176187746, "C301": 311.7438152960733, "C302": 299.39810369718737, "C303": 303.97487650723565,