{"A101": 18.757303353845266, "A102": 18.98885235024859, "A103": 17.722031699429827, "A104": 20.356143736635858, "A105": 18.290403789252338, "A106": 16.660117603862965, "A107": 16.893553317387642, "A108": 22.383127103666148, "A109": 18.543158645566983, "A110": 19.25050762578425, "A111": 17.952939558759088, "A112": 19.295991967187035, "A113": 19.167523959553368, "A114": 18.30354386107707, "A115": 22.15895952104636, "A116": 16.848558595607358, "A117": 17.66528706492185, "A118": 22.966658486410545, "A119": 20.280318064761982, "A120": 19.61310283172552, "A121": 22.88733561238273, "A122": 20.482754812453273, "A123": 19.30799768776362, "A124": 16.501050826726093, "A201": 18.857191357962936, "A202": 20.62270095188533, "A203": 21.675844720634366, "A204": 17.11025391792236, "A205": 19.082194587197336, "A206": 19.598714963770817, "A207": 17.076292411182948, "A208": 19.55524290138522, "A209": 18.149503963566957, "A210": 17.830000781144676, "A211": 16.54980807766042, "A212": 23.086373690708434, "A213": 18.497265100889813, "A214": 18.574101347057923, "A215": 22.06656267584653, "A216": 17.416018725867065, "A217": 19.95805838836808, "A218": 20.745678828134324, "A219": 19.113912202601895, "A220": 18.40946906707368, "A221": 16.73137702234519, "A222": 20.41660946719742, "A223": 17.234005285606088, "A224": 20.358717573230997, "A301": 18.143353437015758, "A302": 16.1711776054281, "A303": 17.420101095040764, "A304": 17.604385711068915, "A305": 19.196213566596967, "A306": 19.809902492623046, "A307": 20.431161109673837, "A308": 15.619896980731879, "A309": 19.272937359812566, "A310": 20.177607560062405, "A311": 17.653730113531402, "A312": 15.489943057105897, "A313": 22.560148167711638, "A314": 21.319719237093942, "A315": 20.25994100240061, "A316": 22.4112761840141, "A317": 15.533787060105306, "A318": 17.24466709389828, "A319": 19.594559747224434, "A320": 15.79308850970017, "A321": 17.615661815553004, "A322": 16.338975402105937, "A323": 16.34038114181551, "A324": 20.290815461417115, "A401": 16.258201573286126, "A402": 21.37837174885819, "A403": 22.387141858136, "A404": 15.482286517584937, "A405": 18.923113082649962, "A406": 16.587100169293464, "A407": 16.612930730219976, "A408": 18.27858618447103, "A409": 21.434319737723783, "A410": 21.155909404983213, "A411": 20.27183181885955, "A412": 16.303164889446673, "A413": 19.57636144064908, "A414": 20.287783483550736, "A415": 19.696350709023505, "A416": 15.707192057817798, "A417": 23.708473880278554, "A418": 20.461118280924143, "A419": 16.904367941969305, "A420": 20.874164108001064, "A421": 18.828405444832224, "A422": 15.830338247879823, "A423": 15.202766612438438, "A424": 17.059836722900222, "A501": 16.55298799820173, "A502": 18.952478326777246, "A503": 20.02494729701577, "A504": 20.672105808649476, "A505": 20.53473507352613, "A506": 20.2273526522588, "A507": 17.95477770690821, "A508": 17.266639277614484, "A509": 17.550025199812154, "A510": 19.935813061621047, "A511": 17.075119276857055, "A512": 19.009620840646416, "A513": 18.023051062724416, "A514": 18.387471275849766, "A515": 19.58173869162033, "A516": 19.85319398163302, "A517": 22.39875675685044, "A518": 18.64232334034113, "A519": 19.68561198198676, "A520": 16.380071390188785, "A521": 20.231961725978234, "A522": 18.854660410111876, "A523": 20.368431136866448, "A524": 18.197264831732923, "B101": 18.904403057723126, "B102": 20.162369282781324, "B103": 18.83796494504245, "B104": 17.12276002529559, "B105": 18.951616365043883, "B106": 19.671900626361023, "B107": 18.040937216859337, "B108": 16.68289427683602, "B109": 19.68397160202547, "B110": 18.02603318952374, "B111": 16.597808902063477, "B112": 22.46332065971442, "B113": 20.225109181174698, "B114": 17.89382669529051, "B115": 16.54204395061484, "B116": 19.970295720721627, "B117": 17.785730691730397, "B118": 18.025651608972797, "B119": 20.484201293266764, "B120": 18.019335463509695, "B121": 20.141654764116687, "B122": 17.8384431512998, "B123": 18.162318870654858, "B124": 20.23872090232245, "B201": 18.542994874726208, "B202": 16.87633401325919, "B203": 18.744334515906466, "B204": 18.86333857050746, "B205": 16.049736680294917, "B206": 21.12722105326707, "B207": 18.485526610344806, "B208": 15.014947146880926, "B209": 20.11478322218357, "B210": 18.218449179118164, "B211": 17.31274177509301, "B212": 18.409405529212417, "B213": 18.53818186783602, "B214": 19.917974383678388, "B215": 21.215614134013762, "B216": 19.896579615161624, "B217": 20.11189813274541, "B218": 18.335520210397213, "B219": 17.914299645869622, "B220": 17.74271153778308, "B221": 18.90505317749374, "B222": 21.634264743859713, "B223": 19.310252172980302, "B224": 20.013707961257, "B301": 19.532337086703095, "B302": 14.989377019142848, "B303": 17.737272510194515, "B304": 18.039513947223895, "B305": 18.261855820999145, "B306": 15.278659044394619, "B307": 16.579707111134585, "B308": 18.555060756051134, "B309": 19.12322954384417, "B310": 17.89141529496137, "B311": 20.16269895625582, "B312": 18.07343961130234, "B313": 19.04236031973376, "B314": 18.48764911737866, "B315": 19.208916602909603, "B316": 19.778345206812308, "B317": 18.66220046869585, "B318": 18.601452182546836, "B319": 19.51641201423188, "B320": 20.19315148595839, "B321": 17.98472064036851, "B322": 18.15067100908449, "B323": 19.3054041022649, "B324": 21.163791304715815, "B401": 17.27399296848352, "B402": 17.515894053697306, "B403": 18.765457682994732, "B404": 20.32623055639995, "B405": 20.13774049832316, "B406": 19.55108326904553, "B407": 19.00712809932171, "B408": 17.846712797650852, "B409": 19.691240657457996, "B410": 17.953861710013086, "B411": 20.241212916394296, "B412": 19.136385861133217, "B413": 21.60545755422494, "B414": 18.77455432758704, "B415": 18.90093875681447, "B416": 18.677771108495147, "B417": 15.563542240292469, "B418": 20.063256209701052, "B419": 18.835416215348186, "B420": 17.085770277285995, "B421": 18.76424862530314, "B422": 19.5025631335585, "B423": 18.36473774432807, "B424": 18.821501570940477, "B501": 19.891774667806246, "B502": 16.196268236218536, "B503": 17.44657358192936, "B504": 19.890314010419207, "B505": 16.924713680442082, "B506": 20.96548903380837, "B507": 17.99986597577026, "B508": 20.22492005155997, "B509": 19.029507103641446, "B510": 16.451426546730495, "B511": 19.328337746240194, "B512": 19.22663725834686, "B513": 17.38630517944268, "B514": 18.702489655070536, "B515": 17.572113060370274, "B516": 17.572194389149253, "B517": 20.896173381735494, "B518": 19.359257204737357, "B519": 20.791110004399226, "B520": 17.85617527885735, "B521": 18.613578338254896, "B522": 21.27400317078364, "B523": 17.855367235785245, "B524": 18.00359246450048, "C101": 19.202825120557424, "C102": 18.30075366547957, "C103": 17.837310943190595, "C104": 17.527602046211232, "C105": 16.785487799606056, "C106": 22.172370001416102, "C107": 21.210475201847146, "C108": 17.511886293614804, "C109": 16.97129592640182, "C110": 18.020293646972558, "C111": 17.090527453648754, "C112": 20.26342346801661, "C113": 20.252464203065156, "C114": 16.27325363245204, "C115": 18.53399966992835, "C116": 19.68048508533631, "C117": 17.833766770684296, "C118": 16.87557928298371, "C119": 17.995262438907215, "C120": 19.71586554338976, "C121": 16.951143013398166, "C122": 20.750005353790204, "C123": 18.99976176363269, "C124": 18.271432226404258, "C201": 18.672368256566774, "C202": 20.83853075238411, "C203": 18.36615752328372, "C204": 18.7078222029343, "C205": 17.14544996532786, "C206": 21.757740097311714, "C207": 17.99639075615698, "C208": 18.280429598814948, "C209": 18.84531222212713, "C210": 18.768098414030817, "C211": 18.693214325945608, "C212": 17.014302256274974, "C213": 22.269992897044062, "C214": 22.86637252714668, "C215": 16.16308259653558, "C216": 18.87075516318267, "C217": 19.119173432155325, "C218": 20.585211463163784, "C219": 17.459992537049235, "C220": 19.408958912678056, "C221": 18.10319115647224, "C222": 20.25636466887998, "C223": 17.976240727888957, "C224": 17.352830858261658, "C301": 20.253488701882745, "C302": 18.044818020623346,