{"A101": 322.9581413570985, "A102": 316.8209930740876, "A103": 324.02535734166224, "A104": 319.979601790504, "A105": 323.20245878386675, "A106": 309.200405458538, "A107": 323.35331077709867, "A108": 326.8388287582096, "A109": 294.4512390397633, "A110": 311.4586922834719, "A111": 311.0735600878935, "A112": 320.51699935392855, "A113": 311.5266559625169, "A114": 321.8612918876586, "A115": 317.33914708680436, "A116": 309.91581616085585, "A117": 312.91638796608015, "A118": 333.06260009342896, "A119": 315.956212941569, "A120": 320.71585986808793, "A121": 307.51034925797956, "A122": 329.9414662847099, "A123": 320.82108253884496, "A124": 314.89600192167137, "A201": 314.28318559218656, "A202": 320.72570058230764, "A203": 315.3120036565737, "A204": 309.63681389427563, "A205": 314.12647966849045, "A206": 318.3906690538323, "A207": 322.0769799660044, "A208": 319.0737943361956, "A209": 319.91513266256686, "A210": 313.0053079904035, "A211": 307.1897060464166, "A212": 329.74981949676777, "A213": 325.98878205098254, "A214": 309.0639719673291, "A215": 322.4404992601214, "A216": 312.3738548378494, "A217": 309.7559642874479, "A218": 321.8784244688132, "A219": 322.2540169773529, "A220": 326.49582074948137, "A221": 306.7423545982914, "A222": 310.2402857303273, "A223": 322.44683603145705, "A224": 310.06707534245317, "A301": 319.0174503798529, "A302": 321.5173862738779, "A303": 313.2422903295291, "A304": 316.7690666840447, "A305": 317.65150019500413, "A306": 319.69582487041487, "A307": 320.8456426947563, "A308": 324.74632866930244, "A309": 312.8559145871454, "A310": 319.94222815974445, "A311": 323.08940501676085, "A312": 309.19687956129957, "A313": 322.75295218243656, "A314": 320.8144345065157, "A315": 317.7118461122633, "A316": 331.01606159153675, "A317": 299.6298382156497, "A318": 312.7422544670361, "A319": 316.0983614569072, "A320": 306.7169168735197, "A321": 305.7533880120482, "A322": 318.50242066487533, "A323": 311.6247101607166, "A324": 313.5053382861506, "A401": 319.4176148030616, "A402": 315.6172933960582, "A403": 311.03153249381285, "A404": 317.9580468653096, "A405": 319.4087019278769, "A406": 311.7629488099989, "A407": 322.2020060663844, "A408": 312.9658610917207, "A409": 312.999818281502, "A410": 319.92115429637266, "A411": 321.54461592862015, "A412": 311.1397348256381, "A413": 305.1347261746588, "A414": 304.66349063481164, "A415": 330.3216477042903, "A416": 321.33758907211893, "A417": 324.0246596460428, "A418": 314.40806803003034, "A419": 306.91833878109065, "A420": 317.35949134499094, "A421": 310.99042918046865, "A422": 314.677532014159, "A423": 312.4834923537691, "A424": 314.36190707552737, "A501": 311.0915201809901, "A502": 317.7557459060642, "A503": 324.5851453506215, "A504": 318.8202191017044, "A505": 319.07185704141847, "A506": 309.4783503326132, "A507": 326.05640043376803, "A508": 315.77065111422195, "A509": 321.5728365245734, "A510": 320.1638928656494, "A511": 324.31675231583995, "A512": 315.31718124375374, "A513": 313.00995355002175, "A514": 315.2524280238941, "A515": 318.1942142329572, "A516": 322.6283285947332, "A517": 324.46654792986214, "A518": 312.7045727322872, "A519": 324.75289886837584, "A520": 324.16171130332873, "A521": 327.73226092870107, "A522": 312.18760963176373, "A523": 319.3493387617298, "A524": 321.28174729325247, "B101": 308.0364855460937, "B102": 309.04059620490824, "B103": 330.1901358085735, "B104": 313.0259333320557, "B105": 306.2084596467852, "B106": 328.0568908701258, "B107": 313.1937975483781, "B108": 316.9761707538996, "B109": 315.55869529985614, "B110": 308.4820610448127, "B111": 309.51587820408537, "B112": 327.47985854250203, "B113": 326.8660296022231, "B114": 327.0258316305316, "B115": 308.0993941277756, "B116": 316.8857917222878, "B117": 331.5696531344047, "B118": 325.2654199883795, "B119": 316.54265387675747, "B120": 303.4201606271968, "B121": 319.45627709044663, "B122": 311.5194376978151, "B123": 302.924774232089, "B124": 313.7534495884676, "B201": 313.25304148859374, "B202": 304.38193249794887, "B203": 328.3427792642725, "B204": 321.76061251458765, "B205": 321.97573985840194, "B206": 320.3357615244479, "B207": 307.94451385266217, "B208": 309.6686114698647, "B209": 318.3312165877574, "B210": 321.63256080800426, "B211": 307.65187150583307, "B212": 308.8597031518482, "B213": 313.3402083243048, "B214": 327.25545841184294, "B215": 328.53902697140956, "B216": 321.1658484906978, "B217": 312.5443828688137, "B218": 325.3404463151557, "B219": 326.90262817246605, "B220": 308.09779109776656, "B221": 330.47337004590344, "B222": 319.6207340877479, "B223": 321.8100796896408, "B224": 310.0810863102395, "B301": 319.26612021529814, "B302": 309.98118073317676, "B303": 307.6559777456138, "B304": 316.8978901153274, "B305": 319.469631931521, "B306": 321.6448967209126, "B307": 322.4909974044208, "B308": 323.97081236208027, "B309": 323.16968472637575, "B310": 320.5956638043629, "B311": 328.5002189691965, "B312": 313.5461136583199, "B313": 310.0193899126064, "B314": 310.82621699343036, "B315": 309.3300032355821, "B316": 321.01821787921824, "B317": 320.29702474808096, "B318": 325.1094262232661, "B319": 305.2896662868133, "B320": 320.69524931519135, "B321": 321.2582528363989, "B322": 314.87535139885637, "B323": 325.65759654456906, "B324": 323.94614092515855, "B401": 314.9199442423646, "B402": 306.9694900840572, "B403": 318.8755782810059, "B404": 316.445777459665, "B405": 306.6540122279459, "B406": 333.1705295068052, "B407": 301.94776693535624, "B408": 318.0985123620423, "B409": 318.58009317236474, "B410": 315.35221453085865, "B411": 318.2501415983956, "B412": 316.2700978796169, "B413": 324.2004079765184, "B414": 321.4585913178745, "B415": 325.00735517012316, "B416": 317.58995070535383, "B417": 313.3819831106579, "B418": 314.1750701854287, "B419": 313.7502699238459, "B420": 308.9866452160943, "B421": 309.7176378501244, "B422": 313.72961981647455, "B423": 314.70870314348775, "B424": 324.257852743298, "B501": 315.3697707776869, "B502": 308.6705492307673, "B503": 303.5523705740768, "B504": 328.5501930810378, "B505": 304.58740562832213, "B506": 322.9641494288462, "B507": 321.88142436968786, "B508": 316.1886658736978, "B509": 322.21345581979153, "B510": 319.8585875796657, "B511": 314.17847751579404, "B512": 312.3483688024778, "B513": 321.6347351892947, "B514": 328.80213999350224, "B515": 313.707523022393, "B516": 326.81130696752496, "B517": 326.2427340165029, "B518": 332.6197980322707, "B519": 317.328298059581, "B520": 322.2308272726705, "B521": 331.6228175528166, "B522": 320.60216014078725, "B523": 312.34614886767014, "B524": 312.69081761515133, "C101": 309.71393521022947, "C102": 315.58162216348444, "C103": 324.743225657559, "C104": 318.98823007481883, "C105": 325.1794164169735, "C106": 321.38017641515415, "C107": 328.4762949993037, "C108": 320.3306392930893, "C109": 310.6509890464528, "C110": 322.8760877702935, "C111": 317.81450460412725, "C112": 310.0314007885908, "C113": 316.6854750080284, "C114": 329.6936426241838, "C115": 317.05048576823543, "C116": 311.00429051129186, "C117": 322.2608152132164, "C118": 312.4363368355669, "C119": 316.73885540904524, "C120": 316.86017353769194, "C121": 307.62712874262905, "C122": 323.02687125271046, "C123": 306.61105880013764, "C124": 312.66349256581185, "C201": 327.5324998618048, "C202": 315.1695020676025, "C203": 320.8556512726476, "C204": 325.2151908953174, "C205": 317.7374732034627, "C206": 313.1071648579044, "C207": 325.58386805784386, "C208": 324.68739899715587, "C209": 317.70112819923764, "C210": 311.45922316362174, "C211": 310.19492832185745, "C212": 310.1301529268049, "C213": 320.9651716375787, "C214": 319.87512088886547, "C215": 316.28122558278386, "C216": 314.02330770126014, "C217": 311.60117593806604, "C218": 318.7759452825539, "C219": 301.979151085746, "C220": 313.20634080904534, "C221": 318.6723453732615, "C222": 315.3211685150342, "C223": 317.88152460651605, "C224": 318.91979637621796, "C301": 328.1223086214494, "C302": 311.56093206901716, "C303": 317.9422057163399, "C304": 314.0975307827668,