{"A101": 233.32176027928003, "A102": 218.2594916806163, "A103": 225.74692220016593, "A104": 235.64121746044904, "A105": 224.61284879647192, "A106": 216.4116797733329, "A107": 228.00797891400836, "A108": 237.84940387504474, "A109": 213.5680698117277, "A110": 224.2604191965188, "A111": 223.66294208439894, "A112": 227.94520684374282, "A113": 219.8881124836582, "A114": 227.90730762319225, "A115": 224.84710657717503, "A116": 224.07824516437398, "A117": 223.62900245898985, "A118": 240.19550459714972, "A119": 220.7874376720383, "A120": 229.42549738661435, "A121": 224.25364282673203, "A122": 240.92553190890072, "A123": 234.20782033499594, "A124": 217.3670918382643, "A201": 220.81748955441958, "A202": 230.6548829049721, "A203": 223.68654247774168, "A204": 219.02088559495232, "A205": 225.80418815049867, "A206": 225.29962655275813, "A207": 231.04040532585088, "A208": 225.23138254561022, "A209": 228.7403901523381, "A210": 223.86157718844757, "A211": 219.29250408844908, "A212": 237.5294832701682, "A213": 230.73288294662274, "A214": 218.25389131925022, "A215": 234.3078328327521, "A216": 220.0068133438938, "A217": 221.83180724688924, "A218": 226.66076798371753, "A219": 230.27193073167135, "A220": 230.01556498654614, "A221": 219.44260240014506, "A222": 223.22762919622636, "A223": 234.92531243171788, "A224": 223.43709381387447, "A301": 225.0239937184447, "A302": 231.8898598999501, "A303": 223.7571353802471, "A304": 227.15423449170356, "A305": 231.0442976656217, "A306": 229.71564139892854, "A307": 232.2373921140859, "A308": 225.3830482010146, "A309": 218.87941120551554, "A310": 225.43466717187147, "A311": 234.95086877919005, "A312": 220.33872778764928, "A313": 235.14634794705623, "A314": 225.69163058856446, "A315": 225.62860293962459, "A316": 232.18561766022043, "A317": 212.87867742523045, "A318": 223.43495427875501, "A319": 223.70271725665768, "A320": 218.03581757236495, "A321": 208.12861787058407, "A322": 221.8281878188294, "A323": 217.0401820173022, "A324": 228.08041579503117, "A401": 232.55959630275424, "A402": 228.37761686263258, "A403": 221.60447482941214, "A404": 225.0272995007278, "A405": 233.96474081496174, "A406": 221.96807959131291, "A407": 221.51887158393933, "A408": 225.52273615733026, "A409": 221.59629864087182, "A410": 231.8244490777827, "A411": 231.39510244085403, "A412": 224.462694697737, "A413": 216.4566084288726, "A414": 216.7516622901093, "A415": 235.79495281346922, "A416": 227.612653635279, "A417": 236.7029513738014, "A418": 226.83609251724144, "A419": 216.09274051118572, "A420": 230.27638637784702, "A421": 222.5490046897459, "A422": 219.1088630409662, "A423": 222.6234495253002, "A424": 221.754374313495, "A501": 219.25739293017696, "A502": 231.58991684664448, "A503": 236.92188703348964, "A504": 229.10691361278424, "A505": 224.81934290875094, "A506": 222.0816386731877, "A507": 233.6814701778823, "A508": 214.76015006098757, "A509": 227.42818576125993, "A510": 225.3414290678844, "A511": 233.23534114312048, "A512": 222.42309111114113, "A513": 217.49347723465692, "A514": 228.195324129453, "A515": 228.49259443707254, "A516": 231.4145761199626, "A517": 231.64838851848245, "A518": 224.5326231122953, "A519": 235.11476174900403, "A520": 237.03027318102812, "A521": 230.21505674885302, "A522": 219.76152798040164, "A523": 229.70062173773624, "A524": 228.35878508858974, "B101": 222.63970508396696, "B102": 219.45517468693438, "B103": 234.69025192765343, "B104": 217.57144458931063, "B105": 219.85040825994017, "B106": 235.30651508270228, "B107": 219.46619489408445, "B108": 226.11627492505872, "B109": 230.22552844248003, "B110": 223.80735853978368, "B111": 222.38169591538824, "B112": 232.4860776808342, "B113": 234.48609382698547, "B114": 227.51961600569896, "B115": 218.0047146131386, "B116": 230.0917342315293, "B117": 232.6065133869104, "B118": 222.6309406739958, "B119": 225.53543971388453, "B120": 213.83560948575862, "B121": 230.99725567723365, "B122": 222.69104430243686, "B123": 217.81253848864725, "B124": 224.23264082610683, "B201": 222.75287985395985, "B202": 212.82535567673148, "B203": 235.2599061659263, "B204": 229.06235949306642, "B205": 232.5889967398823, "B206": 223.34793568377552, "B207": 218.33148424666464, "B208": 222.38566544709664, "B209": 227.47650081488106, "B210": 233.05005652929458, "B211": 214.7346239678181, "B212": 216.66893172481457, "B213": 222.7311790641281, "B214": 234.10898463863248, "B215": 235.38135149747816, "B216": 231.91623891472946, "B217": 228.78711089183622, "B218": 235.70196325428878, "B219": 233.1509891244392, "B220": 218.59720155269451, "B221": 239.87706384670824, "B222": 233.59943706523683, "B223": 225.87821888064198, "B224": 218.3599036300877, "B301": 227.39499535285375, "B302": 222.59679645546777, "B303": 222.75847688026184, "B304": 224.94283678301932, "B305": 231.37767726555694, "B306": 234.36124901603986, "B307": 229.39066974840605, "B308": 238.63482995509648, "B309": 226.86624519783842, "B310": 226.39416234572138, "B311": 240.13662094697136, "B312": 221.9665109642833, "B313": 219.12188429931817, "B314": 213.65520216417823, "B315": 219.92966677591673, "B316": 230.88689366446408, "B317": 225.62459192035533, "B318": 235.41240601391792, "B319": 220.9342867980892, "B320": 229.8834486484132, "B321": 229.99449268756996, "B322": 229.13321725528098, "B323": 241.056568836644, "B324": 226.6051379087248, "B401": 222.80994321909688, "B402": 222.8020484571612, "B403": 229.18656162527625, "B404": 221.84640698860358, "B405": 221.10537089300243, "B406": 240.07226173176127, "B407": 215.2681293779229, "B408": 227.74713491926366, "B409": 229.82927567611623, "B410": 222.83654623074275, "B411": 229.9935409947769, "B412": 229.20573766156858, "B413": 238.0238492483291, "B414": 228.77566902226872, "B415": 231.79579860420665, "B416": 223.4979970354501, "B417": 227.2248849100452, "B418": 229.7631938844614, "B419": 225.5712458139765, "B420": 218.9191048142123, "B421": 220.69039495912702, "B422": 223.35335250262807, "B423": 225.77431031969445, "B424": 228.49205962390116, "B501": 230.18859453819834, "B502": 216.93820027324261, "B503": 213.71434676553667, "B504": 233.79284957829506, "B505": 219.3560273652455, "B506": 225.92935378839192, "B507": 229.69861947900012, "B508": 227.43365134571252, "B509": 229.67406890827894, "B510": 228.59107005514593, "B511": 219.64909349250024, "B512": 223.73404371756214, "B513": 233.14176415520055, "B514": 236.0654071111491, "B515": 235.13487317028688, "B516": 231.3579428308022, "B517": 233.2727751006083, "B518": 240.6102674543146, "B519": 220.7528130272497, "B520": 234.6215673672068, "B521": 239.02310692940574, "B522": 231.39609067129655, "B523": 225.19833154800938, "B524": 229.1254085768921, "C101": 214.48837676571975, "C102": 223.51711653642772, "C103": 230.41064710236313, "C104": 226.8658122391786, "C105": 234.31458768575098, "C106": 228.979265871891, "C107": 242.03922681052327, "C108": 227.79474729365302, "C109": 224.6421711517363, "C110": 228.75375730634468, "C111": 228.95239723396298, "C112": 219.75844841514777, "C113": 224.94478342418307, "C114": 235.3937777256774, "C115": 226.73191085817277, "C116": 220.59399351574265, "C117": 222.8326922287216, "C118": 226.41361864986163, "C119": 223.22329319687114, "C120": 219.62392938789512, "C121": 217.80985260202786, "C122": 232.77125177579603, "C123": 217.10336656805268, "C124": 221.7325844973994, "C201": 235.9399196044922, "C202": 223.2002166363613, "C203": 232.06668595361808, "C204": 231.69682392906358, "C205": 223.13392657583265, "C206": 225.66670171458662, "C207": 235.49917895804205, "C208": 231.37058883457047, "C209": 230.77907658459605, "C210": 223.83730748155614, "C211": 220.5349337909038, "C212": 225.20311732767627, "C213": 229.53960397989584, "C214": 231.98207008634242, "C215": 219.48969931408627, "C216": 226.66965021595493, "C217": 225.87214981149137, "C218": 226.0266173333743, "C219": 213.37898170718054, "C220": 224.44262051618054, "C221": 227.87900181179762, "C222": 221.32301000164458, "C223": 224.778887955081, "C224": 227.62476544920514,