{"A101": 153.62877590737457, "A102": 135.32489715280482, "A103": 150.74964476410008, "A104": 156.5175591583205, "A105": 145.75994337892564, "A106": 140.47229676858694, "A107": 145.7278845563364, "A108": 157.27333787756652, "A109": 139.42361015449683, "A110": 148.23733139562992, "A111": 144.10223058510095, "A112": 146.6076582140943, "A113": 141.33407619130176, "A114": 148.99417829940447, "A115": 139.04901835892645, "A116": 143.72904658631953, "A117": 139.69111672498693, "A118": 159.15249018096088, "A119": 145.10840367051168, "A120": 146.8580613790777, "A121": 142.83089937449444, "A122": 151.29312086637376, "A123": 147.87945221054196, "A124": 145.37485303602026, "A201": 144.56579942174497, "A202": 155.39787347447287, "A203": 143.64056020069307, "A204": 144.86853685222326, "A205": 147.3927155021328, "A206": 146.97538540739794, "A207": 151.15683120634833, "A208": 146.72167018638692, "A209": 146.1449791952889, "A210": 142.78646340576415, "A211": 140.59168493465197, "A212": 161.37907153069534, "A213": 149.38755190565487, "A214": 140.47734153438057, "A215": 154.94289370364888, "A216": 141.0738331192211, "A217": 145.82608263906715, "A218": 150.02660864295282, "A219": 146.9713262625112, "A220": 142.1761426816318, "A221": 140.82523029797036, "A222": 140.0661673526141, "A223": 153.19084172780703, "A224": 142.21284312276157, "A301": 136.52502444182616, "A302": 144.52952687115106, "A303": 144.12196558107942, "A304": 144.37721852733753, "A305": 150.0583639063563, "A306": 151.0068469190886, "A307": 147.86393405576817, "A308": 142.99536530718183, "A309": 139.24824401394702, "A310": 144.7793216569364, "A311": 149.6869492483747, "A312": 142.90995101355992, "A313": 156.5002355770924, "A314": 149.33671844901085, "A315": 149.21430279935606, "A316": 148.8655482253527, "A317": 135.78379628142733, "A318": 139.76476839657113, "A319": 139.51915121380907, "A320": 143.908535419562, "A321": 135.37051498451115, "A322": 143.60684103772675, "A323": 137.6003078095605, "A324": 142.35284011874106, "A401": 148.88442296638289, "A402": 147.97857258721038, "A403": 144.1423183946026, "A404": 145.71594741347326, "A405": 155.76845462654848, "A406": 144.8074139641836, "A407": 144.3000201131708, "A408": 146.01885312295695, "A409": 145.76698250761635, "A410": 154.8904983327422, "A411": 152.19153909183, "A412": 142.87997843721692, "A413": 138.22090822498944, "A414": 138.4667536594628, "A415": 152.9903608596975, "A416": 147.302124746646, "A417": 153.81478965008068, "A418": 146.6038842980298, "A419": 141.2012931758686, "A420": 151.671137657911, "A421": 144.96799938322403, "A422": 141.7374905307038, "A423": 138.89646539188868, "A424": 150.40849977609582, "A501": 141.14452360328028, "A502": 149.87013559387628, "A503": 154.63516994312334, "A504": 151.00073445209847, "A505": 149.2124946713151, "A506": 145.3892629041321, "A507": 152.04501046655398, "A508": 139.13422045295007, "A509": 145.06827860558434, "A510": 147.6239612110814, "A511": 155.47108251919713, "A512": 143.54119671839095, "A513": 137.99755243627507, "A514": 148.6939695573447, "A515": 144.20801529641, "A516": 152.62353439030588, "A517": 151.71467556090604, "A518": 143.7325938308449, "A519": 147.09821459162006, "A520": 150.5907717703335, "A521": 144.97210813547923, "A522": 142.9846062555012, "A523": 151.1081325723264, "A524": 147.70380370396802, "B101": 145.15676046296318, "B102": 142.92749038286533, "B103": 153.87109297605946, "B104": 141.4532824570409, "B105": 137.27338623289808, "B106": 155.44940297878108, "B107": 144.40017247398202, "B108": 142.7474400330731, "B109": 149.83036026600632, "B110": 148.14743526599287, "B111": 146.46934732840126, "B112": 152.04782726183902, "B113": 156.64421644903138, "B114": 145.25279230731178, "B115": 141.80288893353733, "B116": 148.79286971031323, "B117": 152.18862327766865, "B118": 143.30828013924338, "B119": 150.8968561242583, "B120": 136.61551913363007, "B121": 153.56967665483526, "B122": 147.76110986671313, "B123": 140.03384528959947, "B124": 140.67125731107885, "B201": 143.67936375520554, "B202": 139.77755957848757, "B203": 157.22340142904403, "B204": 146.8071198820262, "B205": 145.9456672865775, "B206": 144.23500781421814, "B207": 142.9497326584646, "B208": 137.662333496117, "B209": 145.43774593804912, "B210": 148.71270898633293, "B211": 141.06940906510397, "B212": 141.39231720479413, "B213": 145.5852656791007, "B214": 149.82368021977422, "B215": 155.4015891957524, "B216": 151.45650896106525, "B217": 156.11635302210635, "B218": 152.56288495865854, "B219": 154.28077167000077, "B220": 138.76046100158607, "B221": 151.32316855117242, "B222": 150.04014340978247, "B223": 148.99707218391384, "B224": 144.59106987947678, "B301": 148.09923563645188, "B302": 140.25521029798915, "B303": 147.66961944438884, "B304": 149.040910578308, "B305": 149.71956863806733, "B306": 157.17172964365523, "B307": 148.70056713181674, "B308": 158.7696350169414, "B309": 146.2352245624957, "B310": 145.92241293808104, "B311": 154.85503618368216, "B312": 139.84708743058593, "B313": 141.17095024575667, "B314": 143.22049655899838, "B315": 144.2413426407329, "B316": 142.25140952291702, "B317": 141.7225001462575, "B318": 156.6289950791309, "B319": 146.16154696450383, "B320": 152.87294923665985, "B321": 146.9156881621794, "B322": 151.28855451559647, "B323": 158.57204645899736, "B324": 149.84516325802653, "B401": 145.11012765976562, "B402": 144.51968630180477, "B403": 147.11246706853936, "B404": 147.3301774170018, "B405": 142.5372011908988, "B406": 153.71537199466192, "B407": 140.1611188548312, "B408": 149.2239182232369, "B409": 149.22849798377132, "B410": 144.24107298724127, "B411": 149.2269332403635, "B412": 150.12391616661677, "B413": 154.55229874690878, "B414": 142.25598891584855, "B415": 152.34182813456184, "B416": 144.6275508308626, "B417": 144.80048955337583, "B418": 152.96034717860638, "B419": 145.6582470457915, "B420": 139.8468846868096, "B421": 143.56973443318995, "B422": 144.5265416510105, "B423": 143.30378829719666, "B424": 142.734592234973, "B501": 146.00079042363, "B502": 140.9067684227186, "B503": 135.2743894402426, "B504": 148.85915765900742, "B505": 143.42313630324398, "B506": 144.59651442363315, "B507": 146.83822761156426, "B508": 144.50434880981052, "B509": 149.3018967968509, "B510": 148.0092378789091, "B511": 143.33799833768236, "B512": 145.39658777873916, "B513": 151.68394166534065, "B514": 152.9090837558801, "B515": 148.62912676361864, "B516": 149.4399249196016, "B517": 153.20076929158688, "B518": 155.60779885734567, "B519": 145.80580058901785, "B520": 151.3789924350855, "B521": 155.33571081289193, "B522": 150.9805779734059, "B523": 143.66735681446818, "B524": 147.17255213933643, "C101": 140.058704834819, "C102": 151.70519113862323, "C103": 145.61982992075707, "C104": 149.77263926256822, "C105": 153.54122652130295, "C106": 147.46909528362548, "C107": 153.89492104514596, "C108": 143.3752604597211, "C109": 147.58034022618526, "C110": 151.93229501195043, "C111": 144.9566784574674, "C112": 142.49791456594176, "C113": 138.51415952940462, "C114": 151.49330628082663, "C115": 147.9019439071166, "C116": 145.996855648942, "C117": 145.15306833311615, "C118": 143.72321721542338, "C119": 141.75212511628956, "C120": 140.92133350264717, "C121": 139.91256851234817, "C122": 146.2246608867644, "C123": 144.9928706751881, "C124": 144.24502198721865, "C201": 157.10519603394903, "C202": 145.08835528159278, "C203": 150.46383516737666, "C204": 147.1700750697485, "C205": 148.01740957806322, "C206": 149.242748374744, "C207": 155.7307276253386, "C208": 146.89637876002428, "C209": 149.9788483753749, "C210": 143.74966836959038, "C211": 142.41024907210576, "C212": 142.63762017688515, "C213": 150.38008327200495, "C214": 154.17606522804982, "C215": 142.6091142484838, "C216": 147.83559917886808, "C217": 143.84057487963977, "C218": 150.12097103679702, "C219": 137.44596982048253, "C220": 141.0259559583905, "C221": 146.90858671673678, "C222": 142.08452187458136, "C223": 149.0670195294395, "C224": 144.93610086538692, "C301": 148.06400637657737,