{"A101": 199.2477518764516, "A102": 184.69695266472885, "A103": 192.85999381459007, "A104": 201.00568971135777, "A105": 188.80061080629952, "A106": 185.15803753794162, "A107": 195.71449379514928, "A108": 201.7087539763008, "A109": 176.89672396539893, "A110": 197.12695978152897, "A111": 187.89153693570245, "A112": 193.703209377911, "A113": 182.75485355394875, "A114": 194.2182954235779, "A115": 185.41514234250772, "A116": 190.17319219898943, "A117": 190.2172351909831, "A118": 203.3056700471451, "A119": 188.71414663224496, "A120": 192.133081768317, "A121": 190.91550312818293, "A122": 200.27986477475187, "A123": 194.07349659930532, "A124": 188.46798319308567, "A201": 186.8756819957452, "A202": 198.4980720290895, "A203": 184.15172862609288, "A204": 187.54630739754597, "A205": 190.58531336612063, "A206": 193.5566473360401, "A207": 197.7122808467371, "A208": 189.40600665461145, "A209": 192.88948252541786, "A210": 190.36113004063864, "A211": 183.60673439067392, "A212": 202.98993605924628, "A213": 195.45667677374965, "A214": 183.51514961946734, "A215": 197.8330194258424, "A216": 185.28796526519992, "A217": 190.06126318034643, "A218": 193.4719327109898, "A219": 192.51613574534315, "A220": 192.76173821364728, "A221": 188.03612680482473, "A222": 185.46333292051676, "A223": 201.4623569927679, "A224": 188.51914501850175, "A301": 186.4560267259417, "A302": 193.2953719460341, "A303": 186.89593619899262, "A304": 193.79817789887267, "A305": 199.45156080347266, "A306": 196.72053334397322, "A307": 200.82729702514092, "A308": 190.36076456775754, "A309": 184.3382759612047, "A310": 188.08403289196318, "A311": 197.35536636455336, "A312": 186.9917323152702, "A313": 201.83725490269137, "A314": 193.5163785002494, "A315": 191.9920744920938, "A316": 197.77338610545104, "A317": 178.8104887758956, "A318": 190.0918026192262, "A319": 187.9811395665491, "A320": 185.134449804779, "A321": 178.3058498932682, "A322": 189.82790362972838, "A323": 181.4536356791218, "A324": 190.12873626304267, "A401": 193.3925243349578, "A402": 196.86434189410292, "A403": 187.82980255686994, "A404": 194.7012058027529, "A405": 200.654132406859, "A406": 189.19253339448375, "A407": 189.760826973694, "A408": 191.906247244885, "A409": 187.16114527681333, "A410": 201.03113207403013, "A411": 196.6080455741248, "A412": 191.17355213050323, "A413": 181.01070475263387, "A414": 184.1619530444635, "A415": 198.85249163764095, "A416": 191.36560216696174, "A417": 204.09206116589357, "A418": 189.7239186235575, "A419": 183.9124494192325, "A420": 196.42727170392013, "A421": 191.71305315137676, "A422": 184.31123419890343, "A423": 185.76877502993602, "A424": 191.72412034078894, "A501": 185.00131253906656, "A502": 194.93786223531575, "A503": 201.55104489283468, "A504": 195.37641802469645, "A505": 190.08595938895206, "A506": 187.82473849280538, "A507": 199.15069711641937, "A508": 182.77497621576742, "A509": 194.0050268267641, "A510": 191.9436240460044, "A511": 202.07899419044398, "A512": 187.27507237055642, "A513": 182.4985285952721, "A514": 191.6213847371023, "A515": 190.97281948173722, "A516": 198.85990795913534, "A517": 199.16719656510335, "A518": 186.20685674422484, "A519": 196.23071571829422, "A520": 199.71862601139657, "A521": 192.96743243956377, "A522": 184.79755843518626, "A523": 194.86439603821668, "A524": 192.41966707135697, "B101": 185.65706347809953, "B102": 187.18730256092445, "B103": 200.4375512492428, "B104": 181.8843673069202, "B105": 184.41619193345932, "B106": 201.99418301725396, "B107": 187.73460537304172, "B108": 190.80725671279995, "B109": 197.00980476994266, "B110": 188.48783574449243, "B111": 192.12668951727576, "B112": 198.90426211800758, "B113": 200.65298577793615, "B114": 190.90418783441427, "B115": 187.72987398692567, "B116": 191.2551570232017, "B117": 197.18739331479807, "B118": 186.0271062016279, "B119": 191.5204926576946, "B120": 178.0017246307056, "B121": 201.88754768705962, "B122": 190.6022749827247, "B123": 187.1310097977995, "B124": 185.08393979948826, "B201": 186.71796390957405, "B202": 181.92390849808012, "B203": 202.58597093151502, "B204": 194.23207540009298, "B205": 194.69159117760483, "B206": 190.2984295123606, "B207": 187.50251224303116, "B208": 183.67696139157573, "B209": 190.49879333226326, "B210": 194.26218126973595, "B211": 184.12507683217078, "B212": 183.60068957498828, "B213": 189.15266678353925, "B214": 196.31403822011202, "B215": 200.24218134149424, "B216": 195.51076049490285, "B217": 195.48131108175022, "B218": 198.9390818586475, "B219": 199.81857119250125, "B220": 183.68623370303715, "B221": 204.27752940844962, "B222": 197.2079805066272, "B223": 194.54705280494525, "B224": 187.59825850275683, "B301": 191.3601879967571, "B302": 187.007640394377, "B303": 189.18560591838167, "B304": 191.81443573743954, "B305": 194.67941967424025, "B306": 203.04571238184542, "B307": 194.24199128698973, "B308": 205.38491627142295, "B309": 190.06513556824672, "B310": 192.27315728108672, "B311": 203.68336981209987, "B312": 187.41253596047363, "B313": 182.3436140595043, "B314": 185.40987455059917, "B315": 187.0688889284202, "B316": 196.9094168210841, "B317": 187.93468863083982, "B318": 202.205349689377, "B319": 187.4461906141805, "B320": 196.60474509675205, "B321": 192.21239613308376, "B322": 192.65316228545058, "B323": 207.5937763146396, "B324": 192.94993104458385, "B401": 186.85623338532827, "B402": 189.21682686093376, "B403": 193.99503416115047, "B404": 187.2194140710557, "B405": 184.77003766334653, "B406": 204.10457195777468, "B407": 183.4581242448915, "B408": 192.47515781097368, "B409": 191.56567773368076, "B410": 189.2859440960511, "B411": 196.5226471245244, "B412": 194.20709471213198, "B413": 203.27527813077742, "B414": 193.3841600683875, "B415": 197.2140031308383, "B416": 188.56545321079014, "B417": 193.83006759372716, "B418": 195.01173142330515, "B419": 188.65621143062035, "B420": 182.67592999959345, "B421": 184.14634176497947, "B422": 190.81874346146435, "B423": 189.40357624673626, "B424": 188.09339812672542, "B501": 195.86998229357079, "B502": 185.2872725673321, "B503": 178.12748058950316, "B504": 196.80031890129234, "B505": 187.25100449413924, "B506": 189.234268768756, "B507": 194.409070919895, "B508": 190.78286911683202, "B509": 193.9377248857808, "B510": 194.61461492914884, "B511": 188.1284454490794, "B512": 193.8319238398851, "B513": 200.08150909407354, "B514": 198.41559377529754, "B515": 195.80258778606813, "B516": 199.2464344026111, "B517": 196.35433332103074, "B518": 205.45957856454262, "B519": 188.77117953714847, "B520": 195.34535449988684, "B521": 202.4292516957101, "B522": 196.37488490099904, "B523": 194.04641831213098, "B524": 196.0274582775438, "C101": 180.86500336081866, "C102": 192.3151096951362, "C103": 192.78539954840753, "C104": 193.37537937986903, "C105": 201.05852496817292, "C106": 195.23467193956708, "C107": 200.23001956491288, "C108": 192.112787067984, "C109": 190.49503652062842, "C110": 195.6735212497036, "C111": 195.4508158624918, "C112": 184.70758834706425, "C113": 187.7863660107692, "C114": 197.67960040896997, "C115": 192.62285837260356, "C116": 188.90002862833265, "C117": 188.696844972043, "C118": 190.2238980713067, "C119": 188.81637714011217, "C120": 184.42738818165438, "C121": 183.93349254668038, "C122": 193.05912094397883, "C123": 186.16691219898806, "C124": 186.59521646192744, "C201": 198.99971916364575, "C202": 187.7221301401035, "C203": 195.93818299274028, "C204": 196.8391019415689, "C205": 192.1389843727317, "C206": 193.8019484837728, "C207": 200.59886893419667, "C208": 194.5624555414371, "C209": 197.73408133526314, "C210": 186.97650881168803, "C211": 187.23715359370468, "C212": 188.58396505877056, "C213": 195.75831757685185, "C214": 201.90664838663258, "C215": 186.66801107797704, "C216": 193.20256395433407, "C217": 187.89860433353576, "C218": 190.90963122027023, "C219": 180.0234115238323, "C220": 185.5275620181309, "C221": 192.49481114211204, "C222": 185.96756035409928, "C223": 191.18883912423854, "C224": 190.2240908858527, "C301": 197.86842925927135,