{"A101": 59.23333410982056, "A102": 52.59292702691178, "A103": 57.9280452379913, "A104": 62.10751321598303, "A105": 53.372826043177135, "A106": 50.045150135251056, "A107": 56.067098794618886, "A108": 62.42160357762794, "A109": 52.8872682279848, "A110": 59.45807922438935, "A111": 53.42972068029321, "A112": 59.81918966076667, "A113": 53.440867309634505, "A114": 52.324022193666146, "A115": 56.733549576148214, "A116": 54.50583719913511, "A117": 56.30270932491029, "A118": 63.9336316249214, "A119": 55.80651903149189, "A120": 61.373489017593215, "A121": 58.93489500525414, "A122": 58.968101213709986, "A123": 58.36061742503776, "A124": 54.86995868275806, "A201": 53.925181254836566, "A202": 61.44622000007606, "A203": 56.45245137951136, "A204": 54.92566957249357, "A205": 54.543984182421255, "A206": 55.37597689056627, "A207": 55.491167109399065, "A208": 58.023725806917426, "A209": 57.76322105976451, "A210": 54.0162284542148, "A211": 55.05626401547362, "A212": 64.39294897529686, "A213": 57.586330282724234, "A214": 54.20108529508165, "A215": 55.34407500253868, "A216": 55.61654554715865, "A217": 55.2084422938384, "A218": 53.44879066341831, "A219": 56.78398747234888, "A220": 56.22459156230725, "A221": 50.63320870404893, "A222": 55.66246002584286, "A223": 58.140529639457604, "A224": 58.80753716514674, "A301": 52.26913071382849, "A302": 52.419817338193475, "A303": 54.584550128950106, "A304": 55.29055029130694, "A305": 56.315205614658154, "A306": 56.39698723330707, "A307": 57.860338634571335, "A308": 53.60447334977458, "A309": 54.753267067001495, "A310": 53.56695838411128, "A311": 54.576318516014375, "A312": 53.54971252271533, "A313": 62.66037177071922, "A314": 58.051428965036884, "A315": 57.239981238262565, "A316": 62.82542063426279, "A317": 49.59191299222043, "A318": 52.891517924215734, "A319": 56.2504779263613, "A320": 47.85639235604357, "A321": 50.43397063533141, "A322": 52.36177860939564, "A323": 52.70356834745151, "A324": 54.68379236294569, "A401": 55.40326596140622, "A402": 55.65320008310656, "A403": 53.8484751631026, "A404": 53.16216859588132, "A405": 57.3218063908341, "A406": 54.51500487356164, "A407": 53.00613534427769, "A408": 53.949339106721695, "A409": 55.94303673933905, "A410": 60.44056424081327, "A411": 60.077315753360566, "A412": 54.32177447737767, "A413": 52.4442498647743, "A414": 55.03025191175255, "A415": 56.50077032504963, "A416": 54.39879241823465, "A417": 61.99590991103092, "A418": 61.23049190166053, "A419": 52.54692625601528, "A420": 57.22784435931201, "A421": 58.34502736957986, "A422": 52.9997376145695, "A423": 51.575392585185185, "A424": 53.02886650123999, "A501": 52.90632626513701, "A502": 57.45181170268854, "A503": 58.258401978694394, "A504": 58.898074898485355, "A505": 57.998704754103784, "A506": 55.696548620151425, "A507": 56.43869458719213, "A508": 53.57825861759153, "A509": 50.936511936856284, "A510": 54.49750875570356, "A511": 56.215394783300994, "A512": 53.484339894166816, "A513": 53.017085348037114, "A514": 60.44602182022232, "A515": 55.23099153228325, "A516": 60.1269833427877, "A517": 60.162504755394565, "A518": 56.77170263697209, "A519": 54.751083406162884, "A520": 53.065895722553236, "A521": 59.983531795261, "A522": 55.79717253808352, "A523": 58.61376198406829, "A524": 59.65644765251039, "B101": 58.9241373221919, "B102": 61.813063104003156, "B103": 58.48414727335463, "B104": 51.32062734379865, "B105": 49.89294071178057, "B106": 57.901069598775415, "B107": 56.413989691141865, "B108": 52.9806297789998, "B109": 61.64326892788277, "B110": 58.37681528591949, "B111": 52.52138487361308, "B112": 60.745195560671974, "B113": 61.11475962180457, "B114": 55.087035880579805, "B115": 51.13925440588815, "B116": 57.31721309408702, "B117": 53.289060537268746, "B118": 52.45450721256077, "B119": 60.011733200835586, "B120": 50.12765766491924, "B121": 56.07220930236644, "B122": 52.160408280550456, "B123": 54.56944693503131, "B124": 57.425432799400056, "B201": 51.66703852458008, "B202": 52.4032137912882, "B203": 59.41887404257843, "B204": 57.476169510094685, "B205": 50.44632028462196, "B206": 60.69657243258663, "B207": 53.94600572167971, "B208": 51.66800614773226, "B209": 59.56959255744744, "B210": 54.601964545799945, "B211": 55.291437778385074, "B212": 52.360586951532376, "B213": 54.76981613233457, "B214": 60.944569425570066, "B215": 62.29269495483551, "B216": 62.111786479365044, "B217": 59.21722873443467, "B218": 57.8873355035122, "B219": 57.17148928302054, "B220": 56.1796138522812, "B221": 61.67915202430795, "B222": 58.91091502550543, "B223": 54.86559336462426, "B224": 59.686953867859096, "B301": 57.11785153492057, "B302": 48.6344210542128, "B303": 54.38289152067853, "B304": 52.29297611901228, "B305": 53.666077696647555, "B306": 55.00119093174866, "B307": 52.08442954974501, "B308": 57.20607456751031, "B309": 58.072304295952414, "B310": 56.50804555247859, "B311": 59.8545774069196, "B312": 57.804329423275036, "B313": 55.66153955721165, "B314": 53.69190797274528, "B315": 54.93488023841581, "B316": 57.05522389504443, "B317": 58.07271584436911, "B318": 60.73156182439291, "B319": 55.43478979629596, "B320": 62.27824288795978, "B321": 52.57424837216506, "B322": 55.41357871704816, "B323": 59.27481376394863, "B324": 58.45827662741508, "B401": 54.73850437820669, "B402": 57.59310613975614, "B403": 58.343815565991406, "B404": 59.90991043033305, "B405": 54.246228960482156, "B406": 55.36087983093798, "B407": 56.82489638561858, "B408": 57.46188392637181, "B409": 57.00650260498122, "B410": 55.94062067645182, "B411": 57.82507389914758, "B412": 56.025450037666324, "B413": 60.18907186973522, "B414": 53.719530835068454, "B415": 56.97483129992918, "B416": 52.953583128884006, "B417": 53.0171059188317, "B418": 56.978768022067214, "B419": 57.539038393393525, "B420": 51.44841703788849, "B421": 52.99828278913548, "B422": 55.47790373598163, "B423": 54.45583080132869, "B424": 56.495029808610695, "B501": 59.93898775079979, "B502": 51.33779256013095, "B503": 54.387916995331764, "B504": 57.44418835775449, "B505": 53.272833507307816, "B506": 56.7166145279941, "B507": 55.15223037959014, "B508": 56.65480519276733, "B509": 62.3172751948224, "B510": 51.47444093347512, "B511": 54.17917343692221, "B512": 54.15930937529043, "B513": 57.03666492861862, "B514": 59.25290481471355, "B515": 57.510045894877166, "B516": 52.73592505865305, "B517": 58.57338683523661, "B518": 59.378423443025795, "B519": 57.619630063989874, "B520": 55.00463348908066, "B521": 56.036760115111484, "B522": 61.603966971743, "B523": 55.08938415324482, "B524": 55.75769793186362, "C101": 51.689896107452824, "C102": 62.77112539005234, "C103": 58.57628701684621, "C104": 54.22443910256365, "C105": 60.711790768398856, "C106": 60.068109984015464, "C107": 61.05805548727832, "C108": 55.41442648157735, "C109": 53.407197670987685, "C110": 57.70234174769435, "C111": 55.62016241740516, "C112": 57.12870490905659, "C113": 53.494787060831385, "C114": 53.95808623697567, "C115": 57.67160410521283, "C116": 58.375485328998415, "C117": 54.45915685601206, "C118": 54.34187855786483, "C119": 51.87130617121383, "C120": 56.118320415029046, "C121": 52.13660528582895, "C122": 59.76208591222867, "C123": 54.414619694842784, "C124": 52.84847415900336, "C201": 55.156518531059945, "C202": 58.476699230096166, "C203": 54.534937490353045, "C204": 56.5074301335065, "C205": 56.31563922535128, "C206": 58.82427025960755, "C207": 61.46320672797637, "C208": 58.96936350982069, "C209": 52.08191573494178, "C210": 55.23699163699865, "C211": 52.60136824525593, "C212": 54.94935237999938, "C213": 61.730387999795596, "C214": 59.14281316443695, "C215": 51.17641069004145, "C216": 55.28606904963943, "C217": 58.78411943425865, "C218": 60.159160394272284, "C219": 52.39071462634554, "C220": 57.06445056088788, "C221": 56.39129153287582, "C222": 56.89978665570031, "C223": 56.44790670137406, "C224": 53.4302535282856, "C301": 59.08118918175931, "C302": 54.254041347472466, "C303": 56.71893777011599, "C304": 57.803274576059145, "C305": 58.65124920490229, "C306": 59.137713479401036,