{"A101": 202.85416387336667, "A102": 186.65123650832376, "A103": 195.93882280926636, "A104": 203.83741607534893, "A105": 192.6982791677676, "A106": 187.38036509619914, "A107": 198.88566186512747, "A108": 205.07228143074047, "A109": 180.3867636989319, "A110": 201.4883758090411, "A111": 189.5486252555525, "A112": 196.68978010572425, "A113": 186.65301420156052, "A114": 197.44858799296182, "A115": 189.11101746297217, "A116": 192.33728358573325, "A117": 192.5013808325165, "A118": 205.41869983725883, "A119": 192.41265184096056, "A120": 195.73096704630564, "A121": 194.8682123525784, "A122": 203.51861394579905, "A123": 196.77085456660433, "A124": 190.72245871860693, "A201": 190.58111109296055, "A202": 200.72556681027172, "A203": 186.7653646977242, "A204": 189.21910186258367, "A205": 194.03973033945567, "A206": 196.06663186471494, "A207": 200.53153747636682, "A208": 193.17468638526074, "A209": 195.67646435182803, "A210": 192.50311677038889, "A211": 185.10591411588143, "A212": 204.94703668546563, "A213": 197.55935890865257, "A214": 186.3176401902014, "A215": 200.93664469919386, "A216": 188.68946909887862, "A217": 193.14375453215538, "A218": 195.89725106393752, "A219": 194.95446080611717, "A220": 195.79812498960965, "A221": 189.92541334850665, "A222": 188.1678840451776, "A223": 203.48555019941128, "A224": 191.54818294186046, "A301": 189.35014556031444, "A302": 196.08428845603703, "A303": 189.06868838577867, "A304": 196.32331969279429, "A305": 202.15837400879127, "A306": 199.12804247938374, "A307": 202.40218076515538, "A308": 192.41136920903392, "A309": 187.49915580598244, "A310": 189.85567769700646, "A311": 200.59270153360936, "A312": 189.57300992852714, "A313": 203.73730899758755, "A314": 196.8459843554273, "A315": 194.24919432373764, "A316": 200.07479333715628, "A317": 180.65902165463123, "A318": 192.33063088024613, "A319": 190.67202415175282, "A320": 187.14805198946445, "A321": 179.91172115026347, "A322": 191.55415920495625, "A323": 185.20579053367348, "A324": 193.24596203702637, "A401": 196.3967527323983, "A402": 199.1278366515631, "A403": 189.6448219985246, "A404": 197.15450570630554, "A405": 203.5735207653159, "A406": 191.43626016490347, "A407": 192.1584845316332, "A408": 193.2573215859331, "A409": 189.1034324810204, "A410": 202.64780902435982, "A411": 200.1761931631799, "A412": 193.75893625650988, "A413": 183.53143182964618, "A414": 188.09960009334193, "A415": 201.97810532522445, "A416": 194.19816765627417, "A417": 207.31123414243953, "A418": 192.49228499920451, "A419": 186.1346428303379, "A420": 197.96047993523032, "A421": 193.24370662245494, "A422": 185.7010964357299, "A423": 189.3924631695917, "A424": 194.42382318869136, "A501": 188.47609272868982, "A502": 198.3064754048844, "A503": 203.41353559171617, "A504": 198.74172879187094, "A505": 192.8385815598933, "A506": 189.56434384902894, "A507": 202.61423957037368, "A508": 185.2186952738132, "A509": 195.4357750434968, "A510": 194.27627841197767, "A511": 204.67927326283564, "A512": 190.301749554698, "A513": 185.3496531508202, "A514": 194.26837914298585, "A515": 193.06253354531367, "A516": 202.08322592862933, "A517": 201.59555506780492, "A518": 188.95044309209194, "A519": 199.64706174546444, "A520": 202.21112622176625, "A521": 196.39567244267832, "A522": 188.1701849180412, "A523": 197.67115055782273, "A524": 194.42456869851443, "B101": 188.23217799360916, "B102": 189.43555633922364, "B103": 204.00061669423235, "B104": 185.5187917566026, "B105": 187.78638877961023, "B106": 204.45077937663947, "B107": 190.47606123431905, "B108": 193.30740676739225, "B109": 200.1357637585822, "B110": 190.3029902086652, "B111": 194.20032736162088, "B112": 202.07926312957898, "B113": 203.0510013479664, "B114": 193.1175685439458, "B115": 190.96390250614618, "B116": 195.39749495696657, "B117": 200.69372826584035, "B118": 189.00898145640588, "B119": 193.9912748928381, "B120": 179.76186864080424, "B121": 203.62676302937885, "B122": 193.86707058276735, "B123": 190.5355664360437, "B124": 188.77534773629898, "B201": 190.20533688972037, "B202": 184.95316980610247, "B203": 204.96078547335236, "B204": 197.1301958165216, "B205": 198.50873596173372, "B206": 192.816106556162, "B207": 190.21403097165737, "B208": 186.58837722645643, "B209": 192.40205109572705, "B210": 197.40371883816846, "B211": 187.29177648690236, "B212": 185.49743929383655, "B213": 193.5491119818748, "B214": 199.53876929419155, "B215": 203.74706683800434, "B216": 198.45377901988056, "B217": 198.34954869651042, "B218": 201.5084358420302, "B219": 202.50593018414298, "B220": 186.58278946032647, "B221": 205.7221803293625, "B222": 200.0843325916393, "B223": 197.7741372000672, "B224": 189.53768386859383, "B301": 195.01987222606712, "B302": 190.77268870080738, "B303": 191.13505274431773, "B304": 195.17654756586785, "B305": 196.29306192443502, "B306": 204.62036709586894, "B307": 196.93505015391935, "B308": 208.29679018171325, "B309": 192.70544365873477, "B310": 194.5492506947481, "B311": 206.22261151355832, "B312": 189.7417116433788, "B313": 185.30637303207237, "B314": 187.12394879946078, "B315": 189.7525454207474, "B316": 200.05022548900328, "B317": 190.15185250801989, "B318": 204.3335592736013, "B319": 189.79324264704138, "B320": 198.94281673681516, "B321": 195.54241735360367, "B322": 196.83199412677206, "B323": 211.04329773748566, "B324": 195.16231618282663, "B401": 189.29381237104718, "B402": 192.44161967273848, "B403": 197.2387945197165, "B404": 188.9893840387024, "B405": 188.2733045077262, "B406": 206.55180513697889, "B407": 185.0668796575262, "B408": 195.92398093809808, "B409": 194.17003238807075, "B410": 191.9563462015855, "B411": 198.3662613748281, "B412": 197.50088962633976, "B413": 205.60218305560912, "B414": 195.51265742724166, "B415": 199.8596255768029, "B416": 191.45046921021162, "B417": 195.6260307137427, "B418": 197.53809819829425, "B419": 191.86133544739366, "B420": 184.55657709031794, "B421": 186.5695368407331, "B422": 194.1279605195058, "B423": 191.3696931886431, "B424": 191.73647712492763, "B501": 198.63624982706068, "B502": 188.40191161635462, "B503": 180.89372601877125, "B504": 199.86166622693207, "B505": 189.19847209869383, "B506": 192.64185815065005, "B507": 197.29826766135346, "B508": 192.72306745632628, "B509": 197.0126650941993, "B510": 196.9149414540541, "B511": 189.6224205500682, "B512": 195.81106524698916, "B513": 203.56544556794577, "B514": 200.0909448694467, "B515": 198.15591545627547, "B516": 202.3072602749584, "B517": 200.45636829089187, "B518": 209.1220775996443, "B519": 190.49237886917896, "B520": 198.77148081210245, "B521": 204.72701815153982, "B522": 199.06236999555594, "B523": 196.64297781586058, "B524": 198.29033439486145, "C101": 183.5026866556469, "C102": 194.40984831349556, "C103": 194.71450759274393, "C104": 195.91110722330203, "C105": 203.28629517858167, "C106": 196.8847503649753, "C107": 203.4985703879964, "C108": 194.88789485022107, "C109": 192.4938628653207, "C110": 199.32675393361492, "C111": 198.4914421614378, "C112": 187.607369168678, "C113": 190.02850689466763, "C114": 200.9089679295797, "C115": 195.4694880553465, "C116": 191.02397728337817, "C117": 190.3971227915648, "C118": 192.2863630915598, "C119": 190.9028221945823, "C120": 186.93353047595332, "C121": 188.0076657399104, "C122": 196.09059989315816, "C123": 189.21525974194964, "C124": 189.59993996648458, "C201": 202.67140364539887, "C202": 190.84006927494485, "C203": 198.84949138231002, "C204": 199.05034515045688, "C205": 195.34747660065744, "C206": 196.49529723781754, "C207": 204.28445578704827, "C208": 197.36352438420656, "C209": 201.4831900881119, "C210": 189.94984442742273, "C211": 188.73053669139992, "C212": 190.87987177031818, "C213": 197.25263367088834, "C214": 203.86349330237087, "C215": 189.11870542145837, "C216": 195.32858161419085, "C217": 191.35141210705896, "C218": 193.61493849677524, "C219": 182.1051167815896, "C220": 188.5667804028015, "C221": 194.59812084377882, "C222": 188.72355176722408, "C223": 194.05800326261192, "C224": 193.35478428383243,