{"A101": 63.12405474613953, "A102": 56.84142750523485, "A103": 62.68299712805299, "A104": 67.45559028264103, "A105": 59.12583310057147, "A106": 56.23296135816157, "A107": 61.19221567621792, "A108": 67.00351250830883, "A109": 58.81519238230073, "A110": 65.31563672858641, "A111": 57.54658454230949, "A112": 65.81509877066863, "A113": 59.49748593666903, "A114": 57.40918759002474, "A115": 61.00190490555409, "A116": 59.10767240089666, "A117": 61.7222527222566, "A118": 69.30427858471253, "A119": 60.6437826003565, "A120": 66.81915628834052, "A121": 63.31453961157905, "A122": 66.48639298765706, "A123": 64.73706971924364, "A124": 61.7154292879258, "A201": 58.9023173052471, "A202": 67.29129353511902, "A203": 62.40833213232213, "A204": 59.26781198123819, "A205": 59.37075477615716, "A206": 63.64453190211751, "A207": 60.199406249517494, "A208": 64.47924582498975, "A209": 62.81730761956557, "A210": 57.80808247227574, "A211": 59.967647132725936, "A212": 71.40410994012312, "A213": 61.47298173140528, "A214": 58.91554741724611, "A215": 60.77443174955956, "A216": 61.02552019273446, "A217": 61.05725709270965, "A218": 58.913358977693626, "A219": 63.17765297736384, "A220": 61.09019395724354, "A221": 56.58281104476921, "A222": 60.96666290959188, "A223": 64.04518859368748, "A224": 64.05775297440236, "A301": 56.89304188855737, "A302": 57.13349856461966, "A303": 60.72344995669143, "A304": 60.42767088531911, "A305": 62.59572022824334, "A306": 61.53917392374321, "A307": 61.84015687903013, "A308": 59.66226208131312, "A309": 59.34826606028001, "A310": 58.81974510931744, "A311": 60.57784385097671, "A312": 58.160535719701095, "A313": 69.03213889863568, "A314": 63.141808542734424, "A315": 61.88217738823043, "A316": 67.5421230805304, "A317": 53.7698806068343, "A318": 57.85556101879784, "A319": 61.11091539756715, "A320": 54.701186384663, "A321": 54.19697824940589, "A322": 57.33729947461201, "A323": 56.559260436125214, "A324": 61.888299599402345, "A401": 61.62938818870451, "A402": 61.650141266666814, "A403": 59.57790887699189, "A404": 58.499502481635915, "A405": 61.95599552509207, "A406": 59.582761816317536, "A407": 58.027973999064436, "A408": 59.42727377336764, "A409": 60.993963662235835, "A410": 67.63286140267309, "A411": 66.12645066650336, "A412": 59.86702354383708, "A413": 57.93188149440417, "A414": 59.48263274202788, "A415": 60.783698622071, "A416": 60.60090197667698, "A417": 68.04507823870566, "A418": 66.70192411228184, "A419": 56.9654915350661, "A420": 61.73549227857283, "A421": 61.91015480792564, "A422": 58.456118172297415, "A423": 57.00052508286345, "A424": 57.558598831665726, "A501": 58.72579638778221, "A502": 62.05612395866922, "A503": 63.84767582741906, "A504": 64.69216706418422, "A505": 65.06401426837783, "A506": 61.12243543759583, "A507": 63.77129437035026, "A508": 59.043607493268865, "A509": 54.81712159021823, "A510": 59.953459569537436, "A511": 62.83883922061503, "A512": 57.8477933071921, "A513": 57.76703763949438, "A514": 66.89012887034707, "A515": 59.75907230220167, "A516": 63.89151255734484, "A517": 65.99329854200147, "A518": 63.11788048539529, "A519": 61.70996530299729, "A520": 56.91871160400941, "A521": 67.40710034432743, "A522": 61.41444620798142, "A523": 65.3830452850455, "A524": 64.46808583979688, "B101": 64.71702731538949, "B102": 65.93916147726176, "B103": 64.13326075064407, "B104": 56.20861927833819, "B105": 55.55752812018908, "B106": 62.965233762413796, "B107": 61.86519957307091, "B108": 58.933244982462554, "B109": 67.58265707077743, "B110": 64.32738062894255, "B111": 59.6066286765193, "B112": 66.88223694975488, "B113": 66.48053641819176, "B114": 59.15213802512928, "B115": 56.533397909910036, "B116": 62.79349868876761, "B117": 58.075367847682635, "B118": 57.09793987821737, "B119": 65.43456763779415, "B120": 55.61209444949665, "B121": 63.29614463237013, "B122": 58.97271316751908, "B123": 60.788945743871494, "B124": 61.32232362181094, "B201": 56.553080946685384, "B202": 57.26272316482893, "B203": 64.34026224707101, "B204": 61.94519848859544, "B205": 56.97977181974459, "B206": 64.87388792513451, "B207": 58.64193735687055, "B208": 55.93460368242094, "B209": 64.79731414575937, "B210": 59.901491997868874, "B211": 60.10811514433151, "B212": 56.94557767123394, "B213": 60.51675552381733, "B214": 65.09084430493422, "B215": 67.31810871446804, "B216": 67.55632211415343, "B217": 63.72078543671908, "B218": 65.12943337347883, "B219": 61.79335984925396, "B220": 61.433522148265276, "B221": 68.325917471224, "B222": 62.79310122393587, "B223": 62.5367322147483, "B224": 63.98812423419396, "B301": 62.03524626407219, "B302": 52.37646469403157, "B303": 59.288600209783006, "B304": 58.681730762358164, "B305": 59.56580730307052, "B306": 60.874652326741, "B307": 57.464298206129456, "B308": 64.19111328393375, "B309": 65.31130290613423, "B310": 61.68679266313426, "B311": 66.83766954903908, "B312": 63.91172281451003, "B313": 59.680766546584465, "B314": 58.4757597699555, "B315": 59.90577555799741, "B316": 61.83374786594757, "B317": 61.90054300857667, "B318": 67.68009980115208, "B319": 60.614261342052814, "B320": 67.75911940326206, "B321": 58.387475645841505, "B322": 60.35461921610823, "B323": 64.59630177696337, "B324": 63.09398196482243, "B401": 58.80223509849349, "B402": 61.77112725323903, "B403": 64.10697372345204, "B404": 66.6819364267723, "B405": 58.779156331145145, "B406": 59.02827065870008, "B407": 62.16124521072076, "B408": 62.70510438241492, "B409": 63.05227251018025, "B410": 60.58436544778552, "B411": 65.73330092015618, "B412": 60.398797663200185, "B413": 64.71062207900555, "B414": 59.44278646765867, "B415": 64.01510095866718, "B416": 58.849039373009056, "B417": 59.328289065635005, "B418": 61.51524908065852, "B419": 63.6504864160872, "B420": 59.05702679965664, "B421": 58.99926316788304, "B422": 60.427870998027075, "B423": 60.720510165374144, "B424": 62.15581782718101, "B501": 67.07254983393233, "B502": 56.92777889994085, "B503": 57.58947130305621, "B504": 62.07914994746984, "B505": 58.18854236469525, "B506": 60.92660220898797, "B507": 60.608207214678586, "B508": 62.46208443458975, "B509": 66.80089452487638, "B510": 59.38321378117945, "B511": 59.52524599559839, "B512": 60.172045676015166, "B513": 62.54520195952671, "B514": 65.12321144600412, "B515": 62.496733195241816, "B516": 57.891412592870125, "B517": 63.85266038854981, "B518": 66.09144605942782, "B519": 62.614948558332664, "B520": 60.97842442400881, "B521": 62.08949077375536, "B522": 65.5825002020579, "B523": 62.75601869072242, "B524": 59.892893656732966, "C101": 57.484807873421175, "C102": 69.20335623327024, "C103": 62.627493581236465, "C104": 60.54679239683, "C105": 66.94170252193912, "C106": 65.55340651370635, "C107": 67.77426856154263, "C108": 60.89016328719589, "C109": 59.5242980030465, "C110": 63.84067604154861, "C111": 61.55304640848258, "C112": 62.3461502081052, "C113": 59.39121006890943, "C114": 59.26154636926871, "C115": 62.19466919315173, "C116": 63.063705536298954, "C117": 59.20377510830251, "C118": 60.71993507315702, "C119": 56.77586731309876, "C120": 59.35290696174044, "C121": 57.448506477451176, "C122": 63.0383428941645, "C123": 60.42481559729518, "C124": 58.60529797787934, "C201": 62.19769184547894, "C202": 62.703740502007506, "C203": 61.27545554964909, "C204": 61.54061757033772, "C205": 60.19677176802911, "C206": 63.14872792350562, "C207": 66.86302480881265, "C208": 64.05200292356972, "C209": 58.214766177265645, "C210": 59.75751874280165, "C211": 59.02078290443334, "C212": 61.46666773251585, "C213": 65.64016831216396, "C214": 66.27679504000201, "C215": 58.02857367119821, "C216": 62.31917930668649, "C217": 65.02351315095808, "C218": 64.34036344781191, "C219": 58.27478887872431, "C220": 61.19914021573603, "C221": 61.782849482199964, "C222": 61.248186345708596, "C223": 62.96660279971878, "C224": 57.41687563097595, "C301": 63.44329490201135, "C302": 60.693069259057374, "C303": 62.043144729699584, "C304": 62.44315941080439, "C305": 66.10249989686601, "C306": 63.46935568216262, "C307": 67.12314791108577,