{"A101": 109.31815651195582, "A102": 96.41547269512868, "A103": 105.0718635433536, "A104": 111.01389296071031, "A105": 102.2318411318177, "A106": 96.66795434163812, "A107": 100.54748127866064, "A108": 109.81815813090613, "A109": 98.71287162526004, "A110": 107.06407797626876, "A111": 99.24564220949557, "A112": 106.83121091406821, "A113": 102.3398380613359, "A114": 99.71828848343262, "A115": 98.31325419712685, "A116": 100.31010559976987, "A117": 98.78960759031493, "A118": 117.05163501134562, "A119": 103.35950508245153, "A120": 109.11655791748089, "A121": 105.00099082680144, "A122": 106.42740185372467, "A123": 106.07306403689225, "A124": 101.60108076629355, "A201": 99.98252282853637, "A202": 112.89968959787196, "A203": 99.80961510895139, "A204": 105.30187595143096, "A205": 102.32899439352, "A206": 103.2385052253322, "A207": 105.49428442732989, "A208": 107.43845293408954, "A209": 102.09566509145924, "A210": 101.54268748672192, "A211": 100.88567066139954, "A212": 117.14091700139433, "A213": 104.44871514282805, "A214": 100.81850513092942, "A215": 109.21924413000015, "A216": 99.92579806454354, "A217": 101.6682421175278, "A218": 105.36506592951524, "A219": 103.98597335892487, "A220": 103.92623147900808, "A221": 95.87315919030506, "A222": 99.19520405618023, "A223": 108.16954525032423, "A224": 104.23425328241004, "A301": 96.94147558596903, "A302": 99.81023373669092, "A303": 103.36873929211966, "A304": 105.16123520993307, "A305": 105.00353204276693, "A306": 105.96854139802504, "A307": 109.02280237109379, "A308": 104.25281049793917, "A309": 96.46428566501751, "A310": 102.25382206129501, "A311": 103.65952860311113, "A312": 98.64628645015887, "A313": 111.70339461004681, "A314": 107.74162538388643, "A315": 102.64690706992282, "A316": 107.89705169409343, "A317": 94.5262696104838, "A318": 98.1993841414829, "A319": 97.30631959608033, "A320": 100.5751316128586, "A321": 96.96949108909928, "A322": 99.17906693989302, "A323": 97.50692113939527, "A324": 103.07594598113299, "A401": 110.04767965275751, "A402": 107.15885124650379, "A403": 99.05129425634921, "A404": 100.49083850107496, "A405": 110.39942484910259, "A406": 99.45291461013241, "A407": 103.87139744613815, "A408": 102.88630187031649, "A409": 106.71407548878014, "A410": 114.63022271844808, "A411": 108.87735525780803, "A412": 100.86043604508171, "A413": 99.66330382982656, "A414": 97.05678891304161, "A415": 107.41909061549535, "A416": 104.30231892907864, "A417": 111.81416076077166, "A418": 108.04009270098963, "A419": 98.67125682273537, "A420": 106.04484380030163, "A421": 102.85474772422891, "A422": 100.77468247623234, "A423": 99.62856533310455, "A424": 103.71750560323056, "A501": 102.49829560102872, "A502": 105.88770803061558, "A503": 108.50820085192709, "A504": 110.05658226932361, "A505": 108.37870340171577, "A506": 105.99319934652846, "A507": 106.69058741822504, "A508": 102.31365384382653, "A509": 101.9793513868174, "A510": 103.96779774568556, "A511": 110.51203608529246, "A512": 102.39751334753478, "A513": 97.22680087931933, "A514": 107.79512748334186, "A515": 100.14510319170594, "A516": 105.52704686324084, "A517": 107.64755882376102, "A518": 105.24046358436009, "A519": 104.09945129664432, "A520": 102.20600439165995, "A521": 106.70744773079316, "A522": 103.70584638136097, "A523": 108.17216085369608, "A524": 101.94327532239852, "B101": 103.57580479473742, "B102": 108.27607620129606, "B103": 106.10891518566987, "B104": 101.54687009445048, "B105": 92.19121405920588, "B106": 111.5736640908875, "B107": 101.78811989524102, "B108": 101.31519763111405, "B109": 111.24154979932615, "B110": 105.60380110903233, "B111": 104.95977825538237, "B112": 109.53136361579821, "B113": 111.6666999861831, "B114": 106.297939199216, "B115": 100.83202009804812, "B116": 105.69123979950655, "B117": 101.05725947278073, "B118": 101.3197068851669, "B119": 110.41775805774927, "B120": 95.95716943470255, "B121": 111.4387997199235, "B122": 106.01198809491517, "B123": 99.41081364046627, "B124": 103.65639033918514, "B201": 103.01849897373415, "B202": 96.78342562919491, "B203": 109.01905990575383, "B204": 97.32437205540519, "B205": 98.41692471779265, "B206": 106.20253042414707, "B207": 100.40018283600305, "B208": 95.6119330777152, "B209": 104.43328128874957, "B210": 105.52392478539193, "B211": 103.1113004938369, "B212": 99.31096742656166, "B213": 105.10033680274536, "B214": 106.68351689051563, "B215": 111.69702611600809, "B216": 110.31283359616984, "B217": 108.90534859077249, "B218": 108.47624333425182, "B219": 108.06055074851797, "B220": 101.7942074494436, "B221": 109.09639293285746, "B222": 106.6894482065382, "B223": 106.43031775814165, "B224": 101.42006301469296, "B301": 106.20892308042967, "B302": 95.24871708526487, "B303": 103.21293022398864, "B304": 107.13064997011615, "B305": 105.18968363453747, "B306": 112.34836373872484, "B307": 101.40846084058866, "B308": 112.41022281399533, "B309": 103.68338899659066, "B310": 101.84241116219927, "B311": 112.32483958058677, "B312": 102.4592349939413, "B313": 98.60447123427483, "B314": 98.65332970353406, "B315": 101.51535665642714, "B316": 101.69109880806627, "B317": 100.27207273920223, "B318": 110.83842199414374, "B319": 101.14614075157965, "B320": 112.48597869248495, "B321": 102.98902894063998, "B322": 108.06303664648121, "B323": 111.88811735336358, "B324": 107.61624119224744, "B401": 100.84486189004028, "B402": 106.22843913472087, "B403": 104.673774005129, "B404": 106.39959374000746, "B405": 105.06200941669447, "B406": 107.02114327192703, "B407": 98.59009164901995, "B408": 105.69688394981247, "B409": 106.81403182486365, "B410": 105.14702438766552, "B411": 109.02847940742402, "B412": 102.95419200914978, "B413": 111.97744678983615, "B414": 99.93021053279968, "B415": 111.4670919059056, "B416": 101.8560354009572, "B417": 101.616556210662, "B418": 105.74228289030513, "B419": 108.5122117685438, "B420": 101.26285174359586, "B421": 103.15234979010636, "B422": 101.4169597146913, "B423": 103.07232880743118, "B424": 102.79006589245633, "B501": 102.36277535285305, "B502": 98.50170515702558, "B503": 95.75878978495173, "B504": 105.89802050719884, "B505": 101.33900938985775, "B506": 102.84640968872738, "B507": 104.52221954718907, "B508": 101.53505476879633, "B509": 107.67156705300803, "B510": 108.83302935963964, "B511": 103.5811684211934, "B512": 104.28558658043141, "B513": 103.9537507369421, "B514": 106.96843892549359, "B515": 106.95851231740278, "B516": 105.53664965123157, "B517": 110.39784222966662, "B518": 108.16929075854223, "B519": 106.23175693755873, "B520": 109.51169032882778, "B521": 111.25524584776008, "B522": 109.17994020971652, "B523": 102.83093319866553, "B524": 104.05782000213104, "C101": 98.99255342912855, "C102": 109.09762623939162, "C103": 101.53819466793533, "C104": 105.41921575298035, "C105": 111.22485584949413, "C106": 106.11038498200296, "C107": 110.98754501722323, "C108": 102.18925079306788, "C109": 103.4999304756213, "C110": 105.9436642777327, "C111": 102.71785653817648, "C112": 100.98034092359293, "C113": 98.77473642583902, "C114": 106.0311381817157, "C115": 104.65115670213154, "C116": 105.59209439797722, "C117": 100.98317845323479, "C118": 102.52394593042001, "C119": 100.17617655159917, "C120": 100.92823844727863, "C121": 98.64128866636015, "C122": 106.69197955927899, "C123": 103.37878268772452, "C124": 101.26905950090686, "C201": 111.21716466868038, "C202": 105.47692601759601, "C203": 103.30221353738331, "C204": 100.7491138931218, "C205": 103.54692420472897, "C206": 105.28557837085872, "C207": 111.58506617321744, "C208": 106.25419224560852, "C209": 102.98795195054139, "C210": 103.16005839224502, "C211": 102.17116349882161, "C212": 104.6231615436697, "C213": 109.91970102370425, "C214": 107.94246639262101, "C215": 101.61595416615965, "C216": 106.08343820525272, "C217": 100.72901823791705, "C218": 109.53707502007418, "C219": 100.17172579421269, "C220": 101.24156123942531, "C221": 104.29849159476744, "C222": 101.23474226046274, "C223": 105.07105250745414, "C224": 99.86890336985292,