{"A101": 15.971893261276659, "A102": 16.185625640162492, "A103": 14.586870775149753, "A104": 17.031296298308575, "A105": 15.393349166245466, "A106": 14.535671675185734, "A107": 14.744822127309249, "A108": 18.559068726556625, "A109": 15.579920067241922, "A110": 17.06968229936869, "A111": 15.200466825041651, "A112": 15.941320535576489, "A113": 15.31109181647118, "A114": 15.358135280710828, "A115": 19.402546283729357, "A116": 15.012376082614939, "A117": 15.65733279284321, "A118": 20.872800776321114, "A119": 16.965172956457334, "A120": 16.843637851964225, "A121": 20.734229727217365, "A122": 17.767044592473123, "A123": 16.162529844916882, "A124": 14.116044780126758, "A201": 16.21797816422254, "A202": 18.198104155167258, "A203": 19.844464521012465, "A204": 14.75449775413935, "A205": 17.265246471628664, "A206": 16.03365423368914, "A207": 15.313654753828654, "A208": 16.845249402883347, "A209": 15.53303394622231, "A210": 14.851562513267073, "A211": 14.725525859515345, "A212": 19.42296351421379, "A213": 16.177441277260968, "A214": 15.813994058395238, "A215": 18.66148254726948, "A216": 14.8111975049924, "A217": 17.54343965704896, "A218": 18.21520564098319, "A219": 16.176636375335192, "A220": 16.48832304621212, "A221": 14.370834724446246, "A222": 17.869327331724076, "A223": 14.910590312603945, "A224": 16.939175634915074, "A301": 14.623592320346477, "A302": 14.4165683956535, "A303": 14.652437137805485, "A304": 15.478463282408924, "A305": 15.77112177686314, "A306": 17.039984308767135, "A307": 17.4763086029759, "A308": 13.73564447108275, "A309": 16.321251941368164, "A310": 16.75123023654813, "A311": 14.66790633233365, "A312": 13.601952670138337, "A313": 19.941145147357734, "A314": 18.783710483130882, "A315": 17.661113224015303, "A316": 19.358288835912532, "A317": 13.480129026707772, "A318": 14.776285726901774, "A319": 16.608416461003632, "A320": 13.890521507240905, "A321": 14.037876762343698, "A322": 13.837635538832831, "A323": 14.749472117143654, "A324": 17.462100867629154, "A401": 14.358876834768775, "A402": 18.48009492785898, "A403": 19.758708655216694, "A404": 12.993944087510997, "A405": 16.368980902016993, "A406": 14.02880814839443, "A407": 14.45977314632769, "A408": 16.10922141343557, "A409": 18.89778864156432, "A410": 17.640527625820752, "A411": 18.2190102644033, "A412": 13.945301038013543, "A413": 16.20288546136232, "A414": 17.07897645831901, "A415": 15.736820482163655, "A416": 14.244590434551254, "A417": 20.19849191495489, "A418": 17.122938515662, "A419": 14.403508487526008, "A420": 18.713486486563, "A421": 17.299374859746347, "A422": 12.15442336414357, "A423": 13.257692955986826, "A424": 15.149106060847428, "A501": 14.845201321788824, "A502": 15.733310349307692, "A503": 17.99244669487377, "A504": 17.54067930929856, "A505": 18.17555257267257, "A506": 17.588579115320623, "A507": 14.8686860079955, "A508": 15.49703794635539, "A509": 14.952251930940434, "A510": 16.184826081680523, "A511": 14.611889634924728, "A512": 16.604675221113318, "A513": 16.184313924203874, "A514": 16.663124411671415, "A515": 17.722009281119476, "A516": 17.497777129283026, "A517": 19.693077644425507, "A518": 16.674819580581897, "A519": 17.20351820121436, "A520": 14.109211930373785, "A521": 17.794625068480002, "A522": 16.234997641254427, "A523": 16.96459854924357, "A524": 15.230932416939124, "B101": 17.392454728934254, "B102": 16.77842428700481, "B103": 16.293492462311182, "B104": 14.81859623578566, "B105": 17.198438336131836, "B106": 16.245916398485917, "B107": 14.973363288465407, "B108": 13.330401738199079, "B109": 16.67682043256028, "B110": 15.398657330683756, "B111": 14.570205903441988, "B112": 18.051334314641114, "B113": 17.111495779970454, "B114": 15.28298628992387, "B115": 13.89850603393688, "B116": 17.474664227338792, "B117": 14.843783409979196, "B118": 15.181150333969955, "B119": 18.456667737964615, "B120": 15.958727916447753, "B121": 17.69365957137971, "B122": 15.401478979785594, "B123": 16.068517799176767, "B124": 16.591663017574273, "B201": 15.595283501714304, "B202": 14.025770062856537, "B203": 16.953417826513657, "B204": 16.42885442681629, "B205": 13.949222055241897, "B206": 18.336533736691823, "B207": 16.678130954347324, "B208": 13.499817574207334, "B209": 18.494290025420604, "B210": 14.661736501792054, "B211": 15.203735471235191, "B212": 15.371280929052135, "B213": 15.332003594964336, "B214": 16.911997988248878, "B215": 18.927232710502274, "B216": 17.55743710513219, "B217": 16.032327020121986, "B218": 15.594633519890458, "B219": 14.33005820243901, "B220": 14.08594689239418, "B221": 16.07877387654971, "B222": 17.999692270987595, "B223": 17.171037686960645, "B224": 17.478084554868307, "B301": 17.738793547331046, "B302": 12.528519614660077, "B303": 14.997704534598492, "B304": 14.016220363516045, "B305": 15.465436888115702, "B306": 13.254099559197204, "B307": 12.664439841452456, "B308": 15.14900810241822, "B309": 16.650755707103272, "B310": 15.759659139862103, "B311": 17.027148477863186, "B312": 15.683626492047047, "B313": 15.983953643311592, "B314": 14.741609430535881, "B315": 16.32984334095922, "B316": 16.448817448019057, "B317": 15.170154389114792, "B318": 16.66691993117832, "B319": 16.10035250706121, "B320": 17.270938218875763, "B321": 16.064638881148156, "B322": 14.70426815920258, "B323": 16.944995024239827, "B324": 18.038175040661798, "B401": 15.609302014955338, "B402": 14.124142162398464, "B403": 17.108699420200367, "B404": 17.08533253022784, "B405": 17.177654240892153, "B406": 16.357736670415267, "B407": 16.578459695196496, "B408": 15.165930755934442, "B409": 16.664578533578922, "B410": 15.246437329591918, "B411": 17.395076877487917, "B412": 17.172885260755713, "B413": 18.582833293143658, "B414": 15.96548074886268, "B415": 15.552593854400254, "B416": 16.05020381969685, "B417": 13.028312226427271, "B418": 17.230009181047947, "B419": 16.42336877104026, "B420": 14.661426881751893, "B421": 16.281281608498894, "B422": 16.0861961354363, "B423": 15.86726816394514, "B424": 16.86651450920008, "B501": 17.064161798675936, "B502": 14.644854927972437, "B503": 15.05426477636169, "B504": 18.371842255556807, "B505": 14.719625984634403, "B506": 18.387035164972772, "B507": 15.290136993139207, "B508": 17.717766747117228, "B509": 16.06043814711696, "B510": 13.932228658982735, "B511": 16.71740879050118, "B512": 16.80812677864853, "B513": 15.133585779491318, "B514": 14.449972453909826, "B515": 15.117650715142918, "B516": 15.548405730579907, "B517": 18.286080077987908, "B518": 16.18878940160212, "B519": 18.46045418957781, "B520": 15.37945153780364, "B521": 16.133105095610713, "B522": 18.29372828984875, "B523": 15.881735991140868, "B524": 14.01695003575362, "C101": 17.177731263764063, "C102": 15.825480496863348, "C103": 15.426291512312304, "C104": 14.95699498942609, "C105": 14.782647229783457, "C106": 19.031849491098207, "C107": 17.705099729201496, "C108": 15.50663195974969, "C109": 14.208058678380874, "C110": 15.549573360342231, "C111": 15.275608191180458, "C112": 18.437332094154375, "C113": 17.39202239036471, "C114": 13.922994055603803, "C115": 15.464476331759496, "C116": 16.450731096173758, "C117": 15.950012699797377, "C118": 14.483611610176883, "C119": 14.182550624956358, "C120": 17.2143763277882, "C121": 14.872195901965757, "C122": 17.58420760821165, "C123": 16.042890844149856, "C124": 16.08219601700547, "C201": 15.583982919726052, "C202": 18.00733838811364, "C203": 14.685633192244548, "C204": 15.132331850888443, "C205": 14.865270430435944, "C206": 18.04237767842832, "C207": 15.513302226051149, "C208": 16.223824340545903, "C209": 15.774708127008381, "C210": 15.874997749748685, "C211": 17.055634679875162, "C212": 15.110107636801613, "C213": 18.523659121430693, "C214": 20.32002710745119, "C215": 14.27663412576146, "C216": 17.14369456097942, "C217": 16.747212555132037, "C218": 17.197088456156948, "C219": 14.153452630159784, "C220": 15.853852522951627, "C221": 16.076812976767563, "C222": 16.58810763769783, "C223": 15.069721998264338, "C224": 14.74615705340004, "C301": 16.236434544692443,