{"A101": 316.9988631732446, "A102": 311.81489410002666, "A103": 318.5682850597645, "A104": 313.8447260295874, "A105": 317.43746631541654, "A106": 302.851290046083, "A107": 316.7134394976191, "A108": 322.0217569055067, "A109": 289.96027556502395, "A110": 305.42204306119555, "A111": 305.0073852997866, "A112": 315.16459622328307, "A113": 305.1675349717302, "A114": 315.80913228237773, "A115": 313.23182931802734, "A116": 305.19473492861385, "A117": 308.61999883932026, "A118": 328.0765524598146, "A119": 312.934936691234, "A120": 315.55992146472295, "A121": 304.3354590840659, "A122": 324.6363121533418, "A123": 314.8218161407241, "A124": 308.1916933077702, "A201": 308.78403875388676, "A202": 316.21368164863793, "A203": 309.38548079440073, "A204": 303.6305741829912, "A205": 307.9368823737861, "A206": 311.961731753907, "A207": 315.934097333245, "A208": 314.6345596936433, "A209": 314.9176844727844, "A210": 308.03382837338876, "A211": 301.5120176889408, "A212": 325.1996020958039, "A213": 319.76996439945583, "A214": 301.7949080880848, "A215": 316.64177596071244, "A216": 307.06463927043575, "A217": 302.5702926641298, "A218": 316.5260294944215, "A219": 317.32307133320705, "A220": 322.3120538822744, "A221": 301.2355314238853, "A222": 305.6144243099717, "A223": 317.25517164033016, "A224": 305.24675261716845, "A301": 313.93707499244294, "A302": 316.47871744214547, "A303": 307.48780736304406, "A304": 310.69600765360104, "A305": 311.69259972395, "A306": 315.2711045737574, "A307": 315.5178297558306, "A308": 320.3041687217401, "A309": 305.6384912163836, "A310": 315.28386699214246, "A311": 318.51871209303664, "A312": 304.5306830663473, "A313": 317.59775494014565, "A314": 313.8554555915145, "A315": 312.06589861199063, "A316": 326.30215349200876, "A317": 295.01537352592334, "A318": 306.55048001651915, "A319": 311.5206325290317, "A320": 303.0455831703629, "A321": 300.0728020098458, "A322": 315.185377923846, "A323": 306.95152594956664, "A324": 308.7759171969824, "A401": 313.8403331557837, "A402": 311.2577707258036, "A403": 307.46912330433196, "A404": 310.70018687760376, "A405": 313.66440224306115, "A406": 305.11975660301937, "A407": 315.72327243270695, "A408": 306.8173910642878, "A409": 307.9503716631618, "A410": 314.1844617380594, "A411": 317.4227396580409, "A412": 305.9550982238915, "A413": 300.1764880208113, "A414": 299.7629122285673, "A415": 324.5858123472638, "A416": 315.33630633615485, "A417": 318.0835689262812, "A418": 308.9074368614417, "A419": 301.23766319980575, "A420": 311.413906584779, "A421": 306.28933873770853, "A422": 308.5479689752236, "A423": 307.00623406047333, "A424": 308.03571591969427, "A501": 306.1776101530421, "A502": 312.57834431894344, "A503": 318.21404033931407, "A504": 313.3238067066074, "A505": 313.8957428741332, "A506": 303.396397891024, "A507": 320.7327046144516, "A508": 310.79837349619254, "A509": 316.4702044421053, "A510": 314.80613619986707, "A511": 319.06337063780984, "A512": 309.39994866380744, "A513": 308.42462959089113, "A514": 310.7280286048361, "A515": 313.47521990686874, "A516": 317.7658887046829, "A517": 318.9328057632899, "A518": 308.34859322910063, "A519": 321.192150517827, "A520": 319.3641978967452, "A521": 321.6360260820788, "A522": 308.695189138163, "A523": 312.86087199763904, "A524": 315.0812644916713, "B101": 301.3050556522734, "B102": 304.31703483279557, "B103": 324.69301568366814, "B104": 306.9224208560012, "B105": 301.59244165969875, "B106": 320.4402921476418, "B107": 306.466091116355, "B108": 310.6632050158647, "B109": 308.6793172663168, "B110": 303.59011023854606, "B111": 304.6406091817624, "B112": 320.9713930799266, "B113": 322.85733458508173, "B114": 321.2170062393107, "B115": 303.6104596368442, "B116": 311.64063333874054, "B117": 324.4031469252144, "B118": 318.2704111411216, "B119": 312.3049517931438, "B120": 299.0482761364986, "B121": 315.3542868460602, "B122": 307.7301402391877, "B123": 298.02289310775456, "B124": 309.084441083506, "B201": 309.26369569028117, "B202": 296.90812999010205, "B203": 321.73395566125214, "B204": 316.47090828575114, "B205": 316.7713830552273, "B206": 314.9331941170008, "B207": 302.0888490835257, "B208": 305.0602037383034, "B209": 313.2218317466209, "B210": 316.2245352364176, "B211": 302.4290320169475, "B212": 304.64555194958047, "B213": 308.77697521164487, "B214": 321.71452524064244, "B215": 322.9266871562102, "B216": 314.8510712441611, "B217": 305.8995326404273, "B218": 320.28758788929673, "B219": 322.9575591167615, "B220": 302.5297230823058, "B221": 325.68288978500425, "B222": 313.31847814264154, "B223": 316.71572616726434, "B224": 304.91369512333085, "B301": 312.9345579460934, "B302": 304.43222037385516, "B303": 301.91861932721076, "B304": 310.4588111881671, "B305": 314.346505377844, "B306": 315.5764749281144, "B307": 317.22810012507654, "B308": 318.4927564618892, "B309": 316.1767030021392, "B310": 314.426947173507, "B311": 323.34113808750936, "B312": 307.5536087480738, "B313": 304.34493435565867, "B314": 305.5335948650981, "B315": 304.2805576208084, "B316": 314.0620087098821, "B317": 315.4710244000026, "B318": 321.0662947009369, "B319": 301.2619439122016, "B320": 315.13314464390334, "B321": 314.67030116120037, "B322": 309.98226269003146, "B323": 321.5934157465686, "B324": 318.2027801206001, "B401": 308.3684697009488, "B402": 302.42925341119513, "B403": 312.7744079433492, "B404": 309.1887830362827, "B405": 302.07135248618744, "B406": 327.0011895220691, "B407": 296.24786301205023, "B408": 313.1277355068924, "B409": 314.0079533854286, "B410": 309.63241860508117, "B411": 314.65981394601, "B412": 310.68989333497103, "B413": 320.02137239682475, "B414": 315.09359398031427, "B415": 319.3449483282831, "B416": 313.00225815365775, "B417": 307.3524823454868, "B418": 308.135983115617, "B419": 308.4223525650237, "B420": 305.2675026994503, "B421": 304.6567981430068, "B422": 306.4193798350995, "B423": 309.6723320877577, "B424": 318.4301884424382, "B501": 311.4579907275027, "B502": 303.2501339189613, "B503": 299.22136826871343, "B504": 320.2138950073378, "B505": 297.97688720810396, "B506": 316.78146754575255, "B507": 316.8565937710355, "B508": 312.1911018632566, "B509": 316.3961532759082, "B510": 314.1796994130305, "B511": 308.626131762331, "B512": 306.37848759240137, "B513": 316.99831212751803, "B514": 320.58932901624826, "B515": 309.0711462804391, "B516": 321.2131339168478, "B517": 320.7719423956026, "B518": 326.7862116917563, "B519": 312.47589622186115, "B520": 318.1502880766136, "B521": 326.993801458362, "B522": 316.41803567258387, "B523": 307.71634301781995, "B524": 307.70313327536365, "C101": 303.41794832576875, "C102": 310.7213438926902, "C103": 319.1856940227004, "C104": 314.43381636875284, "C105": 322.1270996335334, "C106": 316.4004387669903, "C107": 321.6568332082466, "C108": 313.4956307785991, "C109": 303.7107213098825, "C110": 317.7915501066568, "C111": 311.0839914690285, "C112": 305.1557182414087, "C113": 310.8426420382068, "C114": 324.6282045329495, "C115": 312.83191114566444, "C116": 305.38724173426317, "C117": 315.96082907104545, "C118": 308.2373700918576, "C119": 312.2689388246073, "C120": 311.0570211791519, "C121": 303.0644693085051, "C122": 316.85450655969066, "C123": 300.8875387594913, "C124": 307.42886449383155, "C201": 321.39683177772787, "C202": 309.6198120020289, "C203": 316.7499783201254, "C204": 320.8279096556093, "C205": 311.486699243329, "C206": 306.6498243571491, "C207": 320.7396409335511, "C208": 318.62469685645493, "C209": 313.86689656093904, "C210": 307.0104690819979, "C211": 304.7171069934678, "C212": 303.9782306012043, "C213": 317.1772143672397, "C214": 316.11148185999264, "C215": 310.90027159090505, "C216": 307.5098880272431, "C217": 305.75482261471996, "C218": 313.5972323983415, "C219": 297.0973421591908, "C220": 306.81147523141993, "C221": 314.2611465981417, "C222": 309.47238597463803, "C223": 312.9986273497601, "C224": 311.6039990654633, "C301": 321.6315445918867, "C302": 305.6818793940403, "C303": 312.7845735987866, "C304": 309.705968721857,