{"A101": 296.94179624232567, "A102": 289.6787989362518, "A103": 297.84926560207066, "A104": 294.0233916576296, "A105": 297.28028913160887, "A106": 280.34452248027156, "A107": 293.31376107057105, "A108": 301.4557420246441, "A109": 272.4698069189764, "A110": 284.23777902685606, "A111": 281.2040833326898, "A112": 293.19595202568473, "A113": 283.77744432294554, "A114": 293.50532466182244, "A115": 292.27032040995203, "A116": 288.0930571478152, "A117": 286.00346238474816, "A118": 309.45197500381687, "A119": 291.1771269341752, "A120": 293.0951501833537, "A121": 283.477645324886, "A122": 304.01795009278993, "A123": 294.54844977368407, "A124": 285.63316608281536, "A201": 287.0852510586848, "A202": 296.20020094461825, "A203": 292.3124830025362, "A204": 282.2503027946223, "A205": 288.82732985112784, "A206": 293.68066909836097, "A207": 296.8621801391084, "A208": 290.69613686548485, "A209": 291.2115868275097, "A210": 288.7972849440298, "A211": 284.6020033803328, "A212": 304.96522881659274, "A213": 300.178716799088, "A214": 278.4640728646994, "A215": 296.0829332799489, "A216": 284.587338095211, "A217": 284.41635337914596, "A218": 289.9707725362295, "A219": 298.5347166969187, "A220": 303.1399727639076, "A221": 281.01609959149613, "A222": 286.0607796330845, "A223": 297.15364237986864, "A224": 283.7751057864905, "A301": 292.97758820199897, "A302": 292.6503997740472, "A303": 285.74890265444606, "A304": 290.97786731424713, "A305": 288.4107553317653, "A306": 294.3649450584884, "A307": 293.9665358957177, "A308": 297.160057759164, "A309": 283.80036524360946, "A310": 294.87691189203593, "A311": 298.3227209898664, "A312": 282.4920312534702, "A313": 297.42686336311345, "A314": 294.04927127049814, "A315": 290.30442794448066, "A316": 302.2549377116147, "A317": 269.5539041638539, "A318": 286.42970086257026, "A319": 292.8740906250173, "A320": 283.7978001218608, "A321": 276.4139532988565, "A322": 293.05672474215504, "A323": 287.0347545517842, "A324": 289.9824049068291, "A401": 292.4648622672409, "A402": 288.73239867022363, "A403": 285.2852165012776, "A404": 289.8804841394739, "A405": 295.1293138095684, "A406": 286.68671823005997, "A407": 290.73135802120026, "A408": 285.88094274399094, "A409": 286.5765277160323, "A410": 297.1076620526007, "A411": 293.13929109600633, "A412": 287.3952162736993, "A413": 274.25869539828443, "A414": 277.63998911488846, "A415": 298.8765297276741, "A416": 293.78924010241013, "A417": 297.9605056174702, "A418": 290.4880981420286, "A419": 277.7687995205355, "A420": 289.7870429628614, "A421": 285.0631224010228, "A422": 287.86915568331676, "A423": 287.515830695335, "A424": 285.30843629031574, "A501": 284.97470668815873, "A502": 290.74163559987136, "A503": 296.37716697441624, "A504": 290.6804615080707, "A505": 292.29638004282884, "A506": 279.66083647130876, "A507": 300.04054025504263, "A508": 287.986958486413, "A509": 294.3836534410101, "A510": 295.9634833343694, "A511": 299.94740210029755, "A512": 286.5465456293986, "A513": 288.3550173762606, "A514": 290.76369621310135, "A515": 291.2654200149293, "A516": 296.94280643779695, "A517": 295.73547281792275, "A518": 284.89247546393216, "A519": 301.09698227180905, "A520": 298.24105206106265, "A521": 301.4842903732275, "A522": 286.8210531242294, "A523": 292.98546612417084, "A524": 294.02541666492357, "B101": 279.3906354643091, "B102": 284.4070867220023, "B103": 301.74091680632597, "B104": 284.33639517367567, "B105": 281.52177299424386, "B106": 296.4954602117995, "B107": 284.82902363275065, "B108": 288.5463996035906, "B109": 290.483981975084, "B110": 286.69421977214165, "B111": 282.54027883618437, "B112": 299.26391086740654, "B113": 300.18432862788814, "B114": 295.6458850908189, "B115": 281.06830690022883, "B116": 293.3590481351145, "B117": 301.09197851133115, "B118": 294.4445882355168, "B119": 291.1420716761541, "B120": 277.3108218416097, "B121": 294.23791310652024, "B122": 287.429862480296, "B123": 279.92810525118745, "B124": 286.7134891950983, "B201": 286.95969537011996, "B202": 275.8457514377087, "B203": 304.4977942790506, "B204": 295.28433287234657, "B205": 296.9545385571367, "B206": 290.7434974277337, "B207": 283.031894814752, "B208": 283.72641491763784, "B209": 289.720620853389, "B210": 293.7330159911097, "B211": 282.0246830013914, "B212": 283.72567832862, "B213": 285.66870066128035, "B214": 301.5063679637932, "B215": 297.8119052688067, "B216": 295.7336322704973, "B217": 287.6415417749202, "B218": 299.27268385857224, "B219": 298.5134246341163, "B220": 279.11733406291097, "B221": 304.81585789204837, "B222": 290.29542557416295, "B223": 293.91244267453277, "B224": 284.81166495939834, "B301": 290.52124894633454, "B302": 279.88409748771375, "B303": 283.50823070463724, "B304": 288.3909958687833, "B305": 293.4873380610108, "B306": 296.63022309225937, "B307": 295.1004876495283, "B308": 300.92165262961913, "B309": 292.60704663980385, "B310": 291.9654623823318, "B311": 302.6200203325514, "B312": 286.41976204386685, "B313": 284.74024292585176, "B314": 281.9535577754182, "B315": 279.85453839781223, "B316": 293.30765153965166, "B317": 290.79845636007866, "B318": 297.1723444932395, "B319": 285.08758429172883, "B320": 294.6456533309603, "B321": 292.96448194129397, "B322": 291.374876753392, "B323": 300.2323929464592, "B324": 296.2297453531775, "B401": 288.2254623951465, "B402": 281.7307858284841, "B403": 289.02863938616605, "B404": 288.76113207954705, "B405": 284.7629683031599, "B406": 303.7944919048647, "B407": 278.94263840047995, "B408": 292.3835026574285, "B409": 294.66414334440054, "B410": 286.4944438608451, "B411": 295.30903777592795, "B412": 287.88411003868674, "B413": 298.61118626770036, "B414": 291.53003359925975, "B415": 297.76913278051745, "B416": 289.1457901465316, "B417": 288.56081472312565, "B418": 288.85356259742747, "B419": 284.14997361189705, "B420": 286.5879973423696, "B421": 280.74621732052424, "B422": 287.1256331800619, "B423": 291.8228653315974, "B424": 295.79728509777726, "B501": 292.9954017623781, "B502": 280.51451640909534, "B503": 279.2354354199371, "B504": 299.9863879983113, "B505": 277.68587353110223, "B506": 293.10452662971215, "B507": 297.07608319107385, "B508": 293.4706522589548, "B509": 292.20093116853224, "B510": 292.94412678964056, "B511": 284.9145793391305, "B512": 284.9011961708612, "B513": 295.74110837566775, "B514": 298.153130104328, "B515": 290.8544976502313, "B516": 299.16476219731845, "B517": 296.30236633436346, "B518": 303.291993277068, "B519": 288.18225094878903, "B520": 297.18124607958197, "B521": 306.0335117781732, "B522": 294.67731636306326, "B523": 288.46196470568185, "B524": 289.64717452004993, "C101": 282.3316898679255, "C102": 290.6026606916496, "C103": 295.52931533008865, "C104": 291.7374248303306, "C105": 303.51394374691216, "C106": 294.732508669272, "C107": 301.6558073603832, "C108": 291.86549610292747, "C109": 281.879643650911, "C110": 294.11067389104164, "C111": 288.76645937950866, "C112": 282.9165666165925, "C113": 291.1628736961911, "C114": 300.90446727837536, "C115": 290.7614580156273, "C116": 287.1252858441006, "C117": 290.02434990207644, "C118": 287.8884518341975, "C119": 288.701931430269, "C120": 288.6559892247478, "C121": 282.14302643076877, "C122": 296.0965157178057, "C123": 277.84492163061924, "C124": 283.5211561069994, "C201": 298.7579819531906, "C202": 286.76375424966824, "C203": 295.41580956796395, "C204": 299.52702133375493, "C205": 291.26948676597544, "C206": 289.3899119914959, "C207": 299.6788157672058, "C208": 297.32395473344286, "C209": 291.15960059007784, "C210": 284.579381136851, "C211": 281.1215401927608, "C212": 285.33653483792045, "C213": 295.5138205032704, "C214": 296.39502139609283, "C215": 288.336551005456, "C216": 287.29527202274625, "C217": 285.47412449344665, "C218": 293.5684711105725, "C219": 274.5764284167308, "C220": 285.3037231437074, "C221": 294.6840820935438, "C222": 287.89777471036496, "C223": 291.2580409666528, "C224": 290.55441141134224, "C301": 299.13074581940873, "C302": 282.6720707621122, "C303": 288.40959041913055,