{"A101": 301.72171307729286, "A102": 294.46256352661, "A103": 302.4356379125954, "A104": 297.9990477082038, "A105": 302.06991404378965, "A106": 285.5681898172753, "A107": 298.7948568746073, "A108": 305.79031878502076, "A109": 276.39427386344977, "A110": 288.34420471001863, "A111": 286.8229449003516, "A112": 299.7978656306588, "A113": 289.4543806436469, "A114": 299.7022655486616, "A115": 297.0668384857934, "A116": 292.12800911219773, "A117": 292.28892915484363, "A118": 314.83155371872294, "A119": 296.97783725338104, "A120": 298.50287605816754, "A121": 289.3608441993923, "A122": 308.0708383536845, "A123": 298.5729784254772, "A124": 292.6583723445532, "A201": 293.00379663162533, "A202": 302.2646450567789, "A203": 296.63021527236344, "A204": 287.83900201230716, "A205": 294.61335676775457, "A206": 298.1643877438506, "A207": 300.6335032407057, "A208": 297.2181702281101, "A209": 297.15960366392557, "A210": 293.56663560108507, "A211": 289.12823961982434, "A212": 309.699134070414, "A213": 305.8732002900532, "A214": 284.8980063584775, "A215": 301.8885581493, "A216": 290.3197067390461, "A217": 289.4359421529814, "A218": 295.2480131226291, "A219": 302.58485280231355, "A220": 307.9657193775548, "A221": 287.6982890728882, "A222": 291.1077522096445, "A223": 302.7526951688993, "A224": 287.9716032961857, "A301": 297.84925597680024, "A302": 297.6106366928687, "A303": 290.6265755840193, "A304": 295.49537434079815, "A305": 292.19137468016186, "A306": 298.7050485673027, "A307": 299.3422542772066, "A308": 303.9822031438173, "A309": 289.29296098123325, "A310": 300.77656749001744, "A311": 303.2802997425591, "A312": 287.9210949698349, "A313": 302.56637143797445, "A314": 300.89180889293345, "A315": 295.1110400992017, "A316": 308.92149150855494, "A317": 276.5269869511962, "A318": 290.62482754764056, "A319": 297.9504949371625, "A320": 289.0307061805435, "A321": 282.6308942410285, "A322": 298.49076638917745, "A323": 293.1324536936987, "A324": 295.0705984254893, "A401": 298.704281145418, "A402": 293.7105289548787, "A403": 290.84447209093236, "A404": 293.72061409502896, "A405": 299.53107452125204, "A406": 291.2014070376134, "A407": 295.96856808222697, "A408": 290.6655916935568, "A409": 292.3526050331918, "A410": 300.6475897322857, "A411": 300.1957055198609, "A412": 292.74630146749996, "A413": 280.5970002194792, "A414": 283.9267148928135, "A415": 305.07372372808067, "A416": 299.4427296817522, "A417": 301.52968112326386, "A418": 293.6829227027707, "A419": 284.2991183185117, "A420": 294.77555095034717, "A421": 289.46197381735857, "A422": 293.6544250395796, "A423": 292.9440600058604, "A424": 290.76281624783275, "A501": 290.28930086715684, "A502": 296.74482022322087, "A503": 300.3248458619291, "A504": 295.2940009645643, "A505": 296.1631308343811, "A506": 285.7557738423632, "A507": 305.44406492946166, "A508": 294.5839915140642, "A509": 301.0438661530256, "A510": 300.0046952682272, "A511": 302.8727300153221, "A512": 292.61390143881493, "A513": 292.4281009886033, "A514": 296.24339982714804, "A515": 295.5804627909603, "A516": 301.9871942166423, "A517": 302.23581663669296, "A518": 291.18845611542855, "A519": 306.13154067702186, "A520": 304.25485640711474, "A521": 306.61037543122666, "A522": 293.0090789927619, "A523": 298.4286825296976, "A524": 299.7549896811926, "B101": 285.3023698741208, "B102": 288.9783531911113, "B103": 308.4594579079012, "B104": 289.24178639509927, "B105": 286.7761681034581, "B106": 300.986656352598, "B107": 289.1007988568883, "B108": 293.0835449667456, "B109": 294.95302511895216, "B110": 291.93550473571094, "B111": 287.05029651154615, "B112": 304.76561323440205, "B113": 304.92324946626684, "B114": 301.7990445216665, "B115": 286.78477123765833, "B116": 298.2066656592674, "B117": 307.6394261166391, "B118": 299.7980933002459, "B119": 296.1229559405396, "B120": 282.1191393961185, "B121": 298.6661280095357, "B122": 293.41786980147276, "B123": 284.36913413454096, "B124": 292.4330534291324, "B201": 291.46286445262973, "B202": 280.7904715526407, "B203": 308.88997450725054, "B204": 300.55535366444224, "B205": 302.4419081824844, "B206": 297.74661320852596, "B207": 288.61380299737885, "B208": 287.85025700231296, "B209": 296.34751064204966, "B210": 298.6132694327489, "B211": 287.0459674868146, "B212": 288.5708034257912, "B213": 291.11477693951423, "B214": 307.6166081121684, "B215": 303.6533206078139, "B216": 300.0506107027431, "B217": 291.4762876967457, "B218": 304.0211902438527, "B219": 305.45450419646767, "B220": 283.97811907979855, "B221": 311.1094567653558, "B222": 296.02156902892705, "B223": 300.395877006209, "B224": 289.9630282301002, "B301": 297.1943634865276, "B302": 287.15184692215996, "B303": 288.86857438742305, "B304": 293.6265416874298, "B305": 299.4014601412363, "B306": 300.6428725635436, "B307": 300.468138753412, "B308": 304.76052440342056, "B309": 297.63998335524076, "B310": 297.57843204451825, "B311": 308.1351225994938, "B312": 292.03178815834855, "B313": 289.73849167598775, "B314": 287.34333703334175, "B315": 285.954309787873, "B316": 298.6304702994156, "B317": 296.6653890559716, "B318": 303.4116685803181, "B319": 289.076708855924, "B320": 299.84970712627796, "B321": 298.71215617730167, "B322": 295.9282278616545, "B323": 305.18258493285805, "B324": 302.421019647301, "B401": 294.4230785115911, "B402": 287.03594566309476, "B403": 295.5321341711623, "B404": 294.9802210313652, "B405": 288.9760231011104, "B406": 309.80962194283796, "B407": 282.64628250407804, "B408": 298.33420836210234, "B409": 300.9371779023053, "B410": 291.0290856528824, "B411": 300.5367823866934, "B412": 293.2874894989102, "B413": 303.7612369778733, "B414": 296.73036336523404, "B415": 302.7821441358469, "B416": 295.62967898121883, "B417": 291.8948980926598, "B418": 294.24190838846664, "B419": 290.4221443894289, "B420": 292.79048757072263, "B421": 285.80170117465605, "B422": 292.1174048069748, "B423": 296.50710476266914, "B424": 301.561680273131, "B501": 298.27196545551226, "B502": 286.9391698078589, "B503": 283.4091335693918, "B504": 305.84234404567724, "B505": 282.00335873289794, "B506": 298.5959219384052, "B507": 302.75207400306806, "B508": 297.8542695481637, "B509": 298.5384571473036, "B510": 297.9916369747643, "B511": 290.92564696660816, "B512": 289.1054009859236, "B513": 300.8944759662072, "B514": 304.6890588115667, "B515": 294.9447423693917, "B516": 305.48542399914504, "B517": 300.70593266846157, "B518": 308.8456219015968, "B519": 294.6157188994174, "B520": 301.85893139826754, "B521": 310.6946635656487, "B522": 299.40624559730605, "B523": 293.0268767608054, "B524": 294.4447478351036, "C101": 287.82803326728964, "C102": 294.17543574249413, "C103": 301.57690706954025, "C104": 297.25848558018043, "C105": 307.87275121472436, "C106": 300.94164998789506, "C107": 307.0664573186203, "C108": 296.4412414249449, "C109": 285.78554800945625, "C110": 299.97037466607054, "C111": 293.4165272827491, "C112": 288.8047475407906, "C113": 295.49144979635184, "C114": 305.8689091338129, "C115": 297.0646948387951, "C116": 291.65713695851224, "C117": 296.2423960309567, "C118": 292.6989711652883, "C119": 294.4521633670796, "C120": 294.2351433908268, "C121": 287.0104503121602, "C122": 301.9620670542741, "C123": 284.18283280819116, "C124": 290.27241690340895, "C201": 304.2424675003741, "C202": 292.5883423661941, "C203": 300.31517660399084, "C204": 305.06652268095246, "C205": 296.025805682119, "C206": 294.88660733136805, "C207": 304.40029454879425, "C208": 304.05674234120875, "C209": 297.8816699039992, "C210": 290.0553388743902, "C211": 287.88227929519894, "C212": 291.50406112541526, "C213": 302.4709038975683, "C214": 301.0263862933357, "C215": 294.3940025652147, "C216": 291.3266261944694, "C217": 292.06146442542985, "C218": 298.648429227248, "C219": 279.2845274701361, "C220": 291.14714971850987, "C221": 299.48371335291193, "C222": 292.70034236074815, "C223": 294.924848613709, "C224": 295.6598035315429, "C301": 303.6557483225128, "C302": 289.5038324090016, "C303": 295.1644070412132, "C304": 294.1213213425302,