{"A101": 235.9750259527242, "A102": 221.23207562315235, "A103": 229.30910944037663, "A104": 238.14305903147653, "A105": 228.15299602067972, "A106": 219.16483124442232, "A107": 230.16169231543083, "A108": 240.31215786921442, "A109": 217.09404191038627, "A110": 226.76124591819993, "A111": 225.7323175154203, "A112": 230.29272926984805, "A113": 222.56795960401072, "A114": 229.96930581245059, "A115": 227.2825093522123, "A116": 226.8260492285482, "A117": 226.73658363164955, "A118": 243.1040273554585, "A119": 223.57164910701607, "A120": 232.36487558049112, "A121": 226.87744986441675, "A122": 243.180236502928, "A123": 236.9448292888064, "A124": 221.26666075550654, "A201": 224.48107148706254, "A202": 234.1588374930916, "A203": 227.85900792451966, "A204": 221.7634302068844, "A205": 227.2442128402109, "A206": 228.26232475681599, "A207": 233.88285399899016, "A208": 227.5132960957501, "A209": 231.41648941173875, "A210": 226.81190991811363, "A211": 220.54783946990514, "A212": 239.43867799562452, "A213": 233.1883661984806, "A214": 220.06176866094233, "A215": 237.60095572587994, "A216": 222.40525891586125, "A217": 224.1768614280668, "A218": 229.67179179348184, "A219": 232.59189880882997, "A220": 233.3446661631759, "A221": 221.4430765927445, "A222": 226.08940122154306, "A223": 237.2335356843884, "A224": 225.45023616412456, "A301": 228.4749182784923, "A302": 233.53187568274726, "A303": 226.84497023404214, "A304": 229.7183222113464, "A305": 234.61130264680023, "A306": 232.50833632655744, "A307": 233.98839046473208, "A308": 228.89942412242257, "A309": 220.83205121194342, "A310": 228.5703123864243, "A311": 238.7827091467069, "A312": 222.41460441373303, "A313": 239.07732773469243, "A314": 229.61596450134735, "A315": 228.17822469936274, "A316": 234.85267928014093, "A317": 214.53963467089676, "A318": 225.00806354871665, "A319": 227.25166757003564, "A320": 219.84582494767818, "A321": 210.49491937866543, "A322": 224.72214096222126, "A323": 220.55311853055747, "A324": 230.98301071073828, "A401": 234.6987586544405, "A402": 230.7915782445699, "A403": 224.17194635949735, "A404": 228.08964968564314, "A405": 236.41327476823056, "A406": 225.0600527446078, "A407": 225.1765277876881, "A408": 227.74585086277125, "A409": 223.8806837874222, "A410": 234.60656718971993, "A411": 233.67034005136878, "A412": 226.33611465922652, "A413": 218.2553253010991, "A414": 219.31594270405125, "A415": 237.27504508315153, "A416": 230.50273238592456, "A417": 238.95791912447197, "A418": 228.7385636822545, "A419": 219.09873488659724, "A420": 232.88715830874858, "A421": 224.64275615254246, "A422": 222.16389435082618, "A423": 224.6844205258199, "A424": 225.3140726330069, "A501": 221.74627203967478, "A502": 233.34309357018728, "A503": 239.44305686318862, "A504": 230.6947756814915, "A505": 228.336647419822, "A506": 224.54076318928225, "A507": 236.091764727161, "A508": 217.74373099569254, "A509": 229.591309321595, "A510": 227.59458934162416, "A511": 236.12511212010617, "A512": 224.8902492126253, "A513": 221.05034252449926, "A514": 230.09025985425458, "A515": 232.31941538551155, "A516": 234.7442628637686, "A517": 234.2736760969014, "A518": 226.32700509893021, "A519": 238.24669303615434, "A520": 240.69540528295101, "A521": 232.40556657813067, "A522": 222.0669642655359, "A523": 232.59666153497494, "A524": 230.62234399894533, "B101": 224.64491938252655, "B102": 222.0174782286367, "B103": 236.61772693084026, "B104": 220.00000296898517, "B105": 222.13755543108095, "B106": 238.2929506203445, "B107": 223.2252118338356, "B108": 229.73703515126752, "B109": 232.6698664540643, "B110": 226.3886001395067, "B111": 225.43591587471462, "B112": 235.6433201886075, "B113": 237.96790890401587, "B114": 231.13436194506238, "B115": 219.7633090699677, "B116": 233.96580664079278, "B117": 234.40040803134863, "B118": 226.4259312236608, "B119": 227.88803358379664, "B120": 217.30648961342803, "B121": 234.29592942249585, "B122": 225.1503084175228, "B123": 221.49474512515013, "B124": 227.57926355837168, "B201": 226.10729243997798, "B202": 214.59818876244336, "B203": 237.79985490416777, "B204": 232.18837826515272, "B205": 234.35871801155983, "B206": 226.5246478496517, "B207": 221.28709093114975, "B208": 224.82232287030706, "B209": 230.71978493027734, "B210": 235.45409433061724, "B211": 217.33493561394167, "B212": 219.71037506081558, "B213": 226.11629334893524, "B214": 236.88738466868185, "B215": 237.91812482056636, "B216": 233.19434259771484, "B217": 232.48971911828266, "B218": 237.80581370007684, "B219": 236.14679778854335, "B220": 221.8388044264264, "B221": 243.06509898787587, "B222": 235.48122614149838, "B223": 229.28090112812, "B224": 220.92525937102724, "B301": 229.60942442317867, "B302": 224.25357141699033, "B303": 225.97545945734106, "B304": 227.09004107378362, "B305": 232.99496655693153, "B306": 235.8130538230203, "B307": 233.54861566194327, "B308": 241.3299959133741, "B309": 230.30526680541357, "B310": 229.6690395832099, "B311": 242.1549204673236, "B312": 224.10277980584175, "B313": 220.96703166843685, "B314": 215.8775307719917, "B315": 222.375193549388, "B316": 232.88358434328836, "B317": 227.93634180753318, "B318": 238.28992166948382, "B319": 222.4635728457954, "B320": 233.13168563227796, "B321": 233.3372159083278, "B322": 232.82007282759074, "B323": 243.31457521497958, "B324": 229.4590131575799, "B401": 226.17065191474663, "B402": 224.8706314233919, "B403": 230.96579788828973, "B404": 224.44537052642295, "B405": 223.24079907642127, "B406": 244.09476060479903, "B407": 218.21459805228986, "B408": 230.2676350738773, "B409": 232.57016445506883, "B410": 225.21182797171508, "B411": 233.23661743044596, "B412": 231.7856345562589, "B413": 240.36600939121683, "B414": 230.69782392195415, "B415": 234.6225491898879, "B416": 226.71667880078053, "B417": 229.02355653517859, "B418": 231.31539583643715, "B419": 227.90286986860417, "B420": 220.5215211150682, "B421": 223.1990878937488, "B422": 226.08612838633073, "B423": 229.61595244403318, "B424": 231.80734981214292, "B501": 232.61541946019364, "B502": 219.51622943308922, "B503": 216.36759509385138, "B504": 237.28773147230328, "B505": 223.35645881437551, "B506": 228.6915107730881, "B507": 232.53664973594692, "B508": 229.0554660725506, "B509": 233.33964973074552, "B510": 231.05910176568935, "B511": 223.43290717181338, "B512": 225.7076395804767, "B513": 235.89962599765914, "B514": 239.35689517934287, "B515": 237.79170114229237, "B516": 234.85588155023234, "B517": 236.78093069190524, "B518": 242.17811752350252, "B519": 223.09246011396138, "B520": 236.52417852018064, "B521": 241.2071941286756, "B522": 233.32562516290105, "B523": 228.0742415580939, "B524": 230.7384623321492, "C101": 216.56349284190722, "C102": 226.7153529955177, "C103": 232.26189830481482, "C104": 228.26244461824996, "C105": 236.63183207622305, "C106": 231.1217691383784, "C107": 243.7235495483028, "C108": 231.2582532864925, "C109": 226.51775233498424, "C110": 232.5062836294682, "C111": 232.47082814459358, "C112": 222.34931585675326, "C113": 229.02565329003946, "C114": 238.75610033925923, "C115": 229.6736201493778, "C116": 223.21411845138365, "C117": 225.26580910450673, "C118": 229.51768818663837, "C119": 226.33993879938174, "C120": 222.52610949335843, "C121": 219.80042552670002, "C122": 235.55224589297518, "C123": 218.69662349843256, "C124": 224.99790425694204, "C201": 238.79262078452368, "C202": 225.0338823462173, "C203": 233.88582333284648, "C204": 234.95410711687862, "C205": 226.26218304203815, "C206": 227.89929439956626, "C207": 237.51426197263592, "C208": 233.5365746500364, "C209": 232.55448858034813, "C210": 225.86945395044825, "C211": 222.62577084855525, "C212": 227.4276383399882, "C213": 232.70341892693583, "C214": 234.9477801307014, "C215": 221.71344870869575, "C216": 230.01044806618313, "C217": 228.00175552677484, "C218": 228.14633921924622, "C219": 214.72098487785843, "C220": 228.66463425775, "C221": 230.03813822476928, "C222": 224.60272272357395, "C223": 228.39362356248074, "C224": 229.2928545056034,