{"A101": 21.997048316455967, "A102": 20.896742237080964, "A103": 21.171211500351966, "A104": 22.478557500353787, "A105": 21.443734580420628, "A106": 20.487524487889402, "A107": 20.192559178512003, "A108": 25.162637897949466, "A109": 21.12954811885248, "A110": 21.772995541066123, "A111": 19.956986756685364, "A112": 21.08421464266443, "A113": 21.860338601641363, "A114": 20.139363201848752, "A115": 24.621151658623546, "A116": 19.082047122108968, "A117": 19.99577020372878, "A118": 26.676395145163113, "A119": 22.635702575133593, "A120": 21.86512187786836, "A121": 25.979536550530767, "A122": 23.398935289020354, "A123": 22.921907322889002, "A124": 18.204233194319883, "A201": 21.776530516745733, "A202": 23.994613002538387, "A203": 24.076098447976683, "A204": 19.605854894426024, "A205": 22.82744710375602, "A206": 21.12404686985455, "A207": 20.510025844206925, "A208": 21.608359622997106, "A209": 21.094729297915364, "A210": 20.165666372352085, "A211": 19.009867988320966, "A212": 25.525491422644883, "A213": 21.363862908119838, "A214": 21.157705247718777, "A215": 25.026156331124007, "A216": 20.18285132846112, "A217": 22.26568396703845, "A218": 22.50406878479239, "A219": 22.20468973900732, "A220": 20.194433452815094, "A221": 18.952237650767053, "A222": 23.57343990263164, "A223": 19.764215501776338, "A224": 24.08857730050631, "A301": 19.79294378297022, "A302": 19.347521560140926, "A303": 19.691286545102642, "A304": 19.922238695637155, "A305": 21.025897486628306, "A306": 22.132348423989985, "A307": 22.72570165617217, "A308": 18.543056330421816, "A309": 21.825260768274187, "A310": 22.162725710849326, "A311": 19.63536925874781, "A312": 17.765396948985238, "A313": 26.333798887105985, "A314": 24.391882218110073, "A315": 23.807561592407364, "A316": 25.809934845000086, "A317": 17.576599099734384, "A318": 20.052586979278427, "A319": 22.238385932483766, "A320": 18.812794308558935, "A321": 20.273310642451204, "A322": 18.824229778653326, "A323": 18.31785586336899, "A324": 23.066109499782783, "A401": 18.842488817850686, "A402": 24.218780218687993, "A403": 24.72330758504057, "A404": 18.586712493318572, "A405": 22.241439430657653, "A406": 18.983283807683236, "A407": 20.06334392302928, "A408": 20.510590845443332, "A409": 23.11658610385284, "A410": 24.597335230534785, "A411": 23.037916065558743, "A412": 20.06271708890063, "A413": 23.025619751915173, "A414": 21.843590566674866, "A415": 21.170749950043973, "A416": 18.593532294795395, "A417": 25.073317788014002, "A418": 23.179096535755324, "A419": 18.259020706380326, "A420": 24.741719604340624, "A421": 22.923408859310438, "A422": 18.47733072252375, "A423": 17.020346371266108, "A424": 19.657318552835306, "A501": 19.84617362500008, "A502": 20.664591445990872, "A503": 23.31107693228136, "A504": 22.870489182664002, "A505": 22.455314384034885, "A506": 22.709245355569493, "A507": 20.905770313549787, "A508": 19.890881018766304, "A509": 20.87953830872375, "A510": 22.03114737702132, "A511": 19.651096150442783, "A512": 20.546385800816143, "A513": 21.356133856501835, "A514": 21.86963694582138, "A515": 23.14639860175555, "A516": 23.415302199283804, "A517": 24.180452663645365, "A518": 22.70351705908865, "A519": 21.5250074508577, "A520": 18.84261564490082, "A521": 24.177600449212534, "A522": 20.359690158958514, "A523": 23.452962226760267, "A524": 21.95114939936106, "B101": 21.634511080455404, "B102": 22.29198330901531, "B103": 20.926271862434277, "B104": 18.279837585486483, "B105": 21.24151529816559, "B106": 21.541180143731747, "B107": 21.59347972895959, "B108": 19.13200480877276, "B109": 21.781383482171286, "B110": 19.94932478765976, "B111": 19.818819765835734, "B112": 26.42234577793169, "B113": 23.414852022383506, "B114": 20.72343468166637, "B115": 18.469910444973166, "B116": 22.511323810170925, "B117": 19.571349274600614, "B118": 20.917617345646963, "B119": 23.225354250126994, "B120": 19.814734357004077, "B121": 23.13744531171503, "B122": 19.957769479921268, "B123": 21.66562891389932, "B124": 22.909118758852685, "B201": 21.26987859754255, "B202": 19.820645585114313, "B203": 22.846312645115667, "B204": 22.17686469367278, "B205": 18.16645358720156, "B206": 24.371141847932776, "B207": 21.881972954443203, "B208": 18.85642909771904, "B209": 22.96333072722112, "B210": 20.724970450262614, "B211": 20.865365117566913, "B212": 19.781865008212034, "B213": 20.544047441879083, "B214": 22.31944570292682, "B215": 24.86776493374723, "B216": 22.808342393315215, "B217": 23.551890599875573, "B218": 20.936911926863058, "B219": 20.77662007570672, "B220": 20.686057431670275, "B221": 22.591122668084505, "B222": 24.300791065215513, "B223": 21.537597268694586, "B224": 21.615855309537306, "B301": 22.95113270494011, "B302": 16.91783426114121, "B303": 20.051400766315847, "B304": 20.14761450184417, "B305": 19.925398989241145, "B306": 17.97953663142003, "B307": 19.41018077316152, "B308": 20.80552695415453, "B309": 20.83855065674798, "B310": 20.698983789913488, "B311": 23.28425972102494, "B312": 20.432847242125913, "B313": 21.892345727943468, "B314": 21.286407032350315, "B315": 21.455829950682848, "B316": 22.304975198151947, "B317": 21.364889325429317, "B318": 21.90188662340107, "B319": 21.806146976660738, "B320": 23.78055937397543, "B321": 20.081718323107985, "B322": 21.12282551473251, "B323": 21.055950694472784, "B324": 23.701683116261446, "B401": 19.664966669264054, "B402": 20.2137973038068, "B403": 21.49154776005128, "B404": 23.871872010030984, "B405": 22.665907887176076, "B406": 22.11552747897756, "B407": 22.528215824326143, "B408": 21.783392633615684, "B409": 21.928039586359997, "B410": 21.515765002215606, "B411": 22.879918065720044, "B412": 20.989242133211512, "B413": 24.399576568276576, "B414": 22.128493433277704, "B415": 22.729109053676513, "B416": 21.385147389298584, "B417": 18.099744146205914, "B418": 23.392193447580993, "B419": 22.101846886308714, "B420": 20.080800518992923, "B421": 20.55026507493812, "B422": 22.112794928533475, "B423": 20.471279649498715, "B424": 21.93300277005389, "B501": 22.22715561601631, "B502": 18.71563547825075, "B503": 19.75982002936532, "B504": 22.425885024479925, "B505": 19.860876767348348, "B506": 23.182470898303293, "B507": 20.94571391648629, "B508": 22.283925891871796, "B509": 22.183171100580733, "B510": 18.155507186917216, "B511": 21.106347735217067, "B512": 20.67630569412444, "B513": 19.876835504937322, "B514": 21.149253942921717, "B515": 20.61586836762367, "B516": 18.879849526754924, "B517": 24.021286647277478, "B518": 22.375212176813175, "B519": 22.951370189103603, "B520": 20.596629163546183, "B521": 22.212381433308554, "B522": 24.63390778184237, "B523": 20.421251438079082, "B524": 20.28315313371945, "C101": 21.689250611174867, "C102": 21.944595860699632, "C103": 21.826153310239732, "C104": 19.666408216265616, "C105": 19.19835810240778, "C106": 25.620188656999492, "C107": 24.629469579991238, "C108": 20.68466662910681, "C109": 18.40940239811594, "C110": 20.487956786973605, "C111": 20.033999518689043, "C112": 21.636844960233212, "C113": 23.07816511830114, "C114": 18.906213838593196, "C115": 20.335834084395433, "C116": 21.861401385661438, "C117": 20.077833695994688, "C118": 19.719490916094912, "C119": 20.07702783389602, "C120": 23.01039222197023, "C121": 18.93470344577457, "C122": 23.21144124181894, "C123": 22.157731396268936, "C124": 20.31299913416496, "C201": 20.482101557458776, "C202": 23.327495101627257, "C203": 21.664558526701732, "C204": 20.614374226502576, "C205": 19.074762572603497, "C206": 24.739911802492035, "C207": 19.617659358847707, "C208": 20.596424374884926, "C209": 21.723088023131545, "C210": 21.68052325190959, "C211": 21.01416768140626, "C212": 19.555782631720337, "C213": 25.300633109550326, "C214": 25.192691303160707, "C215": 18.52560377893445, "C216": 22.624994318219414, "C217": 21.019315458287288, "C218": 22.968631979950853, "C219": 19.288902796222313, "C220": 21.329819389711584, "C221": 21.756385612766735, "C222": 23.115605071751027, "C223": 19.927941204753402, "C224": 20.466337389464787,