{"A101": 150.62892598108988, "A102": 133.06171611794943, "A103": 146.84107527988525, "A104": 153.87676437319502, "A105": 143.48584395393553, "A106": 137.33834813968963, "A107": 142.39587737969285, "A108": 154.33500399289804, "A109": 137.17932193997402, "A110": 146.46331552110175, "A111": 141.55252355198525, "A112": 144.45134708500203, "A113": 138.8234634827092, "A114": 146.6964651364444, "A115": 135.9379146948697, "A116": 140.59533116215292, "A117": 136.86588519836008, "A118": 157.21376083298594, "A119": 142.45332940061658, "A120": 144.83814895406474, "A121": 140.62348154204358, "A122": 148.9472281958489, "A123": 146.57356212882863, "A124": 141.18719967236257, "A201": 140.87832429954256, "A202": 153.15684765144607, "A203": 142.1247187469302, "A204": 142.2154041767751, "A205": 145.3273626181684, "A206": 144.4788364242129, "A207": 147.5842464273801, "A208": 144.3096063839277, "A209": 143.35184786230155, "A210": 140.02164514192552, "A211": 138.53626287784934, "A212": 159.07982323473016, "A213": 146.05081759654976, "A214": 137.17808806592157, "A215": 152.45650490324735, "A216": 138.9564449085272, "A217": 143.96856761967217, "A218": 146.90110614762887, "A219": 144.85547042302466, "A220": 139.20285573972052, "A221": 138.21458208046263, "A222": 136.55127558240432, "A223": 150.223945915204, "A224": 139.53237072596121, "A301": 134.5694072886605, "A302": 142.2764999572966, "A303": 141.3913800083419, "A304": 140.90828755615857, "A305": 148.17630836318915, "A306": 148.4411370633962, "A307": 145.63091020900504, "A308": 141.57110653936084, "A309": 135.81815906910433, "A310": 141.4037964207379, "A311": 146.38480386671097, "A312": 139.76929284077417, "A313": 153.25979063040512, "A314": 147.64180736959196, "A315": 146.16060857579274, "A316": 146.50746785274947, "A317": 133.13181781904987, "A318": 137.51831670823873, "A319": 136.6760624229626, "A320": 140.56741037377617, "A321": 132.3983145707417, "A322": 140.38203408053008, "A323": 135.10203746898688, "A324": 140.6145632086851, "A401": 145.7099062594218, "A402": 144.7330829568878, "A403": 141.81644609849442, "A404": 142.81136911678453, "A405": 153.10184171842786, "A406": 140.95738286085316, "A407": 141.63298316155655, "A408": 143.66494772557385, "A409": 143.38140172167456, "A410": 151.52729760597526, "A411": 150.42815691384044, "A412": 140.72426407987112, "A413": 136.0192640030194, "A414": 135.82303508095842, "A415": 149.54741363803672, "A416": 144.30522045609715, "A417": 150.70830536339753, "A418": 144.51531534115819, "A419": 139.06386324480533, "A420": 148.3301286637424, "A421": 143.0279248472842, "A422": 139.29797912339964, "A423": 135.25321622606288, "A424": 147.02601836767897, "A501": 139.24494253816337, "A502": 147.8110336087399, "A503": 150.68571574683162, "A504": 148.53670160493547, "A505": 147.194558929442, "A506": 142.41523719320168, "A507": 149.29687040535353, "A508": 136.45903988825765, "A509": 142.01112742483647, "A510": 144.79372521542658, "A511": 152.83150713271834, "A512": 140.65460182115132, "A513": 135.4504094523184, "A514": 146.6440043701969, "A515": 140.77460150044791, "A516": 149.54510482890555, "A517": 148.7056832557323, "A518": 142.03031728340545, "A519": 143.5947845310828, "A520": 149.1710243803036, "A521": 142.00736338346707, "A522": 139.7833421336029, "A523": 149.13585888383665, "A524": 144.72066374610264, "B101": 143.46944454755206, "B102": 141.36593445919416, "B103": 151.64091429975494, "B104": 138.3277465334558, "B105": 134.45257412741586, "B106": 152.61015642570013, "B107": 142.01209463901188, "B108": 140.71689860385544, "B109": 146.91994836856875, "B110": 146.24956525753785, "B111": 143.82134799609454, "B112": 149.26993900298487, "B113": 152.71783410727897, "B114": 142.90896829406262, "B115": 139.65765310046478, "B116": 146.27143675737304, "B117": 150.01839755393345, "B118": 140.03632166426604, "B119": 148.94760362444038, "B120": 134.14121506446054, "B121": 149.9897765227509, "B122": 145.29404241669405, "B123": 136.8666152740514, "B124": 138.47557624485088, "B201": 140.56666899874665, "B202": 136.4712553601256, "B203": 154.78882657547547, "B204": 143.86805260070014, "B205": 143.02745446829204, "B206": 140.88569610905785, "B207": 140.1054301954776, "B208": 134.8512720604321, "B209": 142.33376217532503, "B210": 146.26734242114793, "B211": 138.81564501848595, "B212": 139.7072873655213, "B213": 143.59794760219276, "B214": 148.03517197504019, "B215": 152.98355560093924, "B216": 148.00351153416554, "B217": 153.22909579306065, "B218": 150.8429139253395, "B219": 149.95384333265963, "B220": 136.6906075713131, "B221": 149.53939001899033, "B222": 148.21734090646711, "B223": 146.3776948029115, "B224": 140.86677340071668, "B301": 146.1053354147496, "B302": 136.28392562225423, "B303": 146.42143752429595, "B304": 145.45588471623503, "B305": 146.89215294828222, "B306": 153.6888214149222, "B307": 146.16871695272678, "B308": 154.8794969193336, "B309": 142.46135865422278, "B310": 142.66760178099935, "B311": 152.65688976487343, "B312": 138.29394141780068, "B313": 138.51967047408024, "B314": 140.04728902482597, "B315": 142.067514656217, "B316": 138.77148280836397, "B317": 137.78643974633962, "B318": 153.73115036318228, "B319": 143.60454414827998, "B320": 150.25177077701468, "B321": 144.96396755698066, "B322": 148.40128188971377, "B323": 155.36735893561766, "B324": 146.13014517644217, "B401": 142.73000606888044, "B402": 142.8086563498886, "B403": 143.91128081919433, "B404": 145.2561796579475, "B405": 140.44592869232477, "B406": 150.05618414165045, "B407": 136.4390329916612, "B408": 146.48989208383668, "B409": 146.11455774845163, "B410": 140.87883379223854, "B411": 146.03994496353397, "B412": 147.01432071117964, "B413": 152.13825789051768, "B414": 139.5475606371064, "B415": 150.4291952332538, "B416": 142.62634216788723, "B417": 140.80306674172277, "B418": 149.78128720158836, "B419": 143.0843797227602, "B420": 137.41263230751818, "B421": 141.41318963480447, "B422": 142.3415312991569, "B423": 141.527733803446, "B424": 139.97343288931205, "B501": 142.91683086143905, "B502": 137.97522082944548, "B503": 132.47602430539013, "B504": 146.6656421752955, "B505": 140.39091421278354, "B506": 142.02589576142626, "B507": 144.83361918312372, "B508": 141.60661114631682, "B509": 145.64342007554612, "B510": 144.9810911892689, "B511": 140.07575146110617, "B512": 144.17549424547738, "B513": 149.62457405815746, "B514": 151.2115368911231, "B515": 146.19420544833872, "B516": 145.6504645979204, "B517": 151.40778349674878, "B518": 151.74232237349435, "B519": 143.99973359613983, "B520": 147.93483869356803, "B521": 152.68500361418373, "B522": 147.25999501844035, "B523": 141.85099310122436, "B524": 144.48053222040116, "C101": 138.3643299071772, "C102": 148.44804632336997, "C103": 142.7024498520758, "C104": 146.2966067273502, "C105": 150.82184630070134, "C106": 145.19340341216065, "C107": 149.97932173715515, "C108": 140.76110987866267, "C109": 144.85838204499305, "C110": 148.14592429111812, "C111": 142.46407193790813, "C112": 139.90776866309704, "C113": 135.01238133155695, "C114": 149.11963612134764, "C115": 145.41255005929, "C116": 143.17816260308078, "C117": 142.82950699562033, "C118": 141.20980447178067, "C119": 139.60503060208327, "C120": 139.15795428460683, "C121": 137.60046647573532, "C122": 144.50723471228125, "C123": 141.76503842260215, "C124": 141.97766494268, "C201": 153.52013320550208, "C202": 141.59532347585971, "C203": 147.73016678293246, "C204": 145.14077222798988, "C205": 145.28470681604827, "C206": 146.89566514860437, "C207": 153.29616779468165, "C208": 144.2059260931825, "C209": 148.30147385475593, "C210": 141.7256042691146, "C211": 140.37642593314635, "C212": 140.13622919376598, "C213": 147.34433057612114, "C214": 151.7132829004315, "C215": 140.4907801449809, "C216": 145.66392846409238, "C217": 140.21932763849057, "C218": 147.44752429500525, "C219": 135.1793378404803, "C220": 137.59079526313414, "C221": 144.83949990798578, "C222": 139.59146522079763, "C223": 146.46774491112495, "C224": 142.3594111438292,