{"A101": 174.01386899557386, "A102": 154.4242004111744, "A103": 166.6878166958636, "A104": 174.57047134561125, "A105": 163.5985190614868, "A106": 158.9723470463056, "A107": 166.07128513829306, "A108": 175.05152303778706, "A109": 155.69099879776306, "A110": 171.06668950815262, "A111": 162.0476302943437, "A112": 165.3856443590978, "A113": 155.61581306461238, "A114": 165.22966135011268, "A115": 157.22650428288608, "A116": 164.73479835944713, "A117": 161.12825077671832, "A118": 178.22790660907754, "A119": 163.5998529141582, "A120": 168.23247420875282, "A121": 162.82351059660797, "A122": 171.19050942911647, "A123": 165.9692440296181, "A124": 165.02672935637895, "A201": 159.3821429182703, "A202": 174.37610809640887, "A203": 156.58196825591483, "A204": 160.10191955160704, "A205": 163.07070930902162, "A206": 169.2826672006795, "A207": 169.6022807639482, "A208": 163.0833960338273, "A209": 167.14380935464033, "A210": 161.1804490516769, "A211": 160.19964473039255, "A212": 177.9448008945168, "A213": 168.05518397413653, "A214": 158.9491265962272, "A215": 172.12936524104202, "A216": 160.31687187091924, "A217": 163.37131965122848, "A218": 167.1352917441561, "A219": 167.393449852497, "A220": 161.52333998370213, "A221": 160.46099103382002, "A222": 158.36331577047747, "A223": 173.1333913302102, "A224": 161.97940327563506, "A301": 158.5227530432295, "A302": 168.16368672637472, "A303": 161.1526842280254, "A304": 164.0669235578694, "A305": 168.67332605915985, "A306": 169.18070326307864, "A307": 171.26169327654267, "A308": 160.17340343763627, "A309": 160.18469346697813, "A310": 163.58884909550503, "A311": 169.47553377615554, "A312": 161.7353551545229, "A313": 173.92115182935623, "A314": 169.76079476526638, "A315": 165.71218715774208, "A316": 169.5439115708267, "A317": 154.71200135751593, "A318": 162.2828279886183, "A319": 159.87613117525956, "A320": 159.45653469134504, "A321": 153.30668621692357, "A322": 165.59242997716072, "A323": 155.26655425401177, "A324": 162.99361433672502, "A401": 168.9467414928079, "A402": 167.22093649435007, "A403": 161.10458489281515, "A404": 163.9710479340841, "A405": 173.22629784495825, "A406": 163.33139605690832, "A407": 163.34787516556744, "A408": 165.14207616137122, "A409": 163.25069121831555, "A410": 174.33971243922417, "A411": 171.19331871373325, "A412": 163.89776770018622, "A413": 156.7737020580803, "A414": 156.27156804913722, "A415": 172.22191803098144, "A416": 165.52099451042602, "A417": 175.24134293412288, "A418": 165.9648946252146, "A419": 158.7679375513265, "A420": 167.79138993035284, "A421": 163.089212309489, "A422": 159.45428588412008, "A423": 157.9658733417097, "A424": 168.4772356098898, "A501": 159.30205336564717, "A502": 169.22269000142657, "A503": 174.4785478728766, "A504": 168.21460696107067, "A505": 164.99877386841797, "A506": 163.99577742309322, "A507": 172.95734066678799, "A508": 156.35559314324732, "A509": 165.68819710960787, "A510": 166.00012525892745, "A511": 175.94792259131737, "A512": 163.02069224376496, "A513": 156.40466645710444, "A514": 166.24486946500542, "A515": 162.51381622962762, "A516": 171.8926616981507, "A517": 168.92288630171484, "A518": 160.09842816252137, "A519": 167.60802398676356, "A520": 169.6387673186724, "A521": 166.91267741534537, "A522": 160.37875450859238, "A523": 167.15921443924654, "A524": 165.49804578134507, "B101": 162.88746924697688, "B102": 161.8742104882534, "B103": 171.44478195160787, "B104": 158.69656622793647, "B105": 155.59334623248532, "B106": 172.41581845118662, "B107": 162.75085654529389, "B108": 162.5406351033546, "B109": 168.54577515791414, "B110": 165.84811022425797, "B111": 167.03085045177656, "B112": 169.67207066810195, "B113": 175.403309668022, "B114": 163.6211768802231, "B115": 162.50983396280031, "B116": 166.49365344306327, "B117": 171.1851342765772, "B118": 159.10045610223276, "B119": 167.88696850765626, "B120": 152.61066722193516, "B121": 172.3922787340474, "B122": 163.61775220930983, "B123": 159.65955577147113, "B124": 157.59025403683827, "B201": 160.53159254430798, "B202": 154.199054497388, "B203": 175.53861703799222, "B204": 164.96154226169512, "B205": 165.90781233606327, "B206": 163.41592771912454, "B207": 158.69804521339802, "B208": 156.86761062981293, "B209": 164.94286989474776, "B210": 166.16011681976477, "B211": 158.00503383736373, "B212": 157.08033440895474, "B213": 163.71177110637674, "B214": 170.8172658390787, "B215": 173.64781424863077, "B216": 169.42759390525728, "B217": 172.18676648242723, "B218": 171.4273430554275, "B219": 170.9562762225031, "B220": 156.02661622172212, "B221": 173.61766077148627, "B222": 169.55760123245068, "B223": 167.88638526498767, "B224": 163.42122594782475, "B301": 165.87474671999192, "B302": 159.4964857628571, "B303": 164.60353815533452, "B304": 165.28547736641733, "B305": 167.58016003363437, "B306": 176.23306213391163, "B307": 165.75725994815122, "B308": 177.26685676954696, "B309": 163.45298212123228, "B310": 164.43831436334648, "B311": 176.3939124649994, "B312": 159.42516489988984, "B313": 160.13137246827603, "B314": 160.2496956501864, "B315": 160.1793094532166, "B316": 166.77603787654593, "B317": 157.22887650597676, "B318": 175.41150419629702, "B319": 163.8126163969101, "B320": 170.62663200610595, "B321": 164.38780331598178, "B322": 168.41062334645665, "B323": 176.3926871610734, "B324": 167.03580775159352, "B401": 162.51415814869947, "B402": 163.12172030518897, "B403": 166.77080414727823, "B404": 166.5220898840046, "B405": 162.27661681154333, "B406": 173.92199266967643, "B407": 158.19844152133604, "B408": 165.9890286800885, "B409": 166.86475513301642, "B410": 163.70939088731572, "B411": 167.25043073612997, "B412": 165.65894200706097, "B413": 174.23545410786576, "B414": 164.55838475115772, "B415": 171.54846758566904, "B416": 161.09483914602362, "B417": 164.95701345523196, "B418": 169.0356142599897, "B419": 163.45164704770852, "B420": 158.4717054458737, "B421": 159.53391981394432, "B422": 163.46960074142982, "B423": 163.1637369046207, "B424": 163.13023059290785, "B501": 164.63857352858204, "B502": 156.6010815746339, "B503": 154.46344248142327, "B504": 168.6739890219398, "B505": 160.60325543665718, "B506": 162.06992371659027, "B507": 164.57309974094284, "B508": 163.51352116365706, "B509": 168.63886344212065, "B510": 168.86158964329488, "B511": 161.21144799110445, "B512": 164.22479286506803, "B513": 173.25158490578227, "B514": 172.34777937172947, "B515": 168.37746728205823, "B516": 169.62497735430208, "B517": 172.6487029811862, "B518": 177.70042859152298, "B519": 163.28300774340195, "B520": 167.22260230846175, "B521": 174.23662957926908, "B522": 171.09794233485292, "B523": 165.61445217033713, "B524": 166.69759830338913, "C101": 157.09801582660165, "C102": 166.70291021600585, "C103": 165.41484172769154, "C104": 168.18929645562312, "C105": 171.4603414696292, "C106": 165.3612335997582, "C107": 171.28637038789114, "C108": 161.8836832535064, "C109": 163.7327705525011, "C110": 170.57861313022804, "C111": 165.96418786435186, "C112": 156.35662311085426, "C113": 157.25990839572412, "C114": 172.41838015046986, "C115": 163.75378125225325, "C116": 160.10789324243984, "C117": 161.67031783648648, "C118": 164.2423189867165, "C119": 160.94704957858553, "C120": 157.50929340702874, "C121": 158.2527437116915, "C122": 167.47328560198764, "C123": 164.10182355597388, "C124": 160.57176205093, "C201": 172.82659092743802, "C202": 162.1439722725019, "C203": 170.55081922548374, "C204": 165.38227779785595, "C205": 167.99187548383046, "C206": 169.42899254770577, "C207": 175.89341640978077, "C208": 166.23685335316702, "C209": 169.7031668383194, "C210": 159.52818761302373, "C211": 162.09874200436175, "C212": 160.8339728034664, "C213": 167.71743660679965, "C214": 174.95272624143706, "C215": 162.72739219976003, "C216": 165.0393136263265, "C217": 161.77501992436643, "C218": 166.39338813378427, "C219": 154.42098780038611, "C220": 159.20059429879987, "C221": 167.29705142027044, "C222": 159.35720812386884, "C223": 165.20322293354522, "C224": 163.72445904577742,