{"A101": 261.7685145612284, "A102": 249.47083255454973, "A103": 256.8218166571966, "A104": 260.5745575846411, "A105": 256.8672856364433, "A106": 248.200432059362, "A107": 257.52968917423846, "A108": 268.98962485643, "A109": 242.37599075807933, "A110": 251.79076530976843, "A111": 251.8072472641931, "A112": 259.39201823159345, "A113": 251.6176334539399, "A114": 255.7154602871429, "A115": 255.7594260597151, "A116": 251.51792402475147, "A117": 253.38987521321297, "A118": 273.1701742353464, "A119": 254.71683891493586, "A120": 259.2347963488294, "A121": 251.46215196452533, "A122": 271.6699383558741, "A123": 263.0145857535719, "A124": 251.63090358025676, "A201": 251.01992217460528, "A202": 263.7616466514187, "A203": 258.03400867328725, "A204": 248.92885322786734, "A205": 252.87629333508931, "A206": 258.4095196278441, "A207": 263.1253813735365, "A208": 253.44571730973095, "A209": 259.4521953198697, "A210": 254.71656316167233, "A211": 248.42711419293738, "A212": 265.41785058189475, "A213": 261.5974204701725, "A214": 244.60610437528615, "A215": 260.44439471184614, "A216": 248.27024727010655, "A217": 247.64288128024688, "A218": 252.32393441268934, "A219": 261.9828648844617, "A220": 264.4234987021112, "A221": 248.64357541108296, "A222": 251.64083564211, "A223": 265.1019603564889, "A224": 249.62451655035127, "A301": 255.57077105619535, "A302": 259.7848483407339, "A303": 248.8124719090498, "A304": 253.35766537261318, "A305": 258.2556559944155, "A306": 259.09226163429366, "A307": 259.12749519877576, "A308": 259.10480277262286, "A309": 246.95571290879056, "A310": 257.30926083716804, "A311": 263.3168828106961, "A312": 248.3674470701243, "A313": 263.372480776218, "A314": 257.9753197496501, "A315": 256.26343319407283, "A316": 264.58328895739146, "A317": 240.69526146203305, "A318": 250.67890084535202, "A319": 257.7876148940745, "A320": 247.15214802904418, "A321": 238.42025280731508, "A322": 255.98688261119221, "A323": 247.587760573487, "A324": 257.4362662969764, "A401": 259.85456618627273, "A402": 257.4709970676346, "A403": 248.82742063706752, "A404": 252.38069520034458, "A405": 262.9139326608693, "A406": 249.73712118814817, "A407": 255.2084002621845, "A408": 254.0787132414068, "A409": 250.68221005547278, "A410": 263.2429147058147, "A411": 258.95822564245896, "A412": 251.80255744093841, "A413": 240.96839403003293, "A414": 243.83365536138942, "A415": 265.3930041864172, "A416": 259.8158949206355, "A417": 265.08008424415914, "A418": 258.7743766032736, "A419": 241.2670971416746, "A420": 258.401510953807, "A421": 250.39878783454557, "A422": 250.00804313110595, "A423": 249.47745961410857, "A424": 252.98292563562384, "A501": 248.4877031511134, "A502": 259.67796808449793, "A503": 262.6528973232249, "A504": 258.2137029622257, "A505": 257.09234054915703, "A506": 249.25874153486274, "A507": 263.0536122142286, "A508": 248.02631131352095, "A509": 256.66512591533507, "A510": 258.9406381765834, "A511": 263.5653905505363, "A512": 255.22003216592847, "A513": 247.0024489996368, "A514": 256.3464963880632, "A515": 257.23492426044186, "A516": 261.9222287116492, "A517": 262.19649513018703, "A518": 251.57243963422147, "A519": 269.22626417928666, "A520": 264.05528787891103, "A521": 262.6581890546739, "A522": 249.21261721516746, "A523": 261.5429423877468, "A524": 258.0527678844328, "B101": 247.74847573753604, "B102": 251.92293065251997, "B103": 263.4487829495863, "B104": 247.10457607419107, "B105": 248.81161169212928, "B106": 266.33768442734305, "B107": 249.54830933891418, "B108": 254.94342236419084, "B109": 256.8344763549588, "B110": 252.4729450243762, "B111": 248.4362084860926, "B112": 263.2441886855535, "B113": 263.3845082831654, "B114": 260.35408418608915, "B115": 246.66452349631416, "B116": 259.30306395444916, "B117": 259.8749781556253, "B118": 260.15227636125286, "B119": 254.85144274296118, "B120": 241.30720505085748, "B121": 262.97312455606743, "B122": 253.04712914292728, "B123": 245.08252089848563, "B124": 251.92458876408554, "B201": 251.20429531405654, "B202": 242.8663330369095, "B203": 266.65672339016976, "B204": 260.17049124426325, "B205": 262.3720485579182, "B206": 257.1867172217921, "B207": 249.26567839294344, "B208": 250.18439198097025, "B209": 255.09658228619435, "B210": 260.3084762699633, "B211": 245.87501492092576, "B212": 245.80653768242144, "B213": 250.95103522080234, "B214": 264.5038730266076, "B215": 265.7690545040447, "B216": 263.69007223126533, "B217": 255.07890371824115, "B218": 264.07487453062197, "B219": 264.3987569174973, "B220": 245.21118928583653, "B221": 268.8660989820537, "B222": 260.78004521746834, "B223": 256.1592969187748, "B224": 246.10453564293337, "B301": 254.91598458428433, "B302": 246.91014982072582, "B303": 251.54522786366948, "B304": 251.84989841605403, "B305": 261.5492932824501, "B306": 264.5119473169554, "B307": 259.33417816406154, "B308": 264.77435377929334, "B309": 260.0103280959392, "B310": 256.0234841756852, "B311": 269.03851620629496, "B312": 254.42719258635742, "B313": 247.78738332510846, "B314": 244.40461801973072, "B315": 248.02169838025992, "B316": 259.51950714186046, "B317": 254.84821691363814, "B318": 263.63768152119536, "B319": 250.60777859556356, "B320": 258.79240427052025, "B321": 260.2683729745525, "B322": 259.552097535681, "B323": 268.2777758465313, "B324": 261.8474241671292, "B401": 253.72199711852286, "B402": 248.71862683495206, "B403": 256.2882641529406, "B404": 252.97821556635793, "B405": 250.72610446797472, "B406": 270.05006740204755, "B407": 241.3282422415229, "B408": 260.1652470907091, "B409": 258.6554611492496, "B410": 253.07351798818127, "B411": 265.38482980647734, "B412": 251.04771987550666, "B413": 265.3232036392187, "B414": 257.6234966356255, "B415": 264.0347192951356, "B416": 252.71342612810116, "B417": 255.47807218019102, "B418": 256.97383233526745, "B419": 250.10248510078486, "B420": 250.23179671805292, "B421": 244.95464390168894, "B422": 251.63363287465089, "B423": 255.82295676132503, "B424": 256.9456855485775, "B501": 258.2924512290582, "B502": 244.27002334658573, "B503": 241.48850762351293, "B504": 264.43042754897107, "B505": 249.17511941359908, "B506": 257.32003709170704, "B507": 261.20025940645974, "B508": 257.92018126214896, "B509": 259.5341533838254, "B510": 258.2022767741164, "B511": 249.51165058293802, "B512": 251.62293280771092, "B513": 264.3908110201774, "B514": 265.50215608842143, "B515": 260.2853844480812, "B516": 262.5412689494012, "B517": 263.602507948826, "B518": 266.675447230581, "B519": 251.354817981283, "B520": 260.00838005771567, "B521": 266.10041947888465, "B522": 260.2472022855996, "B523": 254.47599100122588, "B524": 254.56903744428612, "C101": 244.3920910340917, "C102": 250.99432364740332, "C103": 258.13919313922315, "C104": 258.01692346874427, "C105": 267.2324161171617, "C106": 257.68350033485893, "C107": 271.252979786137, "C108": 259.69328932554447, "C109": 248.2573290138024, "C110": 262.170864572908, "C111": 255.56425730956437, "C112": 246.7329474971741, "C113": 254.30444553928805, "C114": 266.73608018796597, "C115": 256.36925458296463, "C116": 248.1061922011096, "C117": 253.93445604003364, "C118": 252.8917593236823, "C119": 256.04345040277934, "C120": 250.33395237445723, "C121": 248.2247871730818, "C122": 260.5102325761264, "C123": 246.17067587496703, "C124": 247.92872283404353, "C201": 264.13344219352354, "C202": 252.13773237797938, "C203": 260.185582512178, "C204": 262.6958267051851, "C205": 252.3830129515287, "C206": 254.01951895448485, "C207": 266.4130314068739, "C208": 262.0958733659309, "C209": 260.01340719899315, "C210": 250.17398686972564, "C211": 247.471329236921, "C212": 253.02200974788073, "C213": 259.8413921149829, "C214": 259.00151189474946, "C215": 249.33171862163726, "C216": 255.04577460447615, "C217": 253.03181034482628, "C218": 256.3434187206682, "C219": 240.02301304811996, "C220": 253.42888573524428, "C221": 256.9502161593156, "C222": 253.30244801059015, "C223": 257.37079586234626, "C224": 256.33577659559734, "C301": 264.91265555398087, "C302": 249.77172064132986,