{"A101": 197.56732508777276, "A102": 182.07465539192273, "A103": 190.83309928427346, "A104": 197.67745730027977, "A105": 186.21242800466544, "A106": 182.61106542182435, "A107": 193.24456919905955, "A108": 198.39093856444129, "A109": 174.8967154496781, "A110": 194.8931512695256, "A111": 185.6201306656829, "A112": 190.56946810740544, "A113": 179.3799060405671, "A114": 192.41555584233967, "A115": 182.99008491523617, "A116": 186.8139676970786, "A117": 186.5011707855266, "A118": 201.76030769171237, "A119": 185.0576836384976, "A120": 190.44655140257086, "A121": 187.66079424232188, "A122": 196.98676531989918, "A123": 191.25045013156662, "A124": 186.29908818175699, "A201": 183.93315565266823, "A202": 195.2336303418169, "A203": 180.79738109125776, "A204": 185.28098190583665, "A205": 186.96084600924664, "A206": 190.0983370300744, "A207": 195.18637635546045, "A208": 186.82259828980474, "A209": 190.729546301582, "A210": 187.4917090948946, "A211": 181.460082427731, "A212": 200.09343512204168, "A213": 193.80836211315565, "A214": 180.69027769864957, "A215": 194.4518840710838, "A216": 182.00265618661922, "A217": 187.16945811315537, "A218": 189.24227564975158, "A219": 189.22120903030657, "A220": 190.91393277443674, "A221": 185.66953029386403, "A222": 182.79168764846938, "A223": 198.34173906717254, "A224": 185.2826536104728, "A301": 183.95295156228164, "A302": 190.894457360491, "A303": 184.6230428743407, "A304": 190.91837934292468, "A305": 197.15852641318585, "A306": 193.82819297387485, "A307": 197.5415151592137, "A308": 187.26508021215074, "A309": 182.43678332381174, "A310": 185.2066611798737, "A311": 194.1809156224873, "A312": 184.22892557522954, "A313": 199.62659793428415, "A314": 190.76550668043103, "A315": 189.33164425077908, "A316": 195.02626959967156, "A317": 175.5489323212217, "A318": 187.04510935918012, "A319": 185.63304949960343, "A320": 182.9363630128724, "A321": 175.31652608619163, "A322": 186.76105471788728, "A323": 179.43987592402402, "A324": 188.18770837251492, "A401": 189.77851351454652, "A402": 193.61535715973955, "A403": 186.1291720546924, "A404": 191.07534000649198, "A405": 197.1518614812454, "A406": 186.19303963482994, "A407": 186.27447035646162, "A408": 188.75344518844082, "A409": 184.5851806659973, "A410": 197.68623524036227, "A411": 193.33072560274456, "A412": 188.48951706894354, "A413": 179.55659249208787, "A414": 180.7640745424688, "A415": 196.2316150411453, "A416": 189.5493718778984, "A417": 202.53797887977754, "A418": 187.3496826761824, "A419": 181.2218571760639, "A420": 193.68034231989282, "A421": 188.63582932664752, "A422": 181.40979696368225, "A423": 182.89051051548768, "A424": 189.83523004120636, "A501": 182.00458112762146, "A502": 192.8495270100691, "A503": 199.83342548806417, "A504": 192.8053459833038, "A505": 187.94068311029042, "A506": 185.33670985825586, "A507": 196.47825557839042, "A508": 178.85859378369267, "A509": 191.91676564542533, "A510": 189.18495711837886, "A511": 198.74977860969585, "A512": 184.9101260029771, "A513": 180.5558545584901, "A514": 189.80078425424986, "A515": 187.0723444754666, "A516": 196.13637805410602, "A517": 196.13880342168395, "A518": 183.88071350907114, "A519": 193.2933938324756, "A520": 196.793110393852, "A521": 189.84362189062026, "A522": 183.56124716144214, "A523": 192.39638534016876, "A524": 190.96084603662095, "B101": 183.5109543810207, "B102": 183.89672110324358, "B103": 197.14717328919536, "B104": 180.03295287379848, "B105": 180.59778214327406, "B106": 200.36605433108167, "B107": 184.80405715797787, "B108": 189.18647668723216, "B109": 193.28675652317372, "B110": 185.58670230056526, "B111": 188.70777613193738, "B112": 195.8247731694131, "B113": 197.85096418662917, "B114": 187.99384377077843, "B115": 183.9818246414661, "B116": 188.733494594469, "B117": 195.16708678243714, "B118": 182.79975578043445, "B119": 189.272567022908, "B120": 175.4399572273076, "B121": 200.0610768969008, "B122": 188.74262650614236, "B123": 184.96873618177332, "B124": 182.70393036789204, "B201": 185.10937637770687, "B202": 178.9006687603485, "B203": 200.00073899551342, "B204": 192.20132768812925, "B205": 192.4702542485484, "B206": 187.09899273979008, "B207": 184.84153042631038, "B208": 181.4306738748402, "B209": 188.3777322384953, "B210": 191.1192587456864, "B211": 180.37938775994303, "B212": 179.94331469221396, "B213": 187.44166720058539, "B214": 194.47277449583822, "B215": 197.50215499458307, "B216": 193.8466560236937, "B217": 192.31074092367493, "B218": 195.9915120516331, "B219": 196.9646592480247, "B220": 180.32536945666288, "B221": 201.95839005278634, "B222": 193.8017790153016, "B223": 192.56670622344078, "B224": 185.55246605593217, "B301": 188.53299863251817, "B302": 184.50085163601855, "B303": 187.23087765442105, "B304": 189.0311848736298, "B305": 193.269571614385, "B306": 200.34707591341845, "B307": 191.69062043492082, "B308": 201.72440121005735, "B309": 188.45376943526213, "B310": 190.46355367697345, "B311": 200.62328512085975, "B312": 185.50942058292338, "B313": 179.9198013698907, "B314": 183.2611859012922, "B315": 184.33964158446082, "B316": 193.46011855795598, "B317": 185.06681096075545, "B318": 199.4908347455427, "B319": 185.30514660619124, "B320": 193.02543509397475, "B321": 189.35403511591863, "B322": 191.03961105220353, "B323": 205.12265506652992, "B324": 190.56438309774913, "B401": 184.77864943815814, "B402": 186.51211801433504, "B403": 191.4210389930058, "B404": 185.35830539607852, "B405": 180.8796129056829, "B406": 201.12507492816775, "B407": 181.23618487643054, "B408": 190.06317700383286, "B409": 189.71466065157728, "B410": 186.8664172029576, "B411": 193.5712398964023, "B412": 191.93520205126828, "B413": 200.66991605487354, "B414": 190.41762670278507, "B415": 194.52181235008518, "B416": 186.78882062731586, "B417": 191.63550790692437, "B418": 192.13752732515468, "B419": 185.517746345626, "B420": 179.8467294047017, "B421": 180.62878123468718, "B422": 189.03483524108802, "B423": 187.12507239958097, "B424": 186.7449252545055, "B501": 192.66768633608484, "B502": 183.95321856739997, "B503": 176.46074834327365, "B504": 192.7582387546841, "B505": 185.62147919815715, "B506": 187.33231810799305, "B507": 192.37264683466654, "B508": 186.54699704220255, "B509": 191.63504158966498, "B510": 191.23865315294435, "B511": 184.72192451019467, "B512": 190.4189469660774, "B513": 197.15299134826117, "B514": 194.99726666438983, "B515": 193.83850759476042, "B516": 197.0624368894436, "B517": 194.3868997398355, "B518": 203.28652934798185, "B519": 187.06651035662867, "B520": 191.32351417975238, "B521": 199.84592133239082, "B522": 193.3811574888351, "B523": 191.95175332746882, "B524": 193.17286379421927, "C101": 177.97400907270625, "C102": 190.33696898852068, "C103": 189.21858745522647, "C104": 190.73448627143782, "C105": 197.02856413117865, "C106": 192.00395738824926, "C107": 197.11707204685362, "C108": 188.74271813975523, "C109": 187.67533905786067, "C110": 193.42196308163574, "C111": 192.27177693035335, "C112": 183.19382632309717, "C113": 184.44696824102206, "C114": 194.1610370870098, "C115": 189.0445275436568, "C116": 186.41738175787015, "C117": 185.3346967041917, "C118": 187.2278366641718, "C119": 187.02125967789158, "C120": 181.68523010852684, "C121": 182.08084645158834, "C122": 190.82370261818062, "C123": 183.9319290054573, "C124": 184.0080443181954, "C201": 196.92250361415392, "C202": 185.09288504001853, "C203": 193.58085420534792, "C204": 193.59431165801112, "C205": 190.14968708042386, "C206": 190.44051491129773, "C207": 198.41639951916463, "C208": 191.1706257865518, "C209": 195.255551049085, "C210": 183.80706306780124, "C211": 184.9717207010135, "C212": 185.7942582523727, "C213": 194.27155949256158, "C214": 199.02725457294625, "C215": 184.52630924366588, "C216": 188.9176629031652, "C217": 185.02607590326068, "C218": 187.66876303211185, "C219": 177.18582136453892, "C220": 182.3174353542296, "C221": 189.50535419724648, "C222": 182.0966822123775, "C223": 188.06241989020262, "C224": 187.9258837173406, "C301": 194.6994212685921,