{"A101": 179.39729765503196, "A102": 159.65762019099932, "A103": 172.4181132728536, "A104": 180.62639985954405, "A105": 168.39422764571017, "A106": 163.10575543677345, "A107": 171.88582547754496, "A108": 181.44677111587393, "A109": 159.8785221578848, "A110": 175.35322785557258, "A111": 166.70453038828438, "A112": 170.46833176767512, "A113": 161.02663378574488, "A114": 172.1307850869738, "A115": 162.88668868720643, "A116": 169.80315802924545, "A117": 167.96292967811033, "A118": 182.95804690058492, "A119": 167.7784515482994, "A120": 173.36755121892529, "A121": 168.04320461460915, "A122": 176.71552078567672, "A123": 170.81448531959302, "A124": 170.5643322175299, "A201": 165.2220797336537, "A202": 179.203745840284, "A203": 162.01901489032716, "A204": 165.56287302030702, "A205": 168.16995869000237, "A206": 174.03026716170535, "A207": 175.14246546645114, "A208": 168.5940893029167, "A209": 172.53383009611815, "A210": 167.28492579704454, "A211": 164.84607197672324, "A212": 183.71742079408563, "A213": 173.93789602904926, "A214": 163.2233471250622, "A215": 176.90745037117077, "A216": 163.70324786215102, "A217": 169.22867166722006, "A218": 171.06376385641272, "A219": 172.06656107967854, "A220": 167.35177502185934, "A221": 164.1547036070482, "A222": 163.5440671653462, "A223": 180.11841674173053, "A224": 168.50944695641843, "A301": 165.90964200575547, "A302": 172.8000060577636, "A303": 165.41715337522427, "A304": 169.47743689832126, "A305": 175.17963846043511, "A306": 174.4872083148091, "A307": 175.4262060388042, "A308": 166.81512785472233, "A309": 165.4546561780964, "A310": 168.53980563652456, "A311": 174.7214923485394, "A312": 167.25489150081944, "A313": 180.71262488840202, "A314": 176.2189663942332, "A315": 170.2211556113952, "A316": 175.1158669464958, "A317": 158.8338798204122, "A318": 168.791031472281, "A319": 164.91639417538013, "A320": 164.51646416796046, "A321": 158.87865559204016, "A322": 169.7089412693918, "A323": 160.86547574645596, "A324": 168.51887934963048, "A401": 174.0295786228173, "A402": 171.14409535798634, "A403": 167.43865583506428, "A404": 170.19628482592293, "A405": 179.88819350135685, "A406": 167.41995103373242, "A407": 166.71386459115996, "A408": 170.08558500243282, "A409": 168.62828198037877, "A410": 178.78103438435116, "A411": 176.22693632551122, "A412": 169.29386565732034, "A413": 161.94183373867622, "A414": 163.11543711982145, "A415": 176.33459788812183, "A416": 169.90334049679564, "A417": 181.85618306933137, "A418": 170.4903037584783, "A419": 162.34063307319846, "A420": 172.47432786505098, "A421": 168.11322020194126, "A422": 165.6597627843936, "A423": 164.3522156612334, "A424": 173.0068961448998, "A501": 163.48555960398264, "A502": 173.7774559493602, "A503": 179.9005883361434, "A504": 173.45218606567025, "A505": 168.9121116765062, "A506": 168.1695112278465, "A507": 178.7054171963123, "A508": 161.003941583376, "A509": 171.57595132611442, "A510": 172.0319124179597, "A511": 180.48355036627072, "A512": 168.11577958787606, "A513": 162.06193975713546, "A514": 170.99342066038903, "A515": 167.56338115519117, "A516": 177.27033654496225, "A517": 174.11360575455643, "A518": 166.1226616376842, "A519": 171.58781495299297, "A520": 175.26397095578992, "A521": 171.4076661320904, "A522": 164.52348708381854, "A523": 173.36252802559926, "A524": 169.98749544615038, "B101": 167.87284035723656, "B102": 165.77559522854392, "B103": 177.1683461890544, "B104": 163.61824635456787, "B105": 162.1517060393887, "B106": 179.12725439417667, "B107": 167.19313745896957, "B108": 167.58481226069844, "B109": 175.81607935600206, "B110": 171.2316846908886, "B111": 172.33721945013906, "B112": 174.8267129713809, "B113": 180.18731230559553, "B114": 169.35896703943217, "B115": 165.87118025262376, "B116": 171.33414591463995, "B117": 177.18172822545364, "B118": 164.42469165151357, "B119": 171.3460786768869, "B120": 156.31441286293554, "B121": 178.29943104735509, "B122": 169.68232148245653, "B123": 165.40575337814255, "B124": 162.7390846233516, "B201": 166.90763892130107, "B202": 159.7608194097238, "B203": 180.88952480878459, "B204": 171.04517182527184, "B205": 172.58765544728823, "B206": 168.20044130592228, "B207": 163.84887254560456, "B208": 163.33472600175884, "B209": 170.91106837331077, "B210": 171.60126384501936, "B211": 162.77343098938132, "B212": 163.0509791754215, "B213": 167.93989594808053, "B214": 177.00543067091428, "B215": 177.76526522905442, "B216": 175.65279931525802, "B217": 177.42553835444733, "B218": 175.74905744103455, "B219": 177.6950690300939, "B220": 164.7029347094372, "B221": 180.81513048447465, "B222": 175.62867140893817, "B223": 174.18744330223288, "B224": 168.5242088344521, "B301": 171.28193292303885, "B302": 164.9244653643651, "B303": 169.79359287425632, "B304": 171.28850907954578, "B305": 173.6416656744499, "B306": 182.14582419075666, "B307": 172.31949249710524, "B308": 181.80765696161427, "B309": 169.61304873476993, "B310": 171.00756988339825, "B311": 181.41585400345107, "B312": 164.86910409437522, "B313": 164.18038427970524, "B314": 165.20776365725058, "B315": 167.13336104378328, "B316": 173.78531293531069, "B317": 162.10894298874732, "B318": 181.93565432181458, "B319": 168.60846014119096, "B320": 176.79362876631956, "B321": 169.18358757694017, "B322": 174.00237178669303, "B323": 182.91092520958247, "B324": 171.8314848824908, "B401": 166.22618165700112, "B402": 167.70444633911958, "B403": 171.32921146570726, "B404": 170.42090625688337, "B405": 165.75687019505577, "B406": 178.61992663527485, "B407": 163.60282610383123, "B408": 171.25638573867863, "B409": 171.03109117792368, "B410": 169.1171835520472, "B411": 173.21494427877118, "B412": 170.5645370774109, "B413": 180.88450146664505, "B414": 170.20100689505904, "B415": 176.48019197905646, "B416": 167.39002648951853, "B417": 170.42426669450066, "B418": 174.40020670036847, "B419": 168.39239920146014, "B420": 162.1309869634007, "B421": 164.35545349389267, "B422": 168.29844789731413, "B423": 168.01887231963016, "B424": 169.44041293178637, "B501": 170.86852621939565, "B502": 162.261360964035, "B503": 159.0706719209294, "B504": 174.17179510264455, "B505": 166.35206124694525, "B506": 168.3538939581284, "B507": 170.82356893271077, "B508": 168.47764113569966, "B509": 174.01265977583435, "B510": 174.0876253770631, "B511": 166.7006901372792, "B512": 171.24368753205042, "B513": 177.91222970432185, "B514": 179.05182067177648, "B515": 174.0597352962155, "B516": 176.3762786387274, "B517": 178.5616954969934, "B518": 182.88095090540673, "B519": 168.5258239747752, "B520": 172.737511442635, "B521": 180.3667650552045, "B522": 176.68974526734016, "B523": 170.88448582033726, "B524": 173.3310914512297, "C101": 160.98356378271913, "C102": 173.48081594793211, "C103": 171.08576468395356, "C104": 173.19701286901704, "C105": 178.3390879439657, "C106": 171.87846549755326, "C107": 177.4284729061696, "C108": 169.25190676963433, "C109": 168.90004872946864, "C110": 175.91964851325588, "C111": 170.24961063256606, "C112": 161.8052414357815, "C113": 164.45501472245215, "C114": 177.27841238251773, "C115": 170.54106269520287, "C116": 166.07690065174177, "C117": 168.06558821669287, "C118": 168.85760336213494, "C119": 166.5593672144093, "C120": 163.3048188148806, "C121": 164.44050956141848, "C122": 173.65581206705997, "C123": 168.84779628527008, "C124": 164.77507499321874, "C201": 178.09691297654433, "C202": 167.51246236839157, "C203": 175.56344821613249, "C204": 169.377273346138, "C205": 171.92090778054802, "C206": 173.85713704681194, "C207": 179.72771294189627, "C208": 171.32595943798609, "C209": 177.3241434283103, "C210": 164.7283045145946, "C211": 167.82313949755536, "C212": 167.26793775227202, "C213": 172.74089624180328, "C214": 179.72079087990116, "C215": 168.32474964395257, "C216": 170.05686909661074, "C217": 166.95816596243438, "C218": 170.81298508068684, "C219": 159.24117766747196, "C220": 164.8338153285134, "C221": 171.89569473793563, "C222": 164.90780406199235, "C223": 169.61111640089712, "C224": 167.9768515124022,