{"A101": 103.6301059728365, "A102": 90.50476709856959, "A103": 100.39498949755382, "A104": 107.06207899346819, "A105": 96.2692893370553, "A106": 91.26509591288632, "A107": 95.0737138636031, "A108": 106.14139136482433, "A109": 94.31131398709663, "A110": 102.31997398597221, "A111": 94.45971673332481, "A112": 101.55705443579926, "A113": 98.57726938610622, "A114": 95.27361330598697, "A115": 94.0626461611498, "A116": 94.67957045128722, "A117": 93.19618781054798, "A118": 109.60430177663008, "A119": 97.2506465857864, "A120": 104.10592930111946, "A121": 99.72204977029968, "A122": 102.04165199486202, "A123": 101.52233392910853, "A124": 96.85146606163384, "A201": 93.72780180940093, "A202": 107.27487649548047, "A203": 95.7450458559764, "A204": 99.48563824100434, "A205": 97.81842710925956, "A206": 99.89101492229645, "A207": 100.58906945959748, "A208": 101.85887734636081, "A209": 98.38195192207262, "A210": 96.01069186797469, "A211": 95.96026785855439, "A212": 110.29485662490929, "A213": 98.67981638021321, "A214": 96.25094883562237, "A215": 103.2776064713425, "A216": 95.22508546705897, "A217": 97.07111111688059, "A218": 99.57289001377148, "A219": 97.84116458953231, "A220": 99.65122326223803, "A221": 91.95965698897547, "A222": 94.20459859103977, "A223": 103.32925619921487, "A224": 100.06974464126627, "A301": 92.19475917633363, "A302": 94.5494920587267, "A303": 98.05554399188475, "A304": 100.67105649127419, "A305": 100.12821490455214, "A306": 101.9469702626022, "A307": 101.82578712894262, "A308": 99.61832947116758, "A309": 92.4531125088123, "A310": 97.9923402233619, "A311": 97.62072532698657, "A312": 91.99101115512494, "A313": 107.26977369132115, "A314": 101.05636153739252, "A315": 97.74407156438444, "A316": 102.8198398497935, "A317": 90.44760309276009, "A318": 94.00270478642275, "A319": 93.10136894113735, "A320": 95.08471320820716, "A321": 92.62148407565901, "A322": 94.28585694157778, "A323": 90.29216299115481, "A324": 98.62465542030634, "A401": 104.89029848554938, "A402": 100.29051167944036, "A403": 94.45375881819291, "A404": 95.51798040698405, "A405": 104.9705562051886, "A406": 94.93157411574627, "A407": 97.29792495462858, "A408": 95.88820851470017, "A409": 99.28182177343646, "A410": 108.50129916165571, "A411": 103.18667050787681, "A412": 95.3692332494268, "A413": 94.50591891161449, "A414": 91.78262199841384, "A415": 102.18863161677554, "A416": 98.17866410931765, "A417": 107.34089104018032, "A418": 101.51693016240975, "A419": 95.04002354140063, "A420": 100.6856584244197, "A421": 98.35504922559912, "A422": 96.39396700833366, "A423": 95.6273315425902, "A424": 99.46212491325093, "A501": 96.28826253546924, "A502": 100.72873293195775, "A503": 103.98147112601184, "A504": 104.15712152372689, "A505": 101.92668651764954, "A506": 100.28246321836271, "A507": 102.80194236187528, "A508": 95.83388263375403, "A509": 98.1915719353985, "A510": 97.91508573447318, "A511": 104.39825037752641, "A512": 96.3592516354121, "A513": 91.08804690450049, "A514": 102.36436689003314, "A515": 95.54418575132055, "A516": 99.05097103544854, "A517": 103.42019635983137, "A518": 99.07417449334505, "A519": 99.58573409665576, "A520": 97.10580938764265, "A521": 102.18026305809188, "A522": 98.2084869068142, "A523": 102.86908078329314, "A524": 97.48382984352583, "B101": 98.07380615486437, "B102": 103.55999270245746, "B103": 100.79685788523732, "B104": 95.84333288882715, "B105": 87.60299883594887, "B106": 105.98491026971121, "B107": 97.17813421543833, "B108": 95.20691757717691, "B109": 107.54910276907938, "B110": 100.64238698341923, "B111": 99.00679439816962, "B112": 103.86678356350956, "B113": 104.89827272567099, "B114": 100.11793541993379, "B115": 94.70612275171781, "B116": 100.29323534846515, "B117": 96.250857244496, "B118": 95.34113519918694, "B119": 105.50047495246535, "B120": 91.25015018969926, "B121": 106.25690486573635, "B122": 99.95037357770974, "B123": 94.9512305463516, "B124": 98.66807170792352, "B201": 97.56086704229435, "B202": 92.35826915895987, "B203": 103.65093339054437, "B204": 92.89306405375005, "B205": 92.5119564424904, "B206": 101.83567578850523, "B207": 95.36749577628785, "B208": 90.93523556937315, "B209": 99.88338940961775, "B210": 100.19244631373056, "B211": 97.90964275766414, "B212": 95.00468690749513, "B213": 100.06306308774039, "B214": 101.61520468489832, "B215": 105.4261544225861, "B216": 104.71671823750238, "B217": 103.21800432495542, "B218": 103.21742588325687, "B219": 102.48163577918697, "B220": 98.12135072421115, "B221": 104.12709987327266, "B222": 100.05058592107163, "B223": 100.93703294515505, "B224": 97.46665742085275, "B301": 102.63019346585551, "B302": 89.49153664354164, "B303": 99.17965787857176, "B304": 101.97171303537503, "B305": 99.62098430669029, "B306": 106.37788767041675, "B307": 96.12302626736363, "B308": 104.34847478910477, "B309": 98.64757310639995, "B310": 96.00021643170257, "B311": 106.15985550091456, "B312": 97.1554470566813, "B313": 93.04565688401864, "B314": 94.33816037207892, "B315": 95.98664931089358, "B316": 95.83794847788361, "B317": 95.47249885897983, "B318": 105.09792116563877, "B319": 96.85155475335917, "B320": 105.93091807082283, "B321": 98.15320566010739, "B322": 102.51378899756189, "B323": 105.34404761603257, "B324": 102.22127651452618, "B401": 95.87706900028134, "B402": 100.36017085599981, "B403": 99.48355999323883, "B404": 100.72285913798183, "B405": 99.99413558224026, "B406": 100.6942452052488, "B407": 93.68478342821757, "B408": 99.51367618867668, "B409": 101.16499285931282, "B410": 99.61213954778358, "B411": 102.10546801027631, "B412": 96.02630492426479, "B413": 106.49167182802964, "B414": 94.22167450946964, "B415": 107.31688247794153, "B416": 96.61710771252984, "B417": 96.62216855616121, "B418": 102.18668388240073, "B419": 102.26432995723977, "B420": 95.86915621440676, "B421": 98.98727183616086, "B422": 96.20593334958943, "B423": 97.09623561514563, "B424": 98.51348446033411, "B501": 96.4506920590698, "B502": 94.05712511134105, "B503": 90.42443969024013, "B504": 99.95170801171076, "B505": 95.77703238902033, "B506": 98.05909796373692, "B507": 98.47233467497753, "B508": 94.50628706507013, "B509": 102.8524899260817, "B510": 101.75256230129179, "B511": 96.79207585448316, "B512": 97.84647038129037, "B513": 98.03280974968376, "B514": 101.07218124135998, "B515": 100.0044121103559, "B516": 98.43548163653216, "B517": 104.26252095535395, "B518": 101.91910455057464, "B519": 101.60086444760034, "B520": 101.88716166711872, "B521": 103.51669704710407, "B522": 102.3084914448754, "B523": 97.42575447993207, "B524": 99.820075334151, "C101": 94.19870181779682, "C102": 104.6265161460792, "C103": 96.75865399205753, "C104": 99.04214081762524, "C105": 105.83657642151589, "C106": 101.64229899403797, "C107": 104.31017188246607, "C108": 95.9529192711166, "C109": 96.98273880864292, "C110": 99.23956091145651, "C111": 98.31259105352161, "C112": 96.41856161616899, "C113": 95.36407867243231, "C114": 99.2780062832049, "C115": 100.23476666053867, "C116": 99.94610437259145, "C117": 94.83245032114077, "C118": 97.66078685227046, "C119": 92.6224346947964, "C120": 94.52442994703365, "C121": 94.82797371049803, "C122": 100.84838394321302, "C123": 97.33836551063783, "C124": 96.02291531119278, "C201": 103.74851446589565, "C202": 99.64177746410209, "C203": 98.37791796639895, "C204": 95.70179630350778, "C205": 98.48517554681236, "C206": 100.60139810788024, "C207": 104.66326756164356, "C208": 100.853571722481, "C209": 97.96237797649705, "C210": 96.13724678542675, "C211": 97.12271962501012, "C212": 100.54002214159544, "C213": 103.36479606381805, "C214": 103.31880513259495, "C215": 97.27212336649221, "C216": 99.42003074790476, "C217": 96.6949388529491, "C218": 105.3630201075497, "C219": 93.41662170527049, "C220": 96.85130087989462, "C221": 100.38211415923519, "C222": 97.14814333795724, "C223": 99.1242435217663, "C224": 93.8129331590355, "C301": 100.21138429224636, "C302": 97.05209793805419, "C303": 97.36131906119226, "C304": 100.51211278512051, "C305": 106.21157086455038,