{"A101": 84.26998827135866, "A102": 71.59721391902148, "A103": 80.32929961914637, "A104": 87.94748539136378, "A105": 79.63534392700477, "A106": 72.34437811943002, "A107": 79.04502343453663, "A108": 83.89496141919514, "A109": 77.68472887050979, "A110": 85.68183977532803, "A111": 75.98334644960445, "A112": 84.58509106206913, "A113": 80.34959482204926, "A114": 77.96231713774971, "A115": 76.43839745391946, "A116": 76.53570293706645, "A117": 77.3348219194968, "A118": 89.70121026460109, "A119": 79.05327099131301, "A120": 85.59696089708896, "A121": 80.98357094342526, "A122": 84.88950448917065, "A123": 83.03186760382363, "A124": 78.4256249817584, "A201": 74.68133861406919, "A202": 86.92554004984044, "A203": 79.98422438781142, "A204": 79.76464384956485, "A205": 81.42287253945422, "A206": 81.56854188262018, "A207": 80.80508512679792, "A208": 83.19370091966604, "A209": 79.64366963781715, "A210": 75.98907912600187, "A211": 80.7496152052151, "A212": 91.60281503754887, "A213": 80.9332145828412, "A214": 80.15250242051256, "A215": 83.03595031607618, "A216": 77.16347370774758, "A217": 78.01743830691802, "A218": 80.9914217913806, "A219": 80.83793873451108, "A220": 80.42941933439985, "A221": 74.20460179211695, "A222": 76.41493032724279, "A223": 84.1177606765883, "A224": 81.20374817290197, "A301": 74.63302178986658, "A302": 77.07588016510454, "A303": 79.81897497980356, "A304": 81.84520973567618, "A305": 81.20211109825887, "A306": 82.98650175938148, "A307": 81.22696233890606, "A308": 78.5410051928786, "A309": 76.00774486739975, "A310": 80.13437768933456, "A311": 77.91455341695657, "A312": 75.39854470727373, "A313": 91.06047433147619, "A314": 82.03387612182603, "A315": 78.44985401965444, "A316": 85.73301190480872, "A317": 74.33250513303962, "A318": 74.24625049326903, "A319": 76.88927612254217, "A320": 75.49313877959892, "A321": 72.88121097215442, "A322": 75.5982312257198, "A323": 73.68393243601328, "A324": 81.59527031724406, "A401": 82.83661913572926, "A402": 81.90957566305333, "A403": 76.66709625320138, "A404": 78.1205868791289, "A405": 83.10379777231545, "A406": 76.51218639581404, "A407": 78.46005131533799, "A408": 79.84010469755566, "A409": 80.50884763192849, "A410": 88.91514326126284, "A411": 84.16264421152519, "A412": 78.17651983701653, "A413": 78.20196574494862, "A414": 73.67492465253248, "A415": 82.60898464820056, "A416": 78.50086338613232, "A417": 87.74887859894521, "A418": 85.71202047760737, "A419": 75.73018468930788, "A420": 82.7801891620806, "A421": 78.9638394666346, "A422": 78.51683382892486, "A423": 76.50515486157751, "A424": 79.54353583567699, "A501": 76.90014402154037, "A502": 80.65746330089887, "A503": 83.80564544603172, "A504": 83.32895735362247, "A505": 83.21537816016684, "A506": 79.160481833292, "A507": 80.71932770071665, "A508": 75.710488984341, "A509": 73.82304313692897, "A510": 76.62639612357813, "A511": 83.81102147501564, "A512": 77.83339648354787, "A513": 73.84159117793472, "A514": 82.80162771356963, "A515": 77.76228188493319, "A516": 82.32955441520569, "A517": 85.77280707972986, "A518": 78.13700664295628, "A519": 82.33350964078959, "A520": 76.6981146443271, "A521": 85.2185999172108, "A522": 79.9186189070658, "A523": 83.14230690164824, "A524": 83.19731317923838, "B101": 81.27597620589069, "B102": 86.05292740715394, "B103": 83.28286244454972, "B104": 76.09942853893737, "B105": 71.90837412619574, "B106": 85.92583587024312, "B107": 78.25134258703852, "B108": 77.37815691113903, "B109": 87.47457835581373, "B110": 83.67579771277542, "B111": 80.35922442952759, "B112": 86.30829962127228, "B113": 83.56782099455947, "B114": 82.27648158103472, "B115": 73.20242694195731, "B116": 82.1851316213403, "B117": 76.58268910607178, "B118": 74.69757281746912, "B119": 85.72678486977006, "B120": 72.51117066676728, "B121": 83.38430504589772, "B122": 80.58080268327593, "B123": 76.6042954728545, "B124": 79.34223282471349, "B201": 77.96849325852465, "B202": 75.37422072314743, "B203": 82.57616703851455, "B204": 79.61609850206216, "B205": 73.92273797840933, "B206": 81.42523275194839, "B207": 74.81944685730954, "B208": 73.22271992970995, "B209": 81.47226576422244, "B210": 79.25187297316918, "B211": 79.88566107674578, "B212": 75.35172387954316, "B213": 80.21090649695566, "B214": 82.48626612592012, "B215": 86.80486815754993, "B216": 84.81059371391453, "B217": 83.31231375694125, "B218": 83.46437639564246, "B219": 83.1106269595505, "B220": 80.3900090713433, "B221": 86.62946014672758, "B222": 79.66161869947226, "B223": 80.50575614519684, "B224": 79.09853221863294, "B301": 83.56773148095158, "B302": 70.03008923562102, "B303": 79.20182087526683, "B304": 79.93849319813698, "B305": 78.4455398920785, "B306": 83.5670177682629, "B307": 79.33393428944461, "B308": 86.00425132925706, "B309": 81.38157690621908, "B310": 77.97044783510775, "B311": 87.22223799169868, "B312": 81.97144193530957, "B313": 77.15296295403097, "B314": 79.70941965963404, "B315": 79.30092170592229, "B316": 79.21101355123186, "B317": 79.42691228635438, "B318": 85.55436220636611, "B319": 79.27342230021871, "B320": 88.27853470507485, "B321": 79.66857382444545, "B322": 81.19775727077065, "B323": 84.3356825089395, "B324": 82.51522173412307, "B401": 75.99629625404378, "B402": 78.62181006034601, "B403": 81.04020564321144, "B404": 85.57252906488517, "B405": 78.12847096319832, "B406": 81.99762634751421, "B407": 80.4393334721157, "B408": 79.79111390057815, "B409": 80.87162835803007, "B410": 81.29693548015852, "B411": 80.55104818686205, "B412": 78.88695386165374, "B413": 87.06347417947683, "B414": 77.42619077426961, "B415": 82.67480803567558, "B416": 78.39472872782795, "B417": 77.21112990712847, "B418": 82.1630414645707, "B419": 82.93480448160702, "B420": 79.26869172452788, "B421": 77.33716963968308, "B422": 78.7715408033076, "B423": 78.27179668556116, "B424": 78.55256206431714, "B501": 82.25674556062599, "B502": 76.29070322040371, "B503": 73.385945088152, "B504": 80.89097283945101, "B505": 77.11794767983335, "B506": 81.15997986696509, "B507": 80.38369392500745, "B508": 78.99978766552064, "B509": 84.33813547828613, "B510": 81.24659893689436, "B511": 76.58999897940544, "B512": 79.45271561345122, "B513": 79.78287722240916, "B514": 83.99113319583512, "B515": 80.87315599807742, "B516": 78.16635672833421, "B517": 85.77578280778047, "B518": 84.0536620469598, "B519": 82.75218480134544, "B520": 81.52846345459984, "B521": 83.49388557468845, "B522": 84.0240795969761, "B523": 78.79245367997072, "B524": 80.17415732231026, "C101": 75.21000454973486, "C102": 86.77820138016318, "C103": 80.01288068678558, "C104": 79.80092628072674, "C105": 85.58571264791267, "C106": 82.62842783845159, "C107": 84.94232878032638, "C108": 79.84474367064341, "C109": 80.99728830459722, "C110": 80.16806090902537, "C111": 79.84885997701086, "C112": 79.36607527811383, "C113": 76.48980699167952, "C114": 79.9610766036147, "C115": 80.92018170926143, "C116": 83.12465493227768, "C117": 76.65407405041749, "C118": 79.39010488423523, "C119": 74.33345940286137, "C120": 76.54295263147151, "C121": 77.77143942886111, "C122": 82.69355059423336, "C123": 79.10421521984182, "C124": 77.04940019217659, "C201": 84.0180324587337, "C202": 81.48292475112775, "C203": 78.90221212818838, "C204": 80.04185178806198, "C205": 79.78810554551659, "C206": 81.42053094197169, "C207": 86.38035059424993, "C208": 84.2712857240691, "C209": 78.96008231396094, "C210": 76.13949223746005, "C211": 80.81022701283791, "C212": 82.15530989988648, "C213": 87.1249755629427, "C214": 84.96163026493109, "C215": 78.71109161431751, "C216": 80.29062984757769, "C217": 79.03822218844442, "C218": 80.97703882263067, "C219": 74.27818045491168, "C220": 81.03431324475574, "C221": 80.69358947264968, "C222": 79.26831213358244, "C223": 78.90974462471877, "C224": 78.11318548411259, "C301": 83.36238814352842, "C302": 78.02696351019551, "C303": 78.38217980818607, "C304": 80.0897186191325, "C305": 86.28955938319059, "C306": 79.15191582387891, "C307": 85.93152648460428, "C308": 80.43882804309729, "C309": 76.63554430176474,