{"A101": 279.95837937626425, "A102": 271.76803298858573, "A103": 279.65913272035993, "A104": 278.2168167068539, "A105": 280.2819655510105, "A106": 266.4080762093869, "A107": 276.7340816221369, "A108": 285.99234969141065, "A109": 257.9576369906078, "A110": 268.2239812847361, "A111": 267.32899252555814, "A112": 279.9958866436273, "A113": 269.7318415086225, "A114": 274.9810948344102, "A115": 276.1680595791659, "A116": 271.29036144157703, "A117": 270.29692564629397, "A118": 292.44163256370473, "A119": 274.94917821750795, "A120": 278.7841498899367, "A121": 269.1928224126157, "A122": 287.01969787046824, "A123": 279.31283932799136, "A124": 271.43898336917937, "A201": 268.06317921161946, "A202": 282.0990008430832, "A203": 276.9906234528754, "A204": 266.4932522483387, "A205": 272.3456822254453, "A206": 276.58449368589737, "A207": 280.0476135680306, "A208": 274.41676482305076, "A209": 276.45397254209144, "A210": 273.08272108180637, "A211": 266.8258712588547, "A212": 287.50724565904227, "A213": 280.9507058112614, "A214": 261.7080421423002, "A215": 278.1032765538269, "A216": 267.0065842785591, "A217": 265.2997690775203, "A218": 272.451013246739, "A219": 280.57380943519246, "A220": 283.35895611399263, "A221": 266.66368167875237, "A222": 269.80614449612125, "A223": 282.84009963228976, "A224": 267.33037704556716, "A301": 275.99858501040427, "A302": 278.5410171478876, "A303": 267.4616343265494, "A304": 273.14708550004167, "A305": 275.3911613329579, "A306": 280.27560597587615, "A307": 278.75671801960635, "A308": 278.97959574504455, "A309": 265.837478872323, "A310": 278.10826055347115, "A311": 280.75086636214405, "A312": 266.2295691323906, "A313": 280.78313499682525, "A314": 276.12644645830073, "A315": 273.48782874822007, "A316": 284.19425189518245, "A317": 254.9606554085784, "A318": 271.66350200550073, "A319": 277.12110221444885, "A320": 265.99840122967703, "A321": 259.7651129721309, "A322": 275.9139093157337, "A323": 270.29569384155434, "A324": 276.0429971091137, "A401": 276.00023685865284, "A402": 273.1071228633392, "A403": 267.7119271276379, "A404": 271.5727460427377, "A405": 278.0942871661827, "A406": 269.7881494295256, "A407": 275.47164881365234, "A408": 272.67545714233677, "A409": 273.33758962037086, "A410": 280.5605014053853, "A411": 276.9877414364501, "A412": 272.03901526963415, "A413": 261.00893146070905, "A414": 262.2838218220274, "A415": 282.6767115473726, "A416": 280.17236751969176, "A417": 283.35648712951496, "A418": 275.625791598432, "A419": 261.59207664103144, "A420": 276.3516857519164, "A421": 268.566322469356, "A422": 271.12603333878377, "A423": 268.4715407093636, "A424": 268.6061970010793, "A501": 269.2334802460118, "A502": 276.7218951941974, "A503": 281.7716669837871, "A504": 275.0721828275063, "A505": 276.4675353384712, "A506": 265.4517576318519, "A507": 282.90593725679855, "A508": 270.25076759558885, "A509": 276.8296862521447, "A510": 280.64707266269784, "A511": 280.8247811644581, "A512": 272.0944443908013, "A513": 268.7380329897061, "A514": 275.82057361402497, "A515": 276.33284405718405, "A516": 279.76574583541435, "A517": 278.16749000066153, "A518": 270.0705346211743, "A519": 285.5177632117932, "A520": 284.03791833978516, "A521": 281.58750381612896, "A522": 268.9395713582067, "A523": 278.63932268739455, "A524": 279.9090860844943, "B101": 265.05607609538515, "B102": 267.8849402725392, "B103": 285.2535441535522, "B104": 266.41056836487877, "B105": 265.8728661432546, "B106": 282.9520464288024, "B107": 266.45886173471195, "B108": 270.93286570376756, "B109": 275.5902721464288, "B110": 272.17443424889217, "B111": 266.27567308304066, "B112": 282.4721863430108, "B113": 282.2301543483369, "B114": 278.3113686458913, "B115": 265.6944906637548, "B116": 277.0342472868182, "B117": 281.368940669223, "B118": 278.68958899975576, "B119": 275.0330196629068, "B120": 261.1594527095136, "B121": 278.4511180747472, "B122": 271.45310131135335, "B123": 264.6938658094625, "B124": 270.7620923566472, "B201": 269.3689369832262, "B202": 262.9860055972683, "B203": 286.7824301131635, "B204": 277.98798102988644, "B205": 282.1947424629355, "B206": 275.8928535730403, "B207": 266.9466597888248, "B208": 266.6009734351931, "B209": 270.51645669303235, "B210": 278.7707764829729, "B211": 266.15930213837566, "B212": 266.06330204503814, "B213": 269.6527358019292, "B214": 283.4796944772431, "B215": 283.7816347269117, "B216": 282.0686599471922, "B217": 271.2083517390729, "B218": 281.7229477824489, "B219": 281.6301227562592, "B220": 261.1345332062916, "B221": 288.1117118243364, "B222": 276.98910827438283, "B223": 275.5451002919837, "B224": 264.3269834323393, "B301": 273.16852916286365, "B302": 266.0446917224206, "B303": 268.00883881999647, "B304": 273.7386519955019, "B305": 278.75299585814645, "B306": 281.00376125179463, "B307": 279.10892270361245, "B308": 282.7691834256093, "B309": 277.57716627141673, "B310": 273.8346633666333, "B311": 287.2790779303458, "B312": 272.0320666127973, "B313": 266.7328513891261, "B314": 265.7574627820596, "B315": 266.5174349583901, "B316": 278.5748094438699, "B317": 275.1001394327744, "B318": 281.54142467215917, "B319": 267.1051240134089, "B320": 277.0393968554576, "B321": 278.7380642143842, "B322": 275.74711052205663, "B323": 285.781572966487, "B324": 280.79884744504767, "B401": 272.4369993165101, "B402": 265.0073734289078, "B403": 275.07876533802397, "B404": 270.80338520005677, "B405": 271.0352736920137, "B406": 291.5912002347895, "B407": 260.55695864371626, "B408": 278.3217989527255, "B409": 278.37984831906994, "B410": 271.04275033350353, "B411": 282.48995081911215, "B412": 274.60147579749935, "B413": 284.75266481359364, "B414": 275.9917471520255, "B415": 282.8025967626203, "B416": 270.2522474976177, "B417": 274.71005602902704, "B418": 275.26219924421986, "B419": 266.8735424621788, "B420": 270.9189079345205, "B421": 265.6119525018866, "B422": 269.61369204533224, "B423": 275.3993472885505, "B424": 278.2648384079744, "B501": 279.32352678678444, "B502": 264.69441821615754, "B503": 261.7613233800688, "B504": 282.29477846183096, "B505": 265.349292350105, "B506": 276.5445477966793, "B507": 280.7974713016736, "B508": 274.9971490545661, "B509": 278.69885916726156, "B510": 277.8967373475865, "B511": 267.8037047024517, "B512": 269.6583209212728, "B513": 280.85651000728296, "B514": 282.30395838114356, "B515": 276.9853638066942, "B516": 284.52089704216706, "B517": 280.05016533808634, "B518": 285.95952163861926, "B519": 269.38522533569045, "B520": 279.67079368786654, "B521": 287.3076692226861, "B522": 279.3813740630934, "B523": 271.24316347416334, "B524": 275.6369883545566, "C101": 265.62890841021897, "C102": 271.06304288341, "C103": 278.6632302882805, "C104": 276.55415915775853, "C105": 286.61622821441614, "C106": 280.0001360054706, "C107": 285.79115013394846, "C108": 275.2012011657782, "C109": 266.4044412708923, "C110": 279.6169979257659, "C111": 272.1787887488993, "C112": 265.9772296231457, "C113": 274.51659604079293, "C114": 284.2708499623058, "C115": 272.8615482267458, "C116": 268.32706507704074, "C117": 271.46412208511987, "C118": 269.91214078640104, "C119": 274.5081879451668, "C120": 270.22902899658294, "C121": 265.531160462363, "C122": 280.1774766346655, "C123": 263.0264783129754, "C124": 266.2962479223022, "C201": 282.29362782420316, "C202": 268.69266996121485, "C203": 279.19923740727677, "C204": 280.25656447303237, "C205": 274.5164131650212, "C206": 271.7020632516363, "C207": 285.634442421948, "C208": 280.82470070897335, "C209": 278.4313360826308, "C210": 268.96514984846624, "C211": 265.97123385625946, "C212": 271.0102024695664, "C213": 278.284370984847, "C214": 278.97007330207197, "C215": 270.8049781423214, "C216": 272.2389069796523, "C217": 271.4329600331229, "C218": 278.32076754979704, "C219": 258.23119499617246, "C220": 266.8401800359315, "C221": 276.3458605257185, "C222": 271.2478724332424, "C223": 275.3498698802274, "C224": 274.56406158941707, "C301": 281.83308100206756, "C302": 268.559617436547, "C303": 273.40512454134785, "C304": 272.64584189063976,