{"A101": 240.97710981288404, "A102": 226.93254023574084, "A103": 234.2995732806746, "A104": 242.85147581274447, "A105": 233.6886611542516, "A106": 223.44228774552548, "A107": 233.91479749354534, "A108": 247.40726556977904, "A109": 222.84858785799975, "A110": 232.56909155857372, "A111": 230.19291302158612, "A112": 237.1310049222962, "A113": 229.40913202504777, "A114": 234.64083278535793, "A115": 233.74692601093182, "A116": 233.23761076208973, "A117": 232.26999174986167, "A118": 250.36016894699904, "A119": 228.5563403429824, "A120": 237.67191716124884, "A121": 232.26985953430574, "A122": 248.07049880458834, "A123": 242.91130273934363, "A124": 227.67822727274367, "A201": 230.51722580296268, "A202": 240.0288889205474, "A203": 234.17151126943048, "A204": 227.89115699357157, "A205": 232.6356785371017, "A206": 234.28209216044397, "A207": 240.5042117474513, "A208": 231.38718729233452, "A209": 238.7353166094946, "A210": 233.13751556429736, "A211": 226.83323026364687, "A212": 243.73773952066057, "A213": 238.39130391849557, "A214": 226.57788206353442, "A215": 242.13963490855542, "A216": 229.46741070755172, "A217": 228.70584918997545, "A218": 235.11528182781956, "A219": 237.72382954962737, "A220": 238.68108151827468, "A221": 226.74939210848393, "A222": 230.1726959988405, "A223": 244.19455126171036, "A224": 230.56873593945798, "A301": 234.51059003616334, "A302": 237.4487362759616, "A303": 231.71482345888884, "A304": 234.87695478139568, "A305": 241.1751044819961, "A306": 236.5401579859312, "A307": 240.8268269697001, "A308": 234.5907008446209, "A309": 227.31194564967234, "A310": 233.52136318112503, "A311": 243.14334774877236, "A312": 228.1287261730696, "A313": 242.12602798557393, "A314": 234.6224771326241, "A315": 233.6174970496918, "A316": 241.437370933422, "A317": 220.36297115337652, "A318": 229.97901131516045, "A319": 232.36580696901072, "A320": 226.02965195861475, "A321": 216.26757304107224, "A322": 229.76815057260524, "A323": 226.09732581147176, "A324": 237.10721983734058, "A401": 239.29399966018912, "A402": 235.6640851347868, "A403": 230.0510958254276, "A404": 232.22556452763266, "A405": 242.1194342773567, "A406": 228.39987818644548, "A407": 231.63121352734092, "A408": 234.58857061241372, "A409": 229.8641513047478, "A410": 241.799305225336, "A411": 238.55637564927116, "A412": 232.34242640294195, "A413": 223.11926954199478, "A414": 223.7425146421161, "A415": 241.82811623806555, "A416": 237.74338574038416, "A417": 243.07480738804784, "A418": 233.99514887590624, "A419": 223.33309987201312, "A420": 238.656468857226, "A421": 229.14795557371147, "A422": 227.09739318470304, "A423": 229.74746260400715, "A424": 231.0373561118267, "A501": 227.06747731298182, "A502": 238.1437189200771, "A503": 244.49394835744636, "A504": 237.31235126415854, "A505": 234.30634759275392, "A506": 230.2352179781024, "A507": 241.73032324955312, "A508": 224.5725164558403, "A509": 234.75122929207674, "A510": 235.24915443711714, "A511": 241.8127641990063, "A512": 231.5416909747318, "A513": 225.53039621308963, "A514": 236.213317997034, "A515": 238.1157982196381, "A516": 239.81704404922755, "A517": 240.2676280189904, "A518": 231.8296283202849, "A519": 243.5693871476143, "A520": 244.80604217102302, "A521": 238.2101292227221, "A522": 226.4688061107802, "A523": 238.4770514541812, "A524": 237.3518653415322, "B101": 230.00592435992667, "B102": 228.71754009646818, "B103": 241.85975844313862, "B104": 223.72386002512891, "B105": 228.38258664272547, "B106": 243.77781613474448, "B107": 228.6477264586625, "B108": 235.83893222315155, "B109": 237.79203372616664, "B110": 231.4233690365793, "B111": 229.18575207103538, "B112": 241.22594021767858, "B113": 242.32199682210552, "B114": 236.01662298878924, "B115": 224.55784177631642, "B116": 239.39325884222598, "B117": 239.48838771115203, "B118": 234.16025775843596, "B119": 233.4437980329581, "B120": 222.67174759182114, "B121": 239.3670300124744, "B122": 230.0154958319511, "B123": 226.5911124487658, "B124": 233.14585584786974, "B201": 230.5598459562394, "B202": 220.37635352449155, "B203": 243.7565948365375, "B204": 237.7520332342193, "B205": 240.55047836221954, "B206": 232.86065617578708, "B207": 226.4561260067921, "B208": 230.99174026191892, "B209": 235.56961757519758, "B210": 240.27619934533666, "B211": 224.6957748286917, "B212": 224.8409438704425, "B213": 231.93856845326928, "B214": 242.0145394716317, "B215": 243.1840748673979, "B216": 239.00066876617407, "B217": 235.8846583792004, "B218": 243.62891324613875, "B219": 241.99701341562672, "B220": 225.6428955910651, "B221": 248.2752358973005, "B222": 240.85048378196637, "B223": 233.34573173265863, "B224": 226.06510152213946, "B301": 235.94826780616592, "B302": 227.98797694026752, "B303": 231.26276643721303, "B304": 231.30948004329275, "B305": 238.17152218939034, "B306": 241.0273289265512, "B307": 240.649155258961, "B308": 245.72532640078958, "B309": 237.21869659064765, "B310": 236.02861804323487, "B311": 247.29217970156873, "B312": 230.25151715500004, "B313": 227.85320720506206, "B314": 220.97640257203432, "B315": 227.9667310385156, "B316": 237.61926275309156, "B317": 232.64651353640642, "B318": 244.525966443348, "B319": 228.82198546743808, "B320": 237.70216056000186, "B321": 237.85001262855175, "B322": 237.1786252013091, "B323": 250.91992193086787, "B324": 236.6202985891174, "B401": 231.41048267609602, "B402": 229.53654251114085, "B403": 234.78240955204427, "B404": 231.11053353082093, "B405": 228.13394860718662, "B406": 249.43201136955182, "B407": 222.91657554640966, "B408": 235.94570843833586, "B409": 236.8528428941097, "B410": 229.70631415552887, "B411": 239.24630106552553, "B412": 236.08895615111703, "B413": 245.23207257562314, "B414": 235.92725689038966, "B415": 240.14194561744924, "B416": 231.96434869471656, "B417": 233.93922812299027, "B418": 235.70410657332656, "B419": 231.94571112487486, "B420": 227.0434735301653, "B421": 227.00251573582935, "B422": 232.0301211619919, "B423": 235.73651477242225, "B424": 236.70525364517675, "B501": 239.0880599362023, "B502": 222.91459219260844, "B503": 221.37244620370063, "B504": 241.67139167636424, "B505": 228.66820877493146, "B506": 235.37307780728506, "B507": 237.96223226530205, "B508": 234.93140006441635, "B509": 238.0586685744895, "B510": 236.71495747554798, "B511": 230.15083119583136, "B512": 229.96731823309676, "B513": 240.65170839161814, "B514": 244.68803043693563, "B515": 242.74282940642001, "B516": 239.12819279974752, "B517": 240.79691793440085, "B518": 245.98120544499832, "B519": 227.77316788907868, "B520": 242.6751134069306, "B521": 246.80429573688062, "B522": 238.14601629800586, "B523": 233.66505781990617, "B524": 235.56752307581235, "C101": 221.43537903517245, "C102": 232.44550260392725, "C103": 236.6920623013791, "C104": 234.10854333527683, "C105": 242.28834644167122, "C106": 235.9412668438204, "C107": 249.18786235859176, "C108": 236.72187741250377, "C109": 230.38582992695095, "C110": 238.6704003222833, "C111": 236.6301536124564, "C112": 227.82475346069657, "C113": 234.3788528947844, "C114": 244.03005450348994, "C115": 235.1143128496321, "C116": 229.249264278015, "C117": 230.8424380500555, "C118": 233.90747437047673, "C119": 231.7917277307378, "C120": 227.43675729756188, "C121": 225.90007084229316, "C122": 242.6144486176798, "C123": 222.65176580034856, "C124": 229.87151557511254, "C201": 243.18752607291728, "C202": 231.30710965361712, "C203": 239.4402724671352, "C204": 239.27489973852062, "C205": 229.88615987406652, "C206": 233.05586479827008, "C207": 243.72525857947704, "C208": 240.54205956812277, "C209": 238.17516619167728, "C210": 229.96899326486596, "C211": 228.43911571395415, "C212": 232.85292477706156, "C213": 237.26510305525235, "C214": 239.15285922071942, "C215": 227.718781527043, "C216": 233.72519071473113, "C217": 231.97033116935984, "C218": 234.29534912350402, "C219": 220.9379850162256, "C220": 232.53313430626534, "C221": 234.27297819037813, "C222": 229.98209149089683, "C223": 233.59138005240212, "C224": 235.2366452063568, "C301": 242.9253526882191,