{"A101": 254.28892864240078, "A102": 241.08653600826574, "A103": 248.64358403888403, "A104": 254.62316045334492, "A105": 247.4418042096109, "A106": 239.63870407756457, "A107": 247.87744333612306, "A108": 260.6343716788817, "A109": 234.1091883932484, "A110": 244.83133232748128, "A111": 244.8175934529533, "A112": 250.04364326082805, "A113": 244.2154526516861, "A114": 247.80893835792114, "A115": 249.18642914068994, "A116": 244.03103734673383, "A117": 245.57083765926666, "A118": 263.6213553975363, "A119": 245.2221029154514, "A120": 252.11080417727544, "A121": 244.87340717624048, "A122": 262.16347983943217, "A123": 255.35898641087064, "A124": 242.78543752851073, "A201": 244.42289538883364, "A202": 254.1643367874125, "A203": 249.87517169260863, "A204": 240.91082455516812, "A205": 246.55391150631667, "A206": 250.2175532775659, "A207": 254.45043054785597, "A208": 245.262799033915, "A209": 249.9713282371525, "A210": 247.13233629318935, "A211": 240.22658690708454, "A212": 256.5079694509964, "A213": 252.96703610011113, "A214": 237.40209395894567, "A215": 253.84688894861486, "A216": 242.17791248519012, "A217": 241.07594474686664, "A218": 245.9528303067834, "A219": 252.9695969087944, "A220": 254.8614257762153, "A221": 240.9473749240458, "A222": 243.21594688517214, "A223": 256.5602545621266, "A224": 241.21150644754954, "A301": 247.43055597994456, "A302": 251.29716017139754, "A303": 243.19906144441967, "A304": 247.24319076855727, "A305": 252.05876150230884, "A306": 249.312001185864, "A307": 252.08509418144374, "A308": 248.9307667653049, "A309": 239.78561644178617, "A310": 247.38967504338177, "A311": 256.0020879927215, "A312": 241.43604890244285, "A313": 255.04141431932518, "A314": 249.38312854650817, "A315": 247.9609301591826, "A316": 255.4139505518535, "A317": 231.98172208406427, "A318": 242.2889819900263, "A319": 246.10810742959765, "A320": 238.35969226327947, "A321": 231.42306757894687, "A322": 247.55749017285123, "A323": 240.1111134576512, "A324": 247.9040509720691, "A401": 252.54350280456353, "A402": 250.89209069185978, "A403": 242.8369451881286, "A404": 244.70690380728988, "A405": 253.596910849929, "A406": 242.4571957212352, "A407": 247.0459347008738, "A408": 247.27995408393497, "A409": 242.7224051388414, "A410": 255.0911896240044, "A411": 251.27958293636127, "A412": 244.45748878958344, "A413": 232.89874261953807, "A414": 236.2414771557888, "A415": 257.54685168734227, "A416": 253.1336012236181, "A417": 255.90512845433219, "A418": 248.04888039086484, "A419": 234.53783290824362, "A420": 251.60376620276878, "A421": 244.30548650662533, "A422": 241.31978396867498, "A423": 240.92950384724682, "A424": 245.18482751718548, "A501": 241.3402785954897, "A502": 251.93594118538448, "A503": 255.26160236161988, "A504": 250.02991109152444, "A505": 247.88185418391137, "A506": 242.40635258728034, "A507": 256.0830401110965, "A508": 238.37204000363175, "A509": 248.7698301897637, "A510": 250.76335296128846, "A511": 253.67960547572386, "A512": 246.53524640436484, "A513": 237.97916361215138, "A514": 247.99053161917556, "A515": 249.79835663775935, "A516": 254.6643338318439, "A517": 254.38118739010395, "A518": 244.08843427636776, "A519": 258.9767812579754, "A520": 257.06264182728546, "A521": 254.0522838929724, "A522": 242.63766890414894, "A523": 252.38554289848653, "A524": 250.16047068410126, "B101": 240.83362406521582, "B102": 243.62230159414378, "B103": 254.8604624296476, "B104": 239.26620442117394, "B105": 241.16518645993156, "B106": 257.49354298165184, "B107": 241.53815510243675, "B108": 246.26159566146822, "B109": 249.66881078945838, "B110": 243.9607547140447, "B111": 243.18943141682323, "B112": 254.53450246146963, "B113": 257.2848263629739, "B114": 251.93846258341767, "B115": 239.50726436443463, "B116": 250.8588289529693, "B117": 253.09215908167968, "B118": 249.71255665658455, "B119": 245.56544203078695, "B120": 235.6463979393103, "B121": 254.07575717466582, "B122": 244.33425147780812, "B123": 239.0764007683643, "B124": 246.31223790401708, "B201": 243.63517374462864, "B202": 234.08636199923518, "B203": 256.76097393876955, "B204": 251.55998880587686, "B205": 254.5210943232858, "B206": 248.0807046601977, "B207": 241.15342630865854, "B208": 243.46519404455069, "B209": 246.91887329440289, "B210": 253.26294612243888, "B211": 238.76450897538535, "B212": 237.8941231429019, "B213": 243.14782587881191, "B214": 256.12408097318104, "B215": 257.93481422693736, "B216": 256.1226649022877, "B217": 249.12897689354872, "B218": 256.2598343634087, "B219": 257.4703238712921, "B220": 239.38484620210107, "B221": 260.6544080667634, "B222": 254.8178110636562, "B223": 246.5266602239162, "B224": 237.7817519517707, "B301": 249.231994119491, "B302": 238.68927872477363, "B303": 242.96855568464227, "B304": 244.60234107039622, "B305": 253.75159397815855, "B306": 255.7391921959555, "B307": 253.71496527103406, "B308": 259.3625602126398, "B309": 250.73614535882365, "B310": 247.39524506737845, "B311": 261.0306144523467, "B312": 245.5300562566322, "B313": 240.3995009703785, "B314": 235.02569457365306, "B315": 239.43717371130145, "B316": 250.29315914319832, "B317": 248.23698984459952, "B318": 255.5372853241018, "B319": 242.71203578873306, "B320": 251.6713783366145, "B321": 251.0403912099205, "B322": 253.0957559424191, "B323": 262.1982187981471, "B324": 251.34074475729918, "B401": 246.24439138262716, "B402": 241.48816167629292, "B403": 247.74783893078427, "B404": 245.27671013301725, "B405": 243.13450727088477, "B406": 264.4594820497309, "B407": 234.8908165315411, "B408": 251.20487791433055, "B409": 249.6147215499291, "B410": 243.98209529239463, "B411": 254.8815363038158, "B412": 245.27210113933307, "B413": 259.29639202898557, "B414": 248.7573734613183, "B415": 256.42168080627596, "B416": 246.98668472626807, "B417": 247.3196293105447, "B418": 248.001581605488, "B419": 243.9998661869609, "B420": 241.42923422941539, "B421": 238.72507389517844, "B422": 244.32569329101833, "B423": 248.04770761535326, "B424": 249.79655647035747, "B501": 249.71652744596182, "B502": 235.69385790154146, "B503": 232.34025788131606, "B504": 254.40129829115014, "B505": 242.3619919397702, "B506": 248.00868031050982, "B507": 252.45470227165427, "B508": 249.69808850176346, "B509": 252.88366466631354, "B510": 249.60288880680193, "B511": 243.53657858871654, "B512": 242.86156821149692, "B513": 253.4703626481434, "B514": 257.29763073073, "B515": 252.17013480715195, "B516": 253.92239146990775, "B517": 255.10373341812826, "B518": 258.07631453590074, "B519": 242.5551055338568, "B520": 254.33040330554363, "B521": 258.0710284582903, "B522": 252.6093361124606, "B523": 246.31800466979186, "B524": 248.2312411800081, "C101": 235.77866871423043, "C102": 243.33798589451433, "C103": 252.31338100053728, "C104": 247.95699596870583, "C105": 258.56199007038725, "C106": 249.38897606628424, "C107": 262.51329146589586, "C108": 251.42965458960322, "C109": 240.77595125319593, "C110": 255.1774098573066, "C111": 248.32401013024696, "C112": 241.7326287923707, "C113": 247.1952621214186, "C114": 258.2566319034655, "C115": 248.21256482853533, "C116": 242.3105008092915, "C117": 245.61475719752582, "C118": 246.418861763571, "C119": 247.1113612468571, "C120": 241.81658864593413, "C121": 239.86002431261753, "C122": 252.67185608654458, "C123": 238.0577007223737, "C124": 240.84753688552826, "C201": 257.18489718750874, "C202": 243.0909400649822, "C203": 252.4891450466043, "C204": 255.66355302231582, "C205": 243.17199587888442, "C206": 245.46006417730706, "C207": 257.18455848232554, "C208": 252.4108844005016, "C209": 251.14824001874808, "C210": 241.53499493569862, "C211": 240.00348994099377, "C212": 244.9644783250502, "C213": 251.2681697667703, "C214": 252.50689075808663, "C215": 242.35907104611954, "C216": 246.92468373724802, "C217": 245.7917361955197, "C218": 247.24713820868996, "C219": 232.8262725918651, "C220": 244.8612507197209, "C221": 247.35146001838737, "C222": 245.48170194687887, "C223": 247.59580525878752, "C224": 247.54575555723662, "C301": 256.78838267111263,