{"A101": 228.39598918043833, "A102": 213.97717689203736, "A103": 219.5037051316015, "A104": 229.4473634914108, "A105": 219.74344428648726, "A106": 210.37944166946863, "A107": 222.28470624015605, "A108": 233.95234181900653, "A109": 209.51692135429627, "A110": 220.5211048840937, "A111": 218.6756737644603, "A112": 220.8211468954806, "A113": 212.93171365371006, "A114": 222.22273114754097, "A115": 219.10498447580764, "A116": 218.96637878990217, "A117": 218.14105568466772, "A118": 236.10367297208518, "A119": 214.37160539438483, "A120": 224.54129749970005, "A121": 220.33606834601477, "A122": 234.25251235415482, "A123": 228.96069877078412, "A124": 213.40637019356967, "A201": 214.7212981413773, "A202": 225.3852547340824, "A203": 217.11380862421768, "A204": 214.03320658229865, "A205": 221.31583429536965, "A206": 221.1493744507626, "A207": 224.67895461351048, "A208": 219.04842228959984, "A209": 223.08120725715168, "A210": 217.46276940751255, "A211": 213.65822006479704, "A212": 231.29952764070515, "A213": 224.75538345441632, "A214": 213.19020488606887, "A215": 229.2439920190485, "A216": 214.5594845001291, "A217": 216.54270807495442, "A218": 221.73300049611498, "A219": 223.60339501620336, "A220": 225.54242221724098, "A221": 214.57839605676352, "A222": 219.24599041281695, "A223": 230.04064154770373, "A224": 218.02466414796874, "A301": 218.232828598913, "A302": 227.3926979395074, "A303": 217.98485129049288, "A304": 220.74784512613525, "A305": 225.6323323121966, "A306": 225.59332197446523, "A307": 226.292416577256, "A308": 218.80201984805393, "A309": 212.47123006271195, "A310": 219.74756177899067, "A311": 230.33827245985842, "A312": 215.38198332022597, "A313": 230.48449304040543, "A314": 221.1055486832378, "A315": 221.33047862683966, "A316": 227.7759404219566, "A317": 208.73081009673095, "A318": 218.4085789743825, "A319": 216.88505970889057, "A320": 212.56398561800037, "A321": 202.858114821856, "A322": 217.27059916521358, "A323": 212.89934094287884, "A324": 221.53711786011712, "A401": 227.13938705080838, "A402": 223.61635171812256, "A403": 216.1880454383304, "A404": 219.53102187140047, "A405": 227.95217741960724, "A406": 214.78413591157627, "A407": 216.69617838632058, "A408": 220.47691940643983, "A409": 215.124457360406, "A410": 226.72612275004673, "A411": 225.88648076458995, "A412": 219.63984399277, "A413": 210.40092315171847, "A414": 211.28548591277527, "A415": 230.0857369160507, "A416": 221.51123762600943, "A417": 232.65920610938903, "A418": 220.58351071623176, "A419": 212.06308654300008, "A420": 223.52169500270733, "A421": 217.12129712083527, "A422": 212.91046835524696, "A423": 217.18030653479565, "A424": 217.87997105631806, "A501": 214.55857876152737, "A502": 226.17506899172463, "A503": 230.6746458150735, "A504": 224.4393914065891, "A505": 219.4357844353833, "A506": 217.66366492164656, "A507": 227.71961921455926, "A508": 211.21081794041334, "A509": 221.19038469642462, "A510": 220.4407383567316, "A511": 230.04222588616162, "A512": 217.60164463686357, "A513": 211.6134308786789, "A514": 222.4505499043209, "A515": 221.84178834102073, "A516": 226.0847724209112, "A517": 227.0056280868485, "A518": 218.90082318816675, "A519": 229.70503026656394, "A520": 230.6089803077163, "A521": 224.51398225098842, "A522": 214.09698937198314, "A523": 225.70558926778295, "A524": 222.7741101574057, "B101": 215.66788576471353, "B102": 213.02244007146749, "B103": 230.70084052883908, "B104": 213.11861958819668, "B105": 214.0592175894309, "B106": 229.47001384735415, "B107": 213.2635881439769, "B108": 221.0790430590285, "B109": 225.2404163983142, "B110": 217.91772054048425, "B111": 217.43630049934123, "B112": 228.13866390652174, "B113": 228.60560709629362, "B114": 222.12740999330487, "B115": 212.9335039044352, "B116": 225.58995981235742, "B117": 226.70260323501498, "B118": 216.75396296719106, "B119": 220.3581943992561, "B120": 206.64263896653415, "B121": 227.17924758411942, "B122": 217.0804488283939, "B123": 213.0663115365287, "B124": 217.3574229807422, "B201": 215.75080593620837, "B202": 207.66696523667312, "B203": 230.33444985716483, "B204": 224.9085649966492, "B205": 226.82285707493375, "B206": 219.86204795972463, "B207": 212.99000239967836, "B208": 217.26931393728464, "B209": 220.7582740882747, "B210": 226.63835436325573, "B211": 209.50821058308443, "B212": 210.86461933956383, "B213": 218.21724430787157, "B214": 229.07243331459773, "B215": 229.65529568919823, "B216": 225.91414030887847, "B217": 223.18979536032143, "B218": 230.2923041452424, "B219": 227.52508333752098, "B220": 214.8161031565801, "B221": 234.284385966315, "B222": 226.1112933692154, "B223": 220.43104149261373, "B224": 212.8731178131942, "B301": 223.54770322245724, "B302": 217.0399214412724, "B303": 217.69613610552497, "B304": 220.42479573056895, "B305": 225.29316898482472, "B306": 229.40319929710452, "B307": 223.48259270914116, "B308": 234.41882793854202, "B309": 221.140386920201, "B310": 221.0514039447417, "B311": 236.84083527088478, "B312": 217.14279711651275, "B313": 215.59485630801854, "B314": 209.75486204824304, "B315": 214.39725490574594, "B316": 225.56570782189283, "B317": 220.25818262418574, "B318": 229.8243689543122, "B319": 216.17161580364098, "B320": 224.1355566813927, "B321": 224.3117733244896, "B322": 224.18777764071163, "B323": 235.65349028047982, "B324": 223.17205190404923, "B401": 218.52435639363298, "B402": 218.1965770787549, "B403": 225.4429367688263, "B404": 218.24071902596205, "B405": 215.16127112720946, "B406": 233.31257392748103, "B407": 210.47044865009215, "B408": 221.65943321087903, "B409": 222.6694900193263, "B410": 217.54600006287075, "B411": 222.52354483941124, "B412": 224.46051477622925, "B413": 234.142191323941, "B414": 223.92632186207842, "B415": 225.54998181954707, "B416": 218.86918314408987, "B417": 222.2590297004764, "B418": 223.83558084610758, "B419": 219.18981649316473, "B420": 212.1352247002557, "B421": 214.61381139896986, "B422": 219.62192021648943, "B423": 221.35709268595295, "B424": 222.2017710290587, "B501": 224.57787672767, "B502": 212.01315567388738, "B503": 210.05955447659034, "B504": 228.59229824937358, "B505": 213.72705201731978, "B506": 219.62352174943697, "B507": 225.4249662049472, "B508": 222.19945938319597, "B509": 225.13970614204666, "B510": 224.3195337139058, "B511": 216.38250466795697, "B512": 218.32799970763668, "B513": 229.7865863638883, "B514": 231.04549730132882, "B515": 229.33872860440263, "B516": 226.62445092240867, "B517": 227.86965751772914, "B518": 235.37037960438064, "B519": 215.82336171119553, "B520": 227.86121517645972, "B521": 233.08278118651262, "B522": 225.72112393363642, "B523": 219.5650672676144, "B524": 224.65458948161202, "C101": 210.49701319530894, "C102": 219.9014523102481, "C103": 224.58973294771982, "C104": 222.4401079877614, "C105": 229.47974212658139, "C106": 222.78698540969455, "C107": 235.96034183584229, "C108": 223.46014849307696, "C109": 220.8243455740527, "C110": 223.02435648102522, "C111": 224.33306503666208, "C112": 214.9523306843766, "C113": 220.36026879592072, "C114": 230.34590022048891, "C115": 221.98325943364978, "C116": 215.01560423159458, "C117": 217.4973602937778, "C118": 220.44245555931698, "C119": 217.7976717198639, "C120": 214.2433810923067, "C121": 213.20818138090044, "C122": 225.5472741803282, "C123": 212.91504997018075, "C124": 215.88343897551243, "C201": 231.24675853400106, "C202": 218.55518132044122, "C203": 227.62402226766716, "C204": 225.82430001624482, "C205": 218.33956618564895, "C206": 221.40008341396566, "C207": 231.48258725652, "C208": 225.17636435689107, "C209": 226.72964669462365, "C210": 219.0354041602193, "C211": 215.283537054316, "C212": 219.70046225188747, "C213": 224.06228956098565, "C214": 227.50490944673714, "C215": 215.85388184066588, "C216": 220.01634082374227, "C217": 221.17708704420895, "C218": 220.35700367608334, "C219": 208.14258495141465, "C220": 220.5919030208723, "C221": 222.00332497509913, "C222": 216.56051307146103, "C223": 219.50238794570586, "C224": 220.5366710280138, "C301": 228.4075258087242,