{"A101": 140.6171288284402, "A102": 127.09896315190004, "A103": 136.64226501784074, "A104": 145.39769769071563, "A105": 136.72895095501724, "A106": 128.53005253875935, "A107": 133.0268541620865, "A108": 144.79103949440187, "A109": 128.784653593028, "A110": 137.6482002354434, "A111": 133.79429758881452, "A112": 138.41913231096134, "A113": 131.92517960134302, "A114": 137.77755798799552, "A115": 126.10433648561587, "A116": 132.80465497055758, "A117": 129.82321400578985, "A118": 149.57611968160128, "A119": 134.61380885062724, "A120": 137.95631872003227, "A121": 133.83040522597312, "A122": 140.35831385466776, "A123": 139.09936747845546, "A124": 133.8764711137036, "A201": 132.4861991537316, "A202": 145.52220957820467, "A203": 133.3161880968843, "A204": 133.78696949507966, "A205": 135.77093842044744, "A206": 137.107305772272, "A207": 138.97530360306436, "A208": 138.4424402139852, "A209": 135.1172318391669, "A210": 132.3015551481333, "A211": 131.29276816022465, "A212": 150.82499676489445, "A213": 138.53017292287825, "A214": 129.87621137640062, "A215": 142.21513420231156, "A216": 130.9383722812134, "A217": 136.259504030922, "A218": 138.61975579786034, "A219": 139.41433327211396, "A220": 133.38149495898682, "A221": 132.01288106116905, "A222": 129.10465098901665, "A223": 141.6221686630297, "A224": 131.58528603003498, "A301": 127.19444195223473, "A302": 133.68434618786617, "A303": 135.03462112906567, "A304": 134.31564487135353, "A305": 138.31290732564395, "A306": 140.82277915922492, "A307": 137.7030815542607, "A308": 136.13173493632615, "A309": 128.4778827278998, "A310": 132.38626843536738, "A311": 138.31616050953065, "A312": 132.16890626043107, "A313": 144.98668272915103, "A314": 140.1067415442641, "A315": 137.34972016338648, "A316": 138.87500912475693, "A317": 125.17611467462987, "A318": 130.33827069194695, "A319": 128.0877851392652, "A320": 133.1540204768962, "A321": 126.10364919041494, "A322": 132.9513391785038, "A323": 127.94933413963781, "A324": 133.12951961040463, "A401": 139.34929313840746, "A402": 136.20692075226916, "A403": 132.0523426276669, "A404": 133.39242537437116, "A405": 144.30564887328043, "A406": 132.22929991206558, "A407": 135.03030084445788, "A408": 134.76991318381113, "A409": 137.8403642910819, "A410": 144.49278736450415, "A411": 143.27282221290727, "A412": 132.1804278732914, "A413": 128.2268357024637, "A414": 126.90557209051893, "A415": 141.45950565113245, "A416": 136.70024656339228, "A417": 142.85054851075495, "A418": 139.19743972269495, "A419": 130.55110774073776, "A420": 140.15005972305818, "A421": 135.63846000408824, "A422": 130.69394867769407, "A423": 127.5873633067991, "A424": 138.7229996692069, "A501": 131.02633142717247, "A502": 138.72784345591538, "A503": 142.8200103831207, "A504": 141.1626390741971, "A505": 137.9627363815315, "A506": 135.0234216997791, "A507": 140.76552362001917, "A508": 128.25456846826967, "A509": 135.15103297991746, "A510": 136.22561504091212, "A511": 144.86204154643445, "A512": 133.21175886985532, "A513": 127.74818015875074, "A514": 139.8607689048469, "A515": 132.7569127053161, "A516": 140.39504290559768, "A517": 142.78824368614974, "A518": 133.6105502060625, "A519": 138.3341913223449, "A520": 141.6945829025595, "A521": 134.93095291523966, "A522": 132.68841362439147, "A523": 141.65407321993604, "A524": 136.32865405272878, "B101": 134.11171387710777, "B102": 134.5634269102496, "B103": 143.69583634976198, "B104": 131.09835247241574, "B105": 126.89236677159182, "B106": 144.66141797870992, "B107": 133.5115867956236, "B108": 132.7263823844297, "B109": 141.47515959922677, "B110": 139.34890631383198, "B111": 136.56054300974554, "B112": 140.03154023871872, "B113": 144.89532129787423, "B114": 135.90953493608177, "B115": 130.5452457374855, "B116": 136.74044487729273, "B117": 140.6524098406677, "B118": 132.8196596299252, "B119": 142.62072026979436, "B120": 128.14692746888937, "B121": 141.54270604715754, "B122": 137.3406659579174, "B123": 129.1975810392931, "B124": 131.81708246640144, "B201": 132.75580046759006, "B202": 127.24970404418369, "B203": 146.05213187262976, "B204": 135.9281252535345, "B205": 133.69893373627747, "B206": 134.78203708163605, "B207": 133.59207769700427, "B208": 126.78381527021182, "B209": 135.1105031253237, "B210": 136.33475612669866, "B211": 132.0104533235483, "B212": 131.48634629066464, "B213": 135.23395858622231, "B214": 139.15001520017898, "B215": 145.86744966993342, "B216": 140.22728132691492, "B217": 144.06772494386684, "B218": 142.4633611149004, "B219": 142.11396368104656, "B220": 128.95341966292904, "B221": 141.8153793564661, "B222": 140.90475993463323, "B223": 138.81185852158478, "B224": 134.67277000101092, "B301": 136.23677710117482, "B302": 127.81963726827198, "B303": 137.70920233929593, "B304": 138.16286751094012, "B305": 139.8582056678111, "B306": 145.312903403818, "B307": 136.72117494558535, "B308": 146.40845849439302, "B309": 135.8091581000571, "B310": 134.1269605486722, "B311": 143.54895738329253, "B312": 131.3566678966208, "B313": 131.1804761915607, "B314": 131.53716028478559, "B315": 133.53166795418727, "B316": 132.34136509467808, "B317": 131.1173691493349, "B318": 144.92541806096722, "B319": 133.75148756425276, "B320": 142.11744653674074, "B321": 136.6041258553911, "B322": 140.30072804422758, "B323": 147.7469383299728, "B324": 137.5910663080267, "B401": 135.92220891153832, "B402": 133.92917778320748, "B403": 135.18263589716912, "B404": 139.11432803752987, "B405": 134.73369267316266, "B406": 143.27683393610957, "B407": 130.7508707456799, "B408": 140.07033973634805, "B409": 138.82075543301798, "B410": 133.26370424833792, "B411": 139.72300568276353, "B412": 138.22870397998372, "B413": 144.13404954764903, "B414": 133.66732056742697, "B415": 142.00589496147575, "B416": 134.70044114014394, "B417": 132.08906473972584, "B418": 142.70279579166413, "B419": 135.43303639757067, "B420": 132.12106598699614, "B421": 133.28383319259657, "B422": 133.52427755923702, "B423": 132.9906434495502, "B424": 132.20349172917759, "B501": 134.30261365565474, "B502": 128.89186058363444, "B503": 124.86446053687571, "B504": 137.95212793373784, "B505": 129.5555172285961, "B506": 134.9577873322766, "B507": 138.049958473383, "B508": 133.56358854985157, "B509": 135.60913453774552, "B510": 137.93812228354756, "B511": 132.2198821522307, "B512": 137.83576755523856, "B513": 139.27871076268696, "B514": 143.07107527569707, "B515": 137.97258388393104, "B516": 138.3410968268096, "B517": 143.17692732309655, "B518": 143.52382707767362, "B519": 135.9803385024985, "B520": 138.83031790205243, "B521": 143.36903169870487, "B522": 141.06449986036978, "B523": 134.09796671707437, "B524": 138.50706558183384, "C101": 131.99126403212884, "C102": 139.96832044222322, "C103": 134.282710730287, "C104": 137.74917905452588, "C105": 144.1911760694379, "C106": 137.50180440128733, "C107": 141.81503240166418, "C108": 133.09501054933608, "C109": 134.9311719019082, "C110": 140.88172304322018, "C111": 134.1516817915607, "C112": 132.69602011422074, "C113": 127.29566010747469, "C114": 140.71127529299343, "C115": 137.1898984277836, "C116": 136.27575379493672, "C117": 135.07956488397346, "C118": 132.44923323602868, "C119": 132.03240223697048, "C120": 132.04166385821785, "C121": 128.65560976276518, "C122": 137.56536789537594, "C123": 134.27647434596759, "C124": 131.59604969329777, "C201": 144.1181319671092, "C202": 134.51359042579193, "C203": 139.1818921192177, "C204": 137.11565412072068, "C205": 136.99372148773273, "C206": 137.6036307561671, "C207": 145.5718619738775, "C208": 136.9590506935069, "C209": 138.33483022897747, "C210": 134.8142479724481, "C211": 132.08492912204497, "C212": 133.0300658916455, "C213": 142.07558707143127, "C214": 143.66556759047745, "C215": 133.34317546437933, "C216": 137.96842184612848, "C217": 133.73101727080083, "C218": 139.39441932210377, "C219": 127.48615998608564, "C220": 129.01916809231943, "C221": 136.56243733180264, "C222": 132.57210149232975, "C223": 139.4622198567249, "C224": 132.86432138346677,