{"A101": 75.02350604369036, "A102": 66.14308806146674, "A103": 72.53730960294845, "A104": 78.99200671581661, "A105": 72.4628618745018, "A106": 65.857744037701, "A107": 71.82953802221722, "A108": 76.1001769061169, "A109": 70.20995488185723, "A110": 78.35621663944548, "A111": 69.95760404099066, "A112": 76.9066655690686, "A113": 73.4719385684344, "A114": 68.45410367187074, "A115": 68.97090268800703, "A116": 69.10714119579544, "A117": 71.08663281104766, "A118": 80.95409397614895, "A119": 71.68000205918982, "A120": 76.87939878347427, "A121": 74.70352897318286, "A122": 76.79880952746262, "A123": 76.14094635914651, "A124": 70.91305530857257, "A201": 68.08411104963179, "A202": 78.20303076038762, "A203": 71.3209502067983, "A204": 71.5137567622034, "A205": 73.05900424020953, "A206": 75.1920505997399, "A207": 72.21717029496833, "A208": 74.51051484182955, "A209": 71.71680468488897, "A210": 69.49069957304647, "A211": 72.0859010866833, "A212": 82.09860645117105, "A213": 71.61638105144375, "A214": 71.79079498801529, "A215": 74.45887264971927, "A216": 69.79591662209693, "A217": 71.30203857911025, "A218": 71.3554580516568, "A219": 73.15624393909222, "A220": 70.89965459926621, "A221": 65.543257656854, "A222": 69.08910413474985, "A223": 76.88412949904091, "A224": 73.61839303377751, "A301": 67.81942486156233, "A302": 66.59815680420323, "A303": 72.20692257482737, "A304": 72.12996993236322, "A305": 73.3855631235304, "A306": 74.07926100296608, "A307": 74.19487659908096, "A308": 70.09971938142152, "A309": 69.40814747119813, "A310": 72.3276706456366, "A311": 68.81175550302166, "A312": 67.0202742147873, "A313": 81.63749522669997, "A314": 73.1984829636828, "A315": 70.69560970062075, "A316": 78.07830127289616, "A317": 65.54715984405489, "A318": 67.59442862436079, "A319": 70.2015964691539, "A320": 63.577167786448975, "A321": 65.9932276570647, "A322": 68.29041450322282, "A323": 66.28464558315981, "A324": 73.88413546920019, "A401": 73.44203478955296, "A402": 72.96364773742624, "A403": 69.7906826580791, "A404": 70.44141507074953, "A405": 74.25370107848714, "A406": 69.26524132513488, "A407": 68.7604289890788, "A408": 70.81177869889184, "A409": 73.27307367630577, "A410": 80.16911046080205, "A411": 77.45697152277037, "A412": 69.40121455387053, "A413": 69.46217497983028, "A414": 68.59045671448098, "A415": 73.31338386630863, "A416": 70.1663065426053, "A417": 79.51635366437408, "A418": 78.16412386059234, "A419": 68.11570951220178, "A420": 73.87537553322471, "A421": 71.41122833550861, "A422": 69.2251093165501, "A423": 66.93945772524981, "A424": 70.62158278954551, "A501": 69.38522906268551, "A502": 73.54017505801498, "A503": 73.3940072063653, "A504": 74.19357941864287, "A505": 76.347593710094, "A506": 71.89030921552977, "A507": 72.60617832766867, "A508": 66.50132838106632, "A509": 65.63970274860915, "A510": 69.67820873787076, "A511": 74.12753007442025, "A512": 70.48442381640514, "A513": 66.78308657782507, "A514": 75.98776420658193, "A515": 68.96645904854563, "A516": 74.15636239468607, "A517": 75.65113976512944, "A518": 71.45397075992024, "A519": 74.00677635669862, "A520": 69.85991377256865, "A521": 78.93091256374707, "A522": 71.4482325069235, "A523": 75.28289636567551, "A524": 75.70241871003084, "B101": 72.5831027417305, "B102": 76.67877019237025, "B103": 74.80976446772858, "B104": 68.74847986956476, "B105": 63.72092052766111, "B106": 76.41441831758739, "B107": 70.59788807908161, "B108": 70.44189289124564, "B109": 78.23194032350084, "B110": 76.06265754869884, "B111": 72.28123506838853, "B112": 78.77278367089764, "B113": 76.60411975886748, "B114": 71.23322863999215, "B115": 65.79851636571435, "B116": 73.61023074999709, "B117": 68.9140459353223, "B118": 68.52814210851322, "B119": 76.08622399929409, "B120": 65.36930509794266, "B121": 74.16330811343595, "B122": 71.6158651151322, "B123": 69.57840366621419, "B124": 71.03817681298645, "B201": 68.8744497921606, "B202": 66.97264192737144, "B203": 74.57911423809094, "B204": 74.01343596834622, "B205": 67.05145902628361, "B206": 74.22856176257305, "B207": 69.31704598112246, "B208": 65.94291065371638, "B209": 75.49745628974178, "B210": 70.86268059318105, "B211": 71.90913439473174, "B212": 67.81179695863749, "B213": 72.75548634327254, "B214": 76.0163536494406, "B215": 78.01109452828823, "B216": 76.8039984234563, "B217": 75.79516513153712, "B218": 76.24471709578549, "B219": 73.67487924338536, "B220": 73.14552583312327, "B221": 78.75970100028081, "B222": 73.01944262709036, "B223": 72.63696350172884, "B224": 73.54703076705324, "B301": 74.28214736484237, "B302": 60.608928665101345, "B303": 71.43803193365976, "B304": 70.65703458718939, "B305": 70.28929161853326, "B306": 73.0240858283214, "B307": 70.1665677250737, "B308": 77.56991875326119, "B309": 73.8386161798005, "B310": 70.56110646241268, "B311": 78.62592400125094, "B312": 71.93000525219463, "B313": 69.65627928921882, "B314": 70.42422196902598, "B315": 71.27435801972382, "B316": 71.97222962158389, "B317": 72.00892400578877, "B318": 78.64719006864895, "B319": 70.24601562980496, "B320": 79.9420108104379, "B321": 70.62859122672336, "B322": 72.69506884039717, "B323": 75.25346872936743, "B324": 76.444308401121, "B401": 67.79748288619273, "B402": 70.73159620241462, "B403": 73.36367921752789, "B404": 77.70377059970643, "B405": 70.8031698106858, "B406": 72.33146358170016, "B407": 72.0590894347356, "B408": 74.35125816354852, "B409": 73.28874342300497, "B410": 73.45328211056878, "B411": 76.09643023713686, "B412": 71.1856517421055, "B413": 75.38911080453836, "B414": 70.15175321467002, "B415": 74.85598106521999, "B416": 71.98310638930778, "B417": 69.16445313056789, "B418": 74.40460022370216, "B419": 73.86798451966399, "B420": 68.43874718000178, "B421": 70.33060196363954, "B422": 71.40058369091504, "B423": 71.3418522788774, "B424": 70.59130664606118, "B501": 76.28788616325737, "B502": 68.37553825937235, "B503": 65.73865847738453, "B504": 72.83872642044177, "B505": 69.4677672118823, "B506": 73.26528298288689, "B507": 72.1390458559726, "B508": 71.08115163815347, "B509": 77.78348676977181, "B510": 70.5462168069634, "B511": 68.43951422420919, "B512": 71.8523877056299, "B513": 71.88313914093165, "B514": 76.2188740756388, "B515": 72.59367930790654, "B516": 69.46702189953844, "B517": 76.29821176031699, "B518": 75.29704330579631, "B519": 73.21872558752993, "B520": 73.63872647888573, "B521": 74.98170984729853, "B522": 76.0435292109966, "B523": 72.27692582648626, "B524": 71.68601761698537, "C101": 68.82728064766367, "C102": 79.24007271662899, "C103": 72.78975760819546, "C104": 73.52951747241076, "C105": 77.62694914420238, "C106": 75.62591210517307, "C107": 77.30324869450241, "C108": 73.2127313097392, "C109": 71.09344936452374, "C110": 74.24075424246361, "C111": 72.02804454876008, "C112": 72.825647437198, "C113": 70.334390348746, "C114": 71.253774214986, "C115": 72.70400019573356, "C116": 75.25799430494811, "C117": 68.64516102184174, "C118": 71.55566890778228, "C119": 67.84304527196095, "C120": 69.28366331768507, "C121": 68.86060282636372, "C122": 73.68621987958586, "C123": 72.06611027981414, "C124": 69.04237500375746, "C201": 73.86718358658601, "C202": 72.23591045471531, "C203": 71.13117251828395, "C204": 71.91281471443749, "C205": 71.47413203658732, "C206": 74.87397993419515, "C207": 78.86315887256679, "C208": 74.93873750169169, "C209": 68.28013482238394, "C210": 67.60125643035259, "C211": 71.65905837157904, "C212": 73.59089355955304, "C213": 79.03125827386621, "C214": 76.61000339921159, "C215": 69.76032826730213, "C216": 72.71102931992749, "C217": 72.13639762312157, "C218": 74.17737694156591, "C219": 66.51340925093332, "C220": 73.44630589147947, "C221": 72.34767064867569, "C222": 70.78255390458122, "C223": 71.70310544462683, "C224": 70.11929854838485, "C301": 73.33515456340531, "C302": 70.39519095828143, "C303": 72.29649993695045, "C304": 72.97729741491064, "C305": 76.70305588768994, "C306": 71.80743721061289, "C307": 77.4268426011423, "C308": 71.46689265599807, "C309": 68.55945932192968, "C310": 65.50350482892412,