{"A101": 39.66798474187499, "A102": 34.70450203594133, "A103": 38.65062510263905, "A104": 39.607594947615105, "A105": 36.944183206014046, "A106": 32.42957976756245, "A107": 36.23847900172046, "A108": 41.17460163457394, "A109": 37.941661962322904, "A110": 39.341613194317254, "A111": 36.716681457902055, "A112": 37.53520551822519, "A113": 36.64738011728771, "A114": 34.63548261916514, "A115": 41.43380314439824, "A116": 35.17417753503603, "A117": 36.738597543316, "A118": 42.211459667096726, "A119": 37.26309491822999, "A120": 40.25438034587183, "A121": 40.669763375025454, "A122": 41.80031194735291, "A123": 38.22279385489823, "A124": 34.53267940603364, "A201": 34.318404838359854, "A202": 42.26735075784789, "A203": 38.86828167055633, "A204": 34.62076607865895, "A205": 36.80681203761635, "A206": 36.3816643903481, "A207": 35.72158133975541, "A208": 36.765429823809384, "A209": 37.69968023771581, "A210": 34.77223745877938, "A211": 35.31428017706298, "A212": 41.9230816452869, "A213": 38.36876350334701, "A214": 36.63014974243757, "A215": 39.479796799517175, "A216": 39.10912113861133, "A217": 38.0992796879251, "A218": 33.9405336118327, "A219": 37.189055238254, "A220": 35.74777295801377, "A221": 33.5921209315182, "A222": 38.65561586918627, "A223": 38.807801997803345, "A224": 39.52667823916652, "A301": 34.6954597357285, "A302": 34.06936722386743, "A303": 35.76974019325243, "A304": 35.7245259197027, "A305": 38.74497711632287, "A306": 38.968850550245755, "A307": 39.70262723899315, "A308": 35.08794727639265, "A309": 38.66670552051277, "A310": 37.02440959979975, "A311": 36.24884996927088, "A312": 35.05078190580942, "A313": 42.78528648579617, "A314": 42.13935430968634, "A315": 40.041155615172144, "A316": 42.05953935278617, "A317": 34.00874710180677, "A318": 34.18770408363909, "A319": 38.804233085623046, "A320": 31.904656728975368, "A321": 34.945288710772594, "A322": 32.40908282126578, "A323": 35.153245160764804, "A324": 37.16535369484423, "A401": 35.25149793681276, "A402": 39.49453825964814, "A403": 38.12030224841175, "A404": 32.22438736744815, "A405": 39.42881127792072, "A406": 35.80513487972733, "A407": 36.84872238833884, "A408": 36.2286140906126, "A409": 38.538431433648924, "A410": 39.97393977986634, "A411": 39.33476205426358, "A412": 34.29860968705656, "A413": 36.27392771537417, "A414": 36.32026971796405, "A415": 38.43632572664321, "A416": 34.633362296694756, "A417": 41.22875536779694, "A418": 39.6154434165886, "A419": 35.20785598136285, "A420": 41.406797271410355, "A421": 39.49647071400064, "A422": 34.18320903744422, "A423": 30.790097004994394, "A424": 35.23747700964233, "A501": 36.43460141013921, "A502": 38.770653598356304, "A503": 38.80981695621377, "A504": 40.739683218939284, "A505": 36.99624832413308, "A506": 36.47593970055641, "A507": 35.98769970302394, "A508": 35.76879568550962, "A509": 34.783657474052035, "A510": 39.128290432608736, "A511": 36.42390125657862, "A512": 34.33249080930403, "A513": 36.7610441845822, "A514": 37.835410230719134, "A515": 37.4560986500086, "A516": 38.56452880099902, "A517": 40.218777685266666, "A518": 38.92055378668472, "A519": 36.93137436139702, "A520": 34.16002956018009, "A521": 40.89812436812443, "A522": 36.13646421647164, "A523": 38.102459700159265, "A524": 39.48681861235699, "B101": 39.039591114156195, "B102": 38.94684381696721, "B103": 38.92636407022742, "B104": 34.1259803138267, "B105": 35.880642219003846, "B106": 40.50800947713966, "B107": 39.81334667917853, "B108": 36.00671388640418, "B109": 41.692422070015326, "B110": 39.10714797416128, "B111": 34.79533256384241, "B112": 41.47381315863716, "B113": 37.467325547189496, "B114": 35.84420803389835, "B115": 35.69049886441547, "B116": 38.77269429239471, "B117": 32.36331284186125, "B118": 36.15574197263506, "B119": 42.99349930343245, "B120": 35.66075929331296, "B121": 36.156387120337584, "B122": 33.493137220282385, "B123": 37.84374717409232, "B124": 39.0382620513335, "B201": 34.01855247959763, "B202": 35.29592248008022, "B203": 40.047933251967905, "B204": 40.27843056858499, "B205": 33.13699353552432, "B206": 39.272156782266705, "B207": 36.58136206595929, "B208": 32.99923772582402, "B209": 39.71166100423611, "B210": 36.14776033015799, "B211": 37.78290367506156, "B212": 35.4251451283149, "B213": 34.81490485378792, "B214": 42.54409823839309, "B215": 44.91676486317149, "B216": 39.991047447719566, "B217": 39.962614262584914, "B218": 35.42930350107501, "B219": 37.60836820081591, "B220": 36.65629139413959, "B221": 42.94297037149188, "B222": 37.94639248714229, "B223": 37.40505303440374, "B224": 39.347739147585976, "B301": 37.356204187003954, "B302": 31.04595848961893, "B303": 36.318200948533, "B304": 34.032028794902544, "B305": 34.880282085219285, "B306": 33.67811763529936, "B307": 33.443491393716705, "B308": 40.84375736995973, "B309": 37.9478246188498, "B310": 39.48653299350094, "B311": 40.301014707081855, "B312": 36.906769580509426, "B313": 36.7784179462096, "B314": 38.46691297025661, "B315": 38.151123676381765, "B316": 37.60240660702099, "B317": 39.2728389735415, "B318": 40.70454639603217, "B319": 37.66406638758929, "B320": 43.495645111124226, "B321": 32.96460679900758, "B322": 37.90880116361529, "B323": 39.866413415613714, "B324": 40.243100491664165, "B401": 38.26979133043271, "B402": 35.89670738490398, "B403": 39.88307621372611, "B404": 40.863725857939734, "B405": 38.95530307689079, "B406": 37.47190987018215, "B407": 38.060981501780226, "B408": 39.59642893447863, "B409": 38.91305022732492, "B410": 36.69481342566572, "B411": 38.835153365549175, "B412": 36.77403213576894, "B413": 42.303264802531324, "B414": 37.80453118122139, "B415": 37.5279247157044, "B416": 36.28278591561168, "B417": 34.80704649463509, "B418": 39.06171895823176, "B419": 39.75651723667065, "B420": 35.60329313377123, "B421": 35.3608756035878, "B422": 36.3250220800059, "B423": 35.16199389379319, "B424": 37.61768262252729, "B501": 38.95931452264072, "B502": 33.92699433687354, "B503": 34.523300297101436, "B504": 39.99789953071226, "B505": 35.74130006912968, "B506": 38.943649075881574, "B507": 36.94442936194643, "B508": 39.1526879994669, "B509": 41.352400908884526, "B510": 33.124162405915314, "B511": 38.25234093864276, "B512": 36.66360090020676, "B513": 36.404471941621836, "B514": 39.885019802823614, "B515": 37.82699974573338, "B516": 32.407684098550035, "B517": 41.62116038010251, "B518": 40.65372787626229, "B519": 37.957379788660276, "B520": 35.0750283872561, "B521": 37.21916612159934, "B522": 39.971938298665805, "B523": 36.79344532075195, "B524": 36.284700741306025, "C101": 36.089632021379856, "C102": 41.675727990706164, "C103": 40.244299118423726, "C104": 36.73623991231661, "C105": 37.715868064516684, "C106": 42.782934462657984, "C107": 42.80133274935546, "C108": 32.4529646718678, "C109": 35.73033865833251, "C110": 39.23521347392347, "C111": 35.18574018318088, "C112": 36.10273555788584, "C113": 38.018508239016064, "C114": 35.44014284811464, "C115": 37.40801770605946, "C116": 37.83064838629327, "C117": 35.55194501425044, "C118": 37.038114385127585, "C119": 36.21238751772313, "C120": 37.142717518643565, "C121": 33.69806249937685, "C122": 39.60318138960248, "C123": 36.95653354178002, "C124": 34.53713016806114, "C201": 35.41691102225109, "C202": 39.62021027273899, "C203": 37.231585241546455, "C204": 36.61587802402147, "C205": 36.06668657137353, "C206": 41.22400732684173, "C207": 38.6148026861036, "C208": 39.1278311142666, "C209": 37.01260936748747, "C210": 36.52660272184696, "C211": 36.31863492010645, "C212": 33.818112851962965, "C213": 41.22127369006916, "C214": 41.785600531688544, "C215": 34.20147503929218, "C216": 36.69282420567148, "C217": 36.90677064654788, "C218": 38.29893623788902, "C219": 35.387283228388824, "C220": 38.63308873205793, "C221": 36.980984160044606, "C222": 38.58058466145053, "C223": 37.11896388354127, "C224": 34.48816609129395, "C301": 39.71845334745048, "C302": 36.669257149879954, "C303": 38.317085943799256, "C304": 40.22950364703695, "C305": 39.76373273569213, "C306": 39.31812632971257,