{"A101": 293.06247978939206, "A102": 286.4038162504483, "A103": 295.7228596634629, "A104": 291.27988386847215, "A105": 293.55076237019136, "A106": 277.9527357795654, "A107": 289.72129294524404, "A108": 298.62804616661634, "A109": 270.3873792364837, "A110": 281.5943517540407, "A111": 279.5599929117541, "A112": 291.2572345220198, "A113": 281.82406930294025, "A114": 291.05711695654145, "A115": 289.59550229060045, "A116": 285.88447212353157, "A117": 283.60940107498493, "A118": 307.74057665629874, "A119": 288.57895414500365, "A120": 291.12807108527153, "A121": 282.10006149073604, "A122": 301.71589717626745, "A123": 292.24903551236616, "A124": 282.2605379226747, "A201": 282.87945378543793, "A202": 293.5515105583307, "A203": 289.44734941920416, "A204": 279.4718346457719, "A205": 285.6543690936296, "A206": 289.9689838790677, "A207": 293.19211555567756, "A208": 288.933663569688, "A209": 288.88701997229805, "A210": 286.1895884395512, "A211": 282.05312993430886, "A212": 302.93727829988694, "A213": 297.78559200179313, "A214": 274.8939797697863, "A215": 292.7084956993754, "A216": 281.93763063502587, "A217": 281.07283265856177, "A218": 287.76054890990054, "A219": 295.40074471162643, "A220": 299.9026638498542, "A221": 277.2294363845405, "A222": 283.85632020851637, "A223": 295.3827163798586, "A224": 281.1617766150634, "A301": 291.1441165198781, "A302": 290.16676221420727, "A303": 282.6485943934392, "A304": 287.47921422844297, "A305": 286.2039187021778, "A306": 292.50042979034225, "A307": 291.33656584919095, "A308": 294.3129292111692, "A309": 281.05256774657215, "A310": 291.6346200861526, "A311": 295.511729796076, "A312": 279.41437867579975, "A313": 295.3158510736498, "A314": 291.10332474155297, "A315": 286.7581512495194, "A316": 299.5126680424809, "A317": 266.43037251764986, "A318": 283.692112575891, "A319": 289.79686205057544, "A320": 282.0376997744929, "A321": 272.54356783494364, "A322": 290.8536374807462, "A323": 284.91693225504093, "A324": 288.44621524758924, "A401": 289.6323329235476, "A402": 285.6742416993168, "A403": 281.83405151786184, "A404": 287.32163058273204, "A405": 292.9605838688768, "A406": 284.11490839794544, "A407": 288.184110582504, "A408": 284.071877548102, "A409": 283.0563459450416, "A410": 295.6583604368717, "A411": 290.0872524471019, "A412": 284.2891006420908, "A413": 271.3532516314351, "A414": 275.18009214318454, "A415": 295.7693615119237, "A416": 291.56595996330856, "A417": 295.86354718654087, "A418": 287.02049377144886, "A419": 275.22407391940936, "A420": 287.59937598286507, "A421": 283.11299520062704, "A422": 286.0630080743497, "A423": 283.9257001776642, "A424": 281.5674728380523, "A501": 282.9913869044544, "A502": 288.8712321774133, "A503": 294.41486908153644, "A504": 287.0807261829332, "A505": 288.7182426609345, "A506": 277.1043844340441, "A507": 298.0300474938194, "A508": 284.2793146954469, "A509": 291.4522090843268, "A510": 293.65585236799933, "A511": 296.0667163950474, "A512": 284.3751997023515, "A513": 285.2219088862607, "A514": 288.8592341401248, "A515": 288.3979023356935, "A516": 294.06713960455596, "A517": 293.5373957532352, "A518": 281.8823223790977, "A519": 299.329675874932, "A520": 296.3839690648758, "A521": 298.6706217021051, "A522": 282.98466803657317, "A523": 290.36872843718254, "A524": 291.6247244392686, "B101": 277.49914217748415, "B102": 281.52314455858476, "B103": 298.88631379988044, "B104": 281.3947414569147, "B105": 279.44782390609726, "B106": 294.3044723860903, "B107": 282.7130004633744, "B108": 284.82030842300554, "B109": 286.8054402266643, "B110": 283.3327186381082, "B111": 279.5140641704167, "B112": 296.4386521451311, "B113": 296.29433488280387, "B114": 293.16827113182916, "B115": 279.16228842456445, "B116": 290.6595062166424, "B117": 296.8984976955683, "B118": 291.91084704029805, "B119": 286.96533183965676, "B120": 275.181456734107, "B121": 290.48283814896337, "B122": 284.47213112688195, "B123": 276.9002562463816, "B124": 284.0326840712495, "B201": 283.8228793070945, "B202": 274.20180416859887, "B203": 302.6559871830868, "B204": 292.16639957308354, "B205": 293.32017838592765, "B206": 289.2422744927096, "B207": 280.4719383821765, "B208": 280.9660016608442, "B209": 286.2073189538194, "B210": 291.6188411342158, "B211": 279.79669999869435, "B212": 281.5881939703107, "B213": 283.01794313401234, "B214": 299.0032368730049, "B215": 295.1307627482262, "B216": 293.2479159592379, "B217": 285.6042434974507, "B218": 296.7849184501309, "B219": 295.71159428473135, "B220": 276.1126447164695, "B221": 301.6182137380043, "B222": 288.33361966198515, "B223": 291.2673745264207, "B224": 282.2095904962838, "B301": 286.97876638015214, "B302": 277.864149745906, "B303": 281.1149229291753, "B304": 285.66308664720435, "B305": 290.80709448058553, "B306": 292.3657194253286, "B307": 292.92595364396664, "B308": 297.4668152686943, "B309": 290.4241467699104, "B310": 288.97369973724034, "B311": 299.5978005491246, "B312": 283.74677971158195, "B313": 281.45267243116416, "B314": 279.97976959113015, "B315": 277.50305925597445, "B316": 289.4228827091851, "B317": 288.41889352265173, "B318": 294.9591937532321, "B319": 282.21445292186706, "B320": 291.09264876802644, "B321": 291.14382022626734, "B322": 287.97574140636044, "B323": 298.06112426402177, "B324": 293.6432435373356, "B401": 285.78940476980193, "B402": 279.10696812307816, "B403": 286.87759358683246, "B404": 286.37734692172734, "B405": 281.5071982974691, "B406": 302.27685669223536, "B407": 275.5829720161532, "B408": 289.65107912695765, "B409": 292.1534219909943, "B410": 283.6711432025795, "B411": 293.2283966077618, "B412": 285.5720074729651, "B413": 296.62355911385606, "B414": 290.1591735213317, "B415": 295.00204995732554, "B416": 285.799785551653, "B417": 284.77653464427834, "B418": 286.54960533541123, "B419": 280.46214771646964, "B420": 283.63690186564645, "B421": 279.09147659221117, "B422": 285.4199088074843, "B423": 289.3804365734948, "B424": 292.84775994327464, "B501": 291.3203101867721, "B502": 277.3800194654723, "B503": 275.4928842225884, "B504": 297.55246834817603, "B505": 275.4672923579208, "B506": 290.37136784755523, "B507": 294.0893680056104, "B508": 290.70091228048807, "B509": 289.0803600250063, "B510": 289.9768196717972, "B511": 280.5134174184006, "B512": 282.92700002737575, "B513": 293.88909113660867, "B514": 296.41240235686155, "B515": 288.01085272990645, "B516": 296.1748025686739, "B517": 294.07328253635575, "B518": 298.8849344846287, "B519": 284.145563354473, "B520": 293.4218830116679, "B521": 302.9925244993205, "B522": 291.60441618766725, "B523": 285.37047869907946, "B524": 287.0248484677495, "C101": 280.0415205967305, "C102": 286.44827455754324, "C103": 292.3474470491637, "C104": 289.63603794562886, "C105": 300.22914561521657, "C106": 292.1250957840744, "C107": 299.59984994501633, "C108": 289.17672887541175, "C109": 278.8545581701981, "C110": 291.53967594983476, "C111": 284.9061609911029, "C112": 280.058156836568, "C113": 287.4175108293523, "C114": 298.6730970805395, "C115": 288.91444439405257, "C116": 284.4811233043206, "C117": 286.9230849431933, "C118": 284.03432722676445, "C119": 285.174632820505, "C120": 284.8408467463567, "C121": 280.2760280419875, "C122": 294.14837916980025, "C123": 275.66056490611385, "C124": 280.3713477192794, "C201": 296.650621017891, "C202": 283.82764790708535, "C203": 293.5709307163125, "C204": 296.75968543714, "C205": 287.71997096921933, "C206": 286.0249669232033, "C207": 297.918052115784, "C208": 295.5095332642576, "C209": 288.0234924143939, "C210": 281.6212401477125, "C211": 279.6299744752155, "C212": 283.8459956256849, "C213": 292.9294971631345, "C214": 293.28578651849773, "C215": 286.22759672912974, "C216": 283.93663257394576, "C217": 284.25154323514363, "C218": 289.9313102527495, "C219": 270.6278649062929, "C220": 281.79246750506604, "C221": 291.240124199349, "C222": 284.1886710444274, "C223": 288.7993326604014, "C224": 288.42645368788385, "C301": 297.2676625360768, "C302": 280.53480509812107, "C303": 285.533340784851, "C304": 286.78149630681355,