{"A101": 258.95783467918574, "A102": 246.47677012360307, "A103": 253.78728407157058, "A104": 258.57706709491833, "A105": 253.73415492622394, "A106": 246.29905474861633, "A107": 255.34551907778766, "A108": 266.46048158825107, "A109": 238.95521419403295, "A110": 249.91026808612335, "A111": 250.03231511175866, "A112": 256.3911121327746, "A113": 249.24140178708262, "A114": 252.6565888475649, "A115": 254.21400164356584, "A116": 249.16036914318093, "A117": 250.78085650979205, "A118": 269.9018635977815, "A119": 251.77172384333977, "A120": 256.7699333039151, "A121": 249.76605527141677, "A122": 268.0253949094658, "A123": 260.6784099773938, "A124": 249.30928188181906, "A201": 248.469193560192, "A202": 260.20955675045616, "A203": 255.54031937603727, "A204": 245.80468758180973, "A205": 251.05168556035898, "A206": 255.14082380534438, "A207": 260.5991084961625, "A208": 251.57150939590687, "A209": 256.3378854660989, "A210": 252.5227822507521, "A211": 246.91824482195346, "A212": 262.0554117834836, "A213": 258.23795606186883, "A214": 241.66860446183213, "A215": 258.94407873971596, "A216": 246.72899256138473, "A217": 245.82482327667682, "A218": 249.5878238709614, "A219": 258.241672304713, "A220": 262.0573329894898, "A221": 247.13896777654327, "A222": 249.40461654401798, "A223": 262.72933188862396, "A224": 247.64321818825053, "A301": 252.8213439533056, "A302": 256.33365989732073, "A303": 247.10370162750056, "A304": 251.48343981874805, "A305": 256.34458935257163, "A306": 255.32637817999554, "A307": 257.25881160021055, "A308": 255.9244376153521, "A309": 244.72116306756283, "A310": 255.0127710689916, "A311": 261.3483208958384, "A312": 245.9832490664741, "A313": 260.1138474260617, "A314": 254.86439600327267, "A315": 252.0971806026763, "A316": 262.07813441623216, "A317": 237.4081865337788, "A318": 247.17632601067203, "A319": 253.67633221506657, "A320": 243.1326085800126, "A321": 236.7692336062448, "A322": 253.5922665183778, "A323": 244.6035084496922, "A324": 253.57023343060774, "A401": 258.0385180576778, "A402": 256.0511856523415, "A403": 247.38184375944005, "A404": 249.98072550526913, "A405": 259.46661977010467, "A406": 246.71586918816087, "A407": 252.4920424973146, "A408": 252.20721104526928, "A409": 248.1689002217543, "A410": 259.6891013270085, "A411": 255.9678327223779, "A412": 250.26748863219345, "A413": 239.00785439492827, "A414": 241.72576828280015, "A415": 262.77289824440516, "A416": 257.7008379906397, "A417": 262.4986804419899, "A418": 255.1987940231806, "A419": 238.67473417302884, "A420": 256.68519873652156, "A421": 248.75379360367472, "A422": 246.55868230437588, "A423": 246.44077701900005, "A424": 251.4385096786162, "A501": 246.91077820795064, "A502": 257.0385290257178, "A503": 261.4472684399555, "A504": 255.1298094348615, "A505": 254.49060677869804, "A506": 245.97412393323086, "A507": 260.5421328392247, "A508": 244.4650064886819, "A509": 253.89354563129794, "A510": 256.12666663259074, "A511": 259.94775882611214, "A512": 253.00417068032604, "A513": 243.3280041135692, "A514": 254.4295783620975, "A515": 254.73755402848445, "A516": 259.7790596384351, "A517": 259.8847514897365, "A518": 248.91825362838142, "A519": 266.58938582056106, "A520": 261.4747742672817, "A521": 258.72494155574225, "A522": 247.04479869871886, "A523": 258.8280934088108, "A524": 255.26615069292401, "B101": 244.91023876634853, "B102": 249.28938202564981, "B103": 260.6438763639154, "B104": 243.3245469835319, "B105": 245.0402383092261, "B106": 263.5885727172185, "B107": 246.79894960317975, "B108": 251.7033548449581, "B109": 254.5368042476477, "B110": 249.3392823547987, "B111": 246.95886310077518, "B112": 260.0893854762297, "B113": 261.22127585398914, "B114": 257.34279996968326, "B115": 243.34072704954593, "B116": 256.748507861939, "B117": 256.2718414033773, "B118": 256.0874139720822, "B119": 252.30086240624294, "B120": 239.3818671229071, "B121": 259.8111628289824, "B122": 250.2721476900864, "B123": 242.881127190018, "B124": 250.4775924729026, "B201": 247.922755417905, "B202": 240.5735012991276, "B203": 262.9446550720281, "B204": 257.8507742271769, "B205": 259.63106445481264, "B206": 253.85195775024738, "B207": 247.03610954328875, "B208": 248.3731548442364, "B209": 253.39829111153435, "B210": 258.6397545513219, "B211": 242.8036975702366, "B212": 242.54809202636437, "B213": 248.28932901386182, "B214": 261.6731340313751, "B215": 262.819214644394, "B216": 260.8566648761254, "B217": 253.14231816743722, "B218": 260.5329366937175, "B219": 261.9982406032781, "B220": 243.3529663654523, "B221": 266.59409673020457, "B222": 258.3474962343491, "B223": 253.69605846818874, "B224": 244.385979061783, "B301": 253.48080075692303, "B302": 243.19210811853335, "B303": 247.90464643103394, "B304": 249.167964887831, "B305": 258.9688444051366, "B306": 261.7287972899835, "B307": 257.2078510486762, "B308": 262.43949594632585, "B309": 258.22494727857236, "B310": 253.75436513326036, "B311": 266.20400087407967, "B312": 251.92763356408145, "B313": 245.28750946609009, "B314": 242.04969206268206, "B315": 244.56426441348776, "B316": 256.2869880734776, "B317": 252.17843131347558, "B318": 260.9603604557403, "B319": 247.95143737618235, "B320": 256.2781969090694, "B321": 256.9813684342043, "B322": 257.7583760943046, "B323": 266.08356618636617, "B324": 258.46170270846693, "B401": 251.2225398955831, "B402": 246.64641075247152, "B403": 252.64130654978578, "B404": 250.60028846352512, "B405": 248.81798540415477, "B406": 268.073908096861, "B407": 238.90814715021435, "B408": 257.29283676584976, "B409": 255.72496787941856, "B410": 249.26967010385076, "B411": 262.8128563218958, "B412": 249.2818776323091, "B413": 263.95785608061095, "B414": 255.0518978851343, "B415": 260.18159068758285, "B416": 250.3447306320279, "B417": 252.20123131188697, "B418": 254.08256167157117, "B419": 247.35636393416797, "B420": 246.73889826167036, "B421": 243.11148152955192, "B422": 249.01583123233908, "B423": 254.3389174477037, "B424": 253.93007719442957, "B501": 255.86194520824256, "B502": 241.61780979715388, "B503": 239.074187096194, "B504": 261.5034379773349, "B505": 247.24256292691484, "B506": 254.15330122089028, "B507": 258.11961250729047, "B508": 255.44723194153627, "B509": 257.5175526898712, "B510": 256.0199595655023, "B511": 247.19759459787397, "B512": 248.833031825626, "B513": 261.07843555256693, "B514": 262.0435533367593, "B515": 258.8809801698407, "B516": 260.4303276157984, "B517": 260.6523911216817, "B518": 263.5449335099022, "B519": 247.9163212093445, "B520": 257.855089459646, "B521": 263.89581834842716, "B522": 258.29320466017214, "B523": 252.2680175822225, "B524": 252.71844817151143, "C101": 240.96905776631613, "C102": 247.97447285282783, "C103": 256.4990249460806, "C104": 255.42086315264905, "C105": 263.64205222010196, "C106": 254.8831133210715, "C107": 268.337262109957, "C108": 257.05006291458454, "C109": 246.27030926327117, "C110": 258.96144368352515, "C111": 252.9299384508503, "C112": 245.26370974638152, "C113": 250.8040037294446, "C114": 264.42958699997865, "C115": 252.83144986778868, "C116": 245.9179249653953, "C117": 251.60328502753816, "C118": 251.28791530999382, "C119": 252.7422213691643, "C120": 247.34864538769665, "C121": 245.32280013026784, "C122": 256.9273818990771, "C123": 243.36860681094504, "C124": 245.9367236819038, "C201": 260.77497541642157, "C202": 249.2769712554615, "C203": 258.6520212042791, "C204": 259.2245272114341, "C205": 250.75160964069346, "C206": 251.6683203173683, "C207": 262.9808879111454, "C208": 257.78977599512757, "C209": 256.8170934224, "C210": 246.42251009913727, "C211": 245.9663479961155, "C212": 250.41088441066424, "C213": 257.6769992123189, "C214": 257.10405143192924, "C215": 247.2875335153111, "C216": 251.4840843194687, "C217": 250.8320607846912, "C218": 254.65601890474647, "C219": 238.66122379604226, "C220": 249.39032503995875, "C221": 253.1003384998194, "C222": 250.96529500734397, "C223": 255.10092181793232, "C224": 252.57831119983916, "C301": 261.96279265673775, "C302": 246.7111320380793,