{"A101": 36.81197304635168, "A102": 32.257984633497806, "A103": 35.52083703619446, "A104": 37.42358232191141, "A105": 33.04013210254972, "A106": 30.837535851376288, "A107": 34.515333226667025, "A108": 38.49795994708107, "A109": 34.54554318839825, "A110": 36.597255000172396, "A111": 33.21905959926149, "A112": 35.230988163817116, "A113": 33.66253546975027, "A114": 33.051462636916035, "A115": 38.164819416449575, "A116": 31.648939049195672, "A117": 33.14130256913378, "A118": 40.1805969223212, "A119": 34.490208183555644, "A120": 36.94410817888269, "A121": 38.147150877313834, "A122": 38.92351928118858, "A123": 35.304981312049335, "A124": 31.65118962916491, "A201": 31.927577982459724, "A202": 40.338234964459886, "A203": 36.555379825628115, "A204": 32.04194088684545, "A205": 34.92762524129819, "A206": 33.84837572904166, "A207": 33.03274602913357, "A208": 34.696127725761734, "A209": 34.49301747690169, "A210": 32.955596470993044, "A211": 31.90264979428903, "A212": 38.00748040336035, "A213": 34.716314639100155, "A214": 34.554344244806934, "A215": 37.461968646274315, "A216": 35.70366129226915, "A217": 35.08509871256436, "A218": 32.48976881734015, "A219": 34.026979879348204, "A220": 33.53368516360693, "A221": 30.811779693605825, "A222": 36.26764462672987, "A223": 34.639902631337186, "A224": 36.66938588079106, "A301": 32.55908709264588, "A302": 32.74172361195701, "A303": 34.082768895837326, "A304": 34.11195306707934, "A305": 36.08400824275299, "A306": 35.17560377477547, "A307": 37.33022523612313, "A308": 31.846469152724495, "A309": 37.19010565235636, "A310": 33.673354410880975, "A311": 32.982660413811246, "A312": 33.16543416017274, "A313": 40.87401845274454, "A314": 40.10505785290917, "A315": 36.69264684702628, "A316": 39.460846400734304, "A317": 30.271456178123064, "A318": 32.40580726205677, "A319": 35.839844972151084, "A320": 29.43227113448498, "A321": 31.92957932941622, "A322": 30.075206746720838, "A323": 31.1645867624816, "A324": 35.94541434609115, "A401": 32.39216203787337, "A402": 36.91265674591068, "A403": 35.21481827320384, "A404": 30.178420412055033, "A405": 36.08437013950832, "A406": 33.2687245679128, "A407": 34.66764439528557, "A408": 34.66538507101074, "A409": 36.1574306434537, "A410": 36.87118685120973, "A411": 37.457704476945224, "A412": 31.89251370139139, "A413": 34.21426401843012, "A414": 33.33032433018535, "A415": 34.918309199788794, "A416": 32.121306384616766, "A417": 38.162217219033366, "A418": 37.691600737575016, "A419": 32.534198310414254, "A420": 38.597873656605785, "A421": 36.323470788396946, "A422": 32.50603793745311, "A423": 28.12149764261664, "A424": 32.964309067624235, "A501": 33.08260292082766, "A502": 34.96489022097792, "A503": 36.44920317942548, "A504": 38.56033477753713, "A505": 34.256298677883024, "A506": 34.31835946161167, "A507": 33.55493628365679, "A508": 31.76879201387182, "A509": 33.230833260331664, "A510": 36.079633754201424, "A511": 33.603900665978465, "A512": 31.12862308204107, "A513": 33.151872799082994, "A514": 35.54857657003156, "A515": 34.696489454828395, "A516": 37.18763739146093, "A517": 37.35751395268404, "A518": 37.1522193886686, "A519": 33.83847164733692, "A520": 30.767437852612943, "A521": 37.03692324248341, "A522": 33.62305342328387, "A523": 36.28040820290807, "A524": 36.0404067407814, "B101": 35.659088283616846, "B102": 36.7264791949163, "B103": 34.89681135419573, "B104": 31.41461577024339, "B105": 32.77811870966256, "B106": 37.27286649045625, "B107": 37.26159832898898, "B108": 32.56982856919549, "B109": 37.645164996302476, "B110": 35.83653317335951, "B111": 32.5342853109359, "B112": 37.66802518518748, "B113": 35.31272234799304, "B114": 34.06157838839946, "B115": 32.21196387799202, "B116": 37.169349999962485, "B117": 29.543658077707708, "B118": 34.337596522752506, "B119": 40.629625490352346, "B120": 32.04367600709864, "B121": 34.06162394901667, "B122": 31.94703306722444, "B123": 35.27666310381426, "B124": 35.8410839436482, "B201": 32.48239705176237, "B202": 32.65693226486317, "B203": 37.1561982449485, "B204": 37.445848725110835, "B205": 30.8059227446894, "B206": 37.058403337732834, "B207": 33.55469751884971, "B208": 30.90593569465597, "B209": 37.0143012942452, "B210": 34.40080546537467, "B211": 35.563758749424956, "B212": 32.01134684242935, "B213": 31.60202628323798, "B214": 38.263549728446726, "B215": 41.933654667810394, "B216": 36.31530137324733, "B217": 36.78321376245963, "B218": 33.69011252780011, "B219": 34.59232761321539, "B220": 34.60180607377108, "B221": 39.724464702157306, "B222": 35.726190557292455, "B223": 34.177886573837675, "B224": 36.86755675404318, "B301": 34.757156108242306, "B302": 28.219578801690446, "B303": 34.31178127454288, "B304": 32.04563020365604, "B305": 33.177240203323954, "B306": 31.701388887056943, "B307": 30.77486524855936, "B308": 36.1242919011944, "B309": 34.928794150014205, "B310": 36.45779634016435, "B311": 37.07099640021376, "B312": 34.50557443077784, "B313": 33.58689344692357, "B314": 34.934384353479594, "B315": 34.12737631272418, "B316": 34.44491644051028, "B317": 35.68618723126234, "B318": 36.974189985562, "B319": 35.24288358070022, "B320": 40.62381604575385, "B321": 30.386601767253524, "B322": 34.13537415970224, "B323": 35.98644196181523, "B324": 38.079922117615205, "B401": 35.90812718395627, "B402": 32.37514212282893, "B403": 37.13546901870462, "B404": 38.54658547534892, "B405": 35.78564048843881, "B406": 34.56559559634659, "B407": 34.225338564408254, "B408": 36.5765447019553, "B409": 36.426306159814835, "B410": 33.91576719926392, "B411": 35.31140309155255, "B412": 35.36665888343661, "B413": 38.614673166692576, "B414": 35.242108517518325, "B415": 34.37936903474962, "B416": 33.97435515298627, "B417": 32.064381489122276, "B418": 37.27504129989363, "B419": 36.918631928698886, "B420": 33.54033328576325, "B421": 32.73802892930358, "B422": 34.39777916434487, "B423": 32.281449721643085, "B424": 34.5914294423744, "B501": 35.99240134396461, "B502": 31.701250518457357, "B503": 32.13990129032695, "B504": 36.41715194512533, "B505": 32.22202657500984, "B506": 37.53371604467394, "B507": 33.0937447345021, "B508": 35.61133996253835, "B509": 38.451675780421105, "B510": 30.298219024673966, "B511": 36.036663537123765, "B512": 33.21698279450112, "B513": 33.969354556021734, "B514": 36.97504235763637, "B515": 35.471091638028646, "B516": 29.458574940265965, "B517": 39.189613503219086, "B518": 38.49306343435481, "B519": 35.39039622466081, "B520": 33.176809088873036, "B521": 35.04101056729933, "B522": 37.654660734997506, "B523": 35.18215143141089, "B524": 32.839925592206534, "C101": 33.90906193188688, "C102": 38.22204542450636, "C103": 36.84072120262482, "C104": 33.931710447420166, "C105": 34.61903904367556, "C106": 39.73881622026963, "C107": 40.95711608736351, "C108": 30.474437457655807, "C109": 32.15257324178896, "C110": 36.06472606507019, "C111": 32.6589681226627, "C112": 34.58629303670828, "C113": 35.946269351821414, "C114": 33.07644646423128, "C115": 35.60546479134445, "C116": 34.59110908409501, "C117": 33.83781504713437, "C118": 34.620490570805025, "C119": 33.07522805337657, "C120": 35.186981144568726, "C121": 31.47864609414812, "C122": 36.9663000912776, "C123": 34.66970295489561, "C124": 31.987185267157884, "C201": 32.37620786352614, "C202": 37.07725661438145, "C203": 34.89434702033621, "C204": 33.84191498478583, "C205": 34.09866292077736, "C206": 39.0281127467809, "C207": 35.12025232088835, "C208": 35.879364139466404, "C209": 34.74264501342949, "C210": 34.51941242649699, "C211": 34.11629239306555, "C212": 31.776329938294104, "C213": 39.35588217409569, "C214": 39.15910432468677, "C215": 31.683160551921386, "C216": 34.38054234546854, "C217": 34.36371851580016, "C218": 36.939258802250755, "C219": 31.792617578454564, "C220": 36.64994160434799, "C221": 34.90502273245597, "C222": 35.670287997125556, "C223": 33.99724386182646, "C224": 32.749923216191874, "C301": 36.27052062620131, "C302": 33.852840369063756, "C303": 35.71053690299052, "C304": 36.56402367979376, "C305": 37.36728703169958,