{"A101": 277.647917303, "A102": 269.2048668895301, "A103": 277.0180786353959, "A104": 275.40852007377464, "A105": 276.21784531350687, "A106": 263.1964083198993, "A107": 274.73737577625576, "A108": 282.7243087791326, "A109": 255.44362913222514, "A110": 265.900497364253, "A111": 265.559218263803, "A112": 276.9095722742249, "A113": 266.82111679111523, "A114": 272.9777489575068, "A115": 273.1537986277647, "A116": 267.58239848162106, "A117": 267.453222935235, "A118": 288.1306210366586, "A119": 272.11662550769927, "A120": 275.287265067439, "A121": 267.22477582185866, "A122": 285.4354087723676, "A123": 277.55908034626594, "A124": 269.7330843155971, "A201": 265.32300656252676, "A202": 280.0930380495454, "A203": 274.74178399763275, "A204": 264.11205798792525, "A205": 269.85540332896426, "A206": 274.0286130098831, "A207": 277.85370879207665, "A208": 270.46900816853866, "A209": 275.0206983757991, "A210": 271.0147776767108, "A211": 264.72443711054234, "A212": 285.514818247735, "A213": 279.00199655920915, "A214": 258.2405309659549, "A215": 275.50585792243993, "A216": 263.7024742320013, "A217": 263.23122650499545, "A218": 270.75202666129917, "A219": 278.4515240294574, "A220": 280.5113755622705, "A221": 264.2453598249805, "A222": 267.80396846971547, "A223": 280.8443401187587, "A224": 263.5514788007136, "A301": 272.30893002030285, "A302": 276.16023384449977, "A303": 265.15402589979567, "A304": 269.9628852069922, "A305": 273.5477047248647, "A306": 277.4645872583652, "A307": 274.90478048976297, "A308": 275.8518704297413, "A309": 263.10063025697036, "A310": 276.5127363506924, "A311": 278.1142319703233, "A312": 264.4557921396686, "A313": 277.4591390385258, "A314": 274.16654679077897, "A315": 271.17962326786875, "A316": 281.2903941635496, "A317": 252.0746521372074, "A318": 268.9631457284071, "A319": 274.0132712781753, "A320": 263.92251873107637, "A321": 256.5862611864242, "A322": 273.2003695888583, "A323": 266.43111227241593, "A324": 273.82464591763915, "A401": 274.0232900047566, "A402": 271.2479174081261, "A403": 265.5061154997943, "A404": 269.41684185248323, "A405": 276.5141868413608, "A406": 267.09950376956834, "A407": 272.6877654713208, "A408": 269.7073506300031, "A409": 270.76228303623157, "A410": 278.24459148028876, "A411": 275.05833715362104, "A412": 268.6552631461091, "A413": 258.79217906980256, "A414": 260.15772442237557, "A415": 280.60049561243466, "A416": 277.66888534960145, "A417": 281.5551512099864, "A418": 273.6411037784318, "A419": 258.32922836799054, "A420": 273.8921145323978, "A421": 266.2467106856506, "A422": 267.7767368483411, "A423": 265.1772044502067, "A424": 267.09061785270296, "A501": 265.37933913865845, "A502": 274.7708630913056, "A503": 279.3652017929564, "A504": 271.64561544270254, "A505": 273.9126060366239, "A506": 263.8229263174039, "A507": 280.46578371393036, "A508": 268.13307564584534, "A509": 274.36037975670894, "A510": 278.32952902973113, "A511": 278.67341914176666, "A512": 270.26068913405817, "A513": 265.57339854974407, "A514": 273.40690194205774, "A515": 274.76259689809285, "A516": 276.3287655765185, "A517": 276.0645508996221, "A518": 268.08776730909756, "A519": 282.4164367542314, "A520": 281.17116849901987, "A521": 278.76137042007775, "A522": 265.4574763663488, "A523": 275.452492096093, "A524": 277.9423513963869, "B101": 262.6692431314713, "B102": 266.184455795087, "B103": 281.53318920151327, "B104": 264.0194888810522, "B105": 264.0198601039015, "B106": 280.2928415952014, "B107": 263.0868868146047, "B108": 268.43347779463744, "B109": 272.9319787176531, "B110": 269.1229847844645, "B111": 264.21549244826804, "B112": 279.0190614634115, "B113": 278.4141833750681, "B114": 275.9070468622876, "B115": 263.2132310997643, "B116": 273.98605695480364, "B117": 278.8299442035462, "B118": 276.3548678677401, "B119": 271.1600007314025, "B120": 259.53491420046436, "B121": 276.6416850318207, "B122": 268.81057961909465, "B123": 262.14748399386474, "B124": 268.8055041277283, "B201": 266.4173227827162, "B202": 260.0117946479018, "B203": 285.1355005109006, "B204": 276.45516500231315, "B205": 279.2683205651787, "B206": 273.44888495245164, "B207": 265.16521507769426, "B208": 263.57031365735287, "B209": 268.65517457479035, "B210": 276.9594682095196, "B211": 263.283444121794, "B212": 263.51832289446486, "B213": 266.7837218233198, "B214": 281.11912071727363, "B215": 281.27806774022685, "B216": 280.35895320704327, "B217": 268.2189418653598, "B218": 279.2481034284938, "B219": 278.28908368823795, "B220": 259.67125464719675, "B221": 284.54802121925763, "B222": 274.3199113961973, "B223": 271.82183298798947, "B224": 261.7423429140969, "B301": 270.30575892585745, "B302": 263.832370620731, "B303": 265.5807729860467, "B304": 270.64336549218496, "B305": 275.8865896182556, "B306": 278.47106445013577, "B307": 275.2409086538168, "B308": 280.46154175613776, "B309": 274.9842721209404, "B310": 272.16621011189403, "B311": 285.3544769265933, "B312": 269.0971901124404, "B313": 264.48927952277796, "B314": 262.3076290130624, "B315": 262.7264435418426, "B316": 276.6558527358874, "B317": 271.84696815930596, "B318": 278.4079549709439, "B319": 264.98792740758984, "B320": 274.17045358189023, "B321": 276.5951328717355, "B322": 273.47563453226144, "B323": 283.6389940397937, "B324": 279.0288684947124, "B401": 268.85601835482703, "B402": 261.1621004736313, "B403": 272.4507909904754, "B404": 268.3400311006875, "B405": 267.8652592580856, "B406": 288.4705735071831, "B407": 257.7007484809552, "B408": 275.61852808159955, "B409": 275.52512233191993, "B410": 269.2732418036698, "B411": 280.37187560627814, "B412": 270.79651049960586, "B413": 282.20637954624175, "B414": 272.3096998033541, "B415": 280.6699837907208, "B416": 268.4877580539734, "B417": 273.1096550000961, "B418": 271.78226794826105, "B419": 265.11841603128244, "B420": 267.342064593146, "B421": 261.97052978554956, "B422": 267.26121372001955, "B423": 273.032912585119, "B424": 275.94728169057805, "B501": 276.3341409847301, "B502": 260.2614873655061, "B503": 258.60104764688725, "B504": 279.7149068562249, "B505": 262.2428556904957, "B506": 274.3458804747137, "B507": 278.19930917843516, "B508": 272.65563697124, "B509": 276.5812211595129, "B510": 273.72085976880396, "B511": 265.89341255145206, "B512": 266.27307943352315, "B513": 277.5419362844044, "B514": 278.2466136714078, "B515": 275.3039245319919, "B516": 281.2659022558933, "B517": 276.78040544441, "B518": 283.42627825610356, "B519": 267.78137731225667, "B520": 277.7256175877896, "B521": 284.1940289465637, "B522": 276.4860083614343, "B523": 269.4432849768876, "B524": 273.4846544532469, "C101": 262.20640981856417, "C102": 268.1982531340604, "C103": 275.69991386444707, "C104": 274.34555331867904, "C105": 283.3341625881037, "C106": 275.88252613033563, "C107": 283.8931311551485, "C108": 273.0540079692995, "C109": 264.3252933064419, "C110": 278.16767648034033, "C111": 269.4197706654169, "C112": 262.72817249937674, "C113": 272.4481433587985, "C114": 281.9498533872973, "C115": 271.15079698122133, "C116": 265.7350806472622, "C117": 269.2612176745217, "C118": 268.0287576572842, "C119": 272.78843442536754, "C120": 268.42625989190134, "C121": 263.2243616584098, "C122": 278.3216663137148, "C123": 260.7914734693343, "C124": 263.01632295956904, "C201": 279.96192679519805, "C202": 264.99019653318663, "C203": 277.2517421968692, "C204": 277.01128213139907, "C205": 270.6563205818188, "C206": 269.2232062627165, "C207": 283.8998940242636, "C208": 279.27102911003175, "C209": 276.5034575815758, "C210": 265.94599194689397, "C211": 264.0313151542201, "C212": 268.77106189216914, "C213": 274.8390592165579, "C214": 276.0683424600851, "C215": 267.55459145511094, "C216": 268.51152193894416, "C217": 268.60016202114605, "C218": 275.57219100056864, "C219": 254.9546642076336, "C220": 265.03746711028316, "C221": 273.22697773313905, "C222": 268.84173218476485, "C223": 272.3021658190696, "C224": 272.0222153130935, "C301": 279.8198808856763, "C302": 266.3394283118818, "C303": 271.28671529219076, "C304": 269.6250115200012,