{"A101": 319.12799010344884, "A102": 314.8385090808988, "A103": 320.82863059134075, "A104": 316.37569368464403, "A105": 319.90249300515364, "A106": 306.38284311675307, "A107": 320.43367459036085, "A108": 324.6869755199781, "A109": 292.062942443911, "A110": 308.4588924154572, "A111": 307.8151560673822, "A112": 317.22880366187286, "A113": 307.972649567464, "A114": 318.6410736710233, "A115": 315.57582721790584, "A116": 308.3533268305506, "A117": 311.37967629342637, "A118": 330.6748247005898, "A119": 314.1446968831443, "A120": 317.70752691417215, "A121": 305.8486897951245, "A122": 328.1274042890325, "A123": 317.5214166317497, "A124": 311.8639645240209, "A201": 311.22862655459204, "A202": 318.83749637262105, "A203": 312.1134464070448, "A204": 306.5156139458113, "A205": 311.4290358774358, "A206": 314.19071946653315, "A207": 319.625042169525, "A208": 316.57936528280044, "A209": 316.99034826492806, "A210": 311.2753726873643, "A211": 304.9252331910118, "A212": 328.2795589473096, "A213": 322.46339190863415, "A214": 305.651312831642, "A215": 320.36834352775213, "A216": 309.0054744884751, "A217": 306.1442584303072, "A218": 319.8228048767047, "A219": 319.0708459801331, "A220": 324.0817721431956, "A221": 304.2996888877746, "A222": 307.9796227345901, "A223": 319.2547169224257, "A224": 307.79719651728766, "A301": 316.8197771968554, "A302": 318.6941302443652, "A303": 309.6148245590577, "A304": 314.6222034909942, "A305": 314.6498513921917, "A306": 317.3303006327779, "A307": 317.8339262511673, "A308": 322.68835711933735, "A309": 309.2138257373467, "A310": 316.6163058709205, "A311": 320.2661762572416, "A312": 306.53783330535344, "A313": 319.9800438170441, "A314": 317.4857036871283, "A315": 315.1140613194745, "A316": 328.3101648128312, "A317": 297.75975762581953, "A318": 310.4102302994918, "A319": 314.3970838487269, "A320": 304.80065730787516, "A321": 303.8077781262577, "A322": 317.1189591968828, "A323": 308.34557935552, "A324": 310.7977723543521, "A401": 317.1388756701741, "A402": 313.9457305414484, "A403": 309.14240535543917, "A404": 314.22735834445376, "A405": 316.9156053644165, "A406": 307.95736075324356, "A407": 319.4172350331656, "A408": 310.3243645356779, "A409": 310.4374343845476, "A410": 317.67060866601116, "A411": 319.6476006792313, "A412": 308.6938193055593, "A413": 303.32241255821884, "A414": 302.23268958631735, "A415": 327.90399001854655, "A416": 318.4352916254158, "A417": 320.7207210868632, "A418": 311.6135666662709, "A419": 304.1733552549378, "A420": 313.6122861530452, "A421": 308.9362094209099, "A422": 311.32813703974296, "A423": 308.79932997493694, "A424": 311.4072018031994, "A501": 309.3630133091882, "A502": 315.51341722555, "A503": 321.25615772527294, "A504": 316.3391840727816, "A505": 316.6053658113083, "A506": 305.93259692711143, "A507": 323.40541851511523, "A508": 313.91963585540566, "A509": 318.5683684853673, "A510": 317.5124539005801, "A511": 322.69853905324874, "A512": 312.7739112101315, "A513": 309.97090165444195, "A514": 314.03284367825023, "A515": 315.8412325290213, "A516": 320.8768684117956, "A517": 322.0600926249378, "A518": 310.2576972040703, "A519": 323.08067152786697, "A520": 321.4550804831614, "A521": 324.81541200884607, "A522": 310.43015992103176, "A523": 316.0103657080827, "A524": 318.39988905933546, "B101": 305.1948557574249, "B102": 306.4493983165619, "B103": 326.63246031699975, "B104": 309.63896768511785, "B105": 303.75186447450034, "B106": 324.4522072470806, "B107": 309.6670539325036, "B108": 313.41252870945635, "B109": 312.629089450344, "B110": 306.4634837135323, "B111": 307.33369661063267, "B112": 324.67925113431147, "B113": 324.8754284533423, "B114": 324.3396946311251, "B115": 305.5686978374126, "B116": 313.69328214592736, "B117": 328.2163975509538, "B118": 321.69170826169614, "B119": 314.67968582058705, "B120": 301.2826823241977, "B121": 317.804053543739, "B122": 310.0966809888198, "B123": 300.13587556477324, "B124": 311.7721996037713, "B201": 311.1686674350271, "B202": 300.6640680873069, "B203": 324.5990110709159, "B204": 318.061017400782, "B205": 319.36940020774887, "B206": 317.52632287281, "B207": 305.68467348034227, "B208": 307.9443939125937, "B209": 315.2031468427275, "B210": 319.2319505831664, "B211": 304.964666516591, "B212": 306.40899957572475, "B213": 310.69418968356746, "B214": 324.416780711206, "B215": 325.401456838524, "B216": 318.30994213224267, "B217": 308.6208044829702, "B218": 322.59674590363954, "B219": 324.71303999875386, "B220": 305.8362576885619, "B221": 328.3619913754222, "B222": 316.60936152067165, "B223": 319.0228708161622, "B224": 307.2377663739631, "B301": 316.27056595919095, "B302": 307.6323630124066, "B303": 305.03438255740434, "B304": 314.10140342510147, "B305": 317.10161334921304, "B306": 318.326079551136, "B307": 319.364364293764, "B308": 321.48264346411764, "B309": 319.40991648980594, "B310": 317.2786196674433, "B311": 325.9409149183169, "B312": 310.2832224510148, "B313": 307.09923221860026, "B314": 307.2898065064001, "B315": 307.3707125671289, "B316": 317.24348782919276, "B317": 317.87867188996916, "B318": 323.0309892920177, "B319": 303.5189333581059, "B320": 317.6619775502858, "B321": 318.09716273374147, "B322": 312.3421486635818, "B323": 323.80365633046733, "B324": 321.1311043794855, "B401": 311.5714175305842, "B402": 304.75564866086506, "B403": 315.3382243965595, "B404": 312.6343596295274, "B405": 304.69557874652816, "B406": 329.7677106069091, "B407": 298.7177319376221, "B408": 315.37166581619067, "B409": 316.5744006862949, "B410": 312.31991824883727, "B411": 316.21304430344776, "B412": 313.88705102705234, "B413": 321.8822580359027, "B414": 318.4586057086149, "B415": 321.609020019973, "B416": 315.75769573309884, "B417": 310.8890301812242, "B418": 310.3994938814912, "B419": 311.43961638955165, "B420": 306.82549216408034, "B421": 306.4207834071879, "B422": 310.2246347191589, "B423": 311.0803588583017, "B424": 322.08781422480735, "B501": 313.8693417542971, "B502": 305.44679709030305, "B503": 301.37765360386885, "B504": 324.58329150449634, "B505": 301.9320885638802, "B506": 320.0143749419986, "B507": 319.9797859531104, "B508": 313.8365127295568, "B509": 318.69627389987346, "B510": 315.89242891030415, "B511": 311.598342960024, "B512": 310.0328617568428, "B513": 319.3553356943605, "B514": 324.5761983973794, "B515": 312.05068706330155, "B516": 324.6651733925622, "B517": 324.01926558238137, "B518": 329.4794384178116, "B519": 315.64446092775313, "B520": 320.7400241852413, "B521": 329.81675720113185, "B522": 319.22207659776376, "B523": 310.1227706780588, "B524": 310.2687926590706, "C101": 305.9044023288907, "C102": 314.01700616933164, "C103": 322.68540406522357, "C104": 317.22199734536935, "C105": 323.64342463906775, "C106": 318.4814263834236, "C107": 324.79416564877323, "C108": 316.866136799679, "C109": 307.05826839585285, "C110": 321.1693633121007, "C111": 314.27046670510407, "C112": 306.7270362798221, "C113": 313.00123384728715, "C114": 326.6575644007388, "C115": 314.98360491435955, "C116": 307.7893044062385, "C117": 319.83407596129547, "C118": 311.01857836598117, "C119": 313.56103387828665, "C120": 313.45856355896996, "C121": 304.7431309886971, "C122": 320.31442437534736, "C123": 304.9266192759307, "C124": 309.7061779366425, "C201": 324.4005021109349, "C202": 312.7307348572204, "C203": 318.80463120388305, "C204": 323.3174270480611, "C205": 314.50398566658293, "C206": 309.52064231074814, "C207": 324.0161790688146, "C208": 321.2617932942924, "C209": 316.0785659702764, "C210": 309.6925387180279, "C211": 307.45904938800743, "C212": 307.4132785047214, "C213": 319.1441807911665, "C214": 317.93184820687213, "C215": 314.23210733797134, "C216": 311.34988969378816, "C217": 307.77949845390816, "C218": 316.9021504617017, "C219": 299.2629609627189, "C220": 310.01784925669836, "C221": 316.3555052903228, "C222": 312.2747265964448, "C223": 315.6585238749552, "C224": 315.35642889141303, "C301": 325.17950157700284, "C302": 308.754775317074, "C303": 315.13171107492616, "C304": 312.1070236083544,