{"A101": 213.8931096076053, "A102": 196.16905140990076, "A103": 204.1276766924232, "A104": 216.6924535168555, "A105": 204.45206913673064, "A106": 195.28072072281367, "A107": 208.885144351745, "A108": 215.2674177626881, "A109": 192.89401244075887, "A110": 209.08887101537084, "A111": 202.17036222749925, "A112": 206.45714546139158, "A113": 197.16752437319894, "A114": 206.05429184176938, "A115": 202.06336165305248, "A116": 201.7666467430146, "A117": 201.49100080644064, "A118": 217.73864838153042, "A119": 201.09567872652818, "A120": 206.26998725203032, "A121": 206.93338772600484, "A122": 215.35283644412561, "A123": 208.61723076009585, "A124": 199.3121460781324, "A201": 200.075647397554, "A202": 211.16972627390192, "A203": 196.6964080141466, "A204": 199.34237920740753, "A205": 205.6201377633185, "A206": 206.06770345641647, "A207": 210.12875692904765, "A208": 203.56213025581582, "A209": 206.02095072524028, "A210": 202.97791355653504, "A211": 198.75461943716692, "A212": 214.17577809766865, "A213": 208.17534450552847, "A214": 195.2305695493784, "A215": 211.94960286446772, "A216": 199.15845650065836, "A217": 202.9776456204982, "A218": 205.40107246395138, "A219": 204.92009558020345, "A220": 209.00730379136846, "A221": 199.95299004127526, "A222": 198.88310045989186, "A223": 213.83356670085462, "A224": 201.21442410831608, "A301": 200.7719069722351, "A302": 208.70529666705667, "A303": 199.5546866232749, "A304": 204.44596759895646, "A305": 211.9398687202922, "A306": 209.3452806475356, "A307": 213.59354623381066, "A308": 203.7347229033257, "A309": 196.9177042844095, "A310": 202.15101452657186, "A311": 210.70889980296985, "A312": 199.3057443057976, "A313": 213.81162612665585, "A314": 206.6220318467447, "A315": 205.0304395390775, "A316": 212.94003717825572, "A317": 192.4579558634897, "A318": 202.8717436419576, "A319": 199.53484955260154, "A320": 196.89171332742617, "A321": 188.25953152501708, "A322": 201.9138740631055, "A323": 197.67118469914828, "A324": 202.85323791049487, "A401": 207.40753151849327, "A402": 208.56769339939876, "A403": 200.07180097538296, "A404": 206.11026507856536, "A405": 212.53099647577145, "A406": 202.6659279189487, "A407": 201.25645905316554, "A408": 204.8342706067143, "A409": 199.338465539788, "A410": 211.75340151369255, "A411": 207.95255472020165, "A412": 205.32383516198425, "A413": 193.76323053997433, "A414": 196.87322952712404, "A415": 213.2686894307022, "A416": 205.45372560529987, "A417": 217.26645835823308, "A418": 204.11221481589854, "A419": 195.74074072206767, "A420": 208.33111852848623, "A421": 201.18374474801712, "A422": 196.96297893388316, "A423": 200.13317595822227, "A424": 203.37992399237146, "A501": 197.5754883895582, "A502": 209.74348160492835, "A503": 212.53622838264872, "A504": 208.8502959293706, "A505": 201.616210074811, "A506": 200.0285625702098, "A507": 212.2624152188056, "A508": 195.69916741782168, "A509": 206.667225468828, "A510": 202.76369584429116, "A511": 214.9504672536782, "A512": 201.4602046885396, "A513": 195.5777459499379, "A514": 206.062645493027, "A515": 203.14376482181135, "A516": 213.17309934058136, "A517": 211.8638320749936, "A518": 202.98458716926208, "A519": 212.63136232608525, "A520": 213.414073973661, "A521": 208.3039063907827, "A522": 201.57527144315353, "A523": 209.12419500255416, "A524": 207.82137552098638, "B101": 197.2127085838584, "B102": 198.8486954742625, "B103": 215.50588057843768, "B104": 197.64334572149755, "B105": 199.40773250420378, "B106": 215.4851780453967, "B107": 199.43317874128053, "B108": 203.3889812751806, "B109": 211.13706191411035, "B110": 201.34068091386877, "B111": 202.4978429408159, "B112": 211.51581105538472, "B113": 213.69558376268483, "B114": 204.5392602037583, "B115": 198.96096478329827, "B116": 207.74162275276842, "B117": 211.2958383402418, "B118": 201.37815123453643, "B119": 205.53841293702962, "B120": 190.14573569863265, "B121": 211.9364371416407, "B122": 203.20231369993203, "B123": 197.33956573362084, "B124": 201.2865706108507, "B201": 202.0688738351018, "B202": 193.83052309756224, "B203": 213.7107956854128, "B204": 206.63057939119952, "B205": 209.8921114569104, "B206": 202.26650327672002, "B207": 199.82647730108823, "B208": 200.66650799101512, "B209": 204.53500037790093, "B210": 208.98385038167885, "B211": 195.31696961924877, "B212": 196.00633257998146, "B213": 202.36364508933605, "B214": 210.25921013742615, "B215": 213.3991396550132, "B216": 211.99015928017818, "B217": 208.83274438842724, "B218": 212.70250184734135, "B219": 210.7856867498888, "B220": 196.46059026524887, "B221": 215.61333796411824, "B222": 210.03857698120075, "B223": 206.6960488096022, "B224": 198.64589580424425, "B301": 207.7558186123027, "B302": 201.548730665474, "B303": 201.20483070526055, "B304": 205.2835212141912, "B305": 206.94324107906132, "B306": 215.15299462495062, "B307": 206.56067959917033, "B308": 218.31866999494423, "B309": 204.19691713235423, "B310": 205.13667789398443, "B311": 218.3407696997924, "B312": 202.97105046660053, "B313": 197.9633246087779, "B314": 196.36252281366765, "B315": 200.57605291111523, "B316": 210.41261073014678, "B317": 203.2759017662483, "B318": 214.99449938735063, "B319": 202.24936798936145, "B320": 209.80065080488012, "B321": 206.1587763288569, "B322": 208.01247180565542, "B323": 221.21017898061416, "B324": 206.0981919192793, "B401": 200.82037195795, "B402": 203.1715173790634, "B403": 211.14131004135595, "B404": 200.99217106217836, "B405": 198.83786973382814, "B406": 218.09319109195917, "B407": 194.27567522577542, "B408": 205.5390731976684, "B409": 204.37139881180025, "B410": 202.04095656549754, "B411": 208.17549536569067, "B412": 208.0219795986378, "B413": 215.90027632818615, "B414": 206.84205837710076, "B415": 208.63627387307656, "B416": 201.96418968188206, "B417": 206.78944803229513, "B418": 208.3880893115961, "B419": 204.32682450032087, "B420": 197.18480933402145, "B421": 197.47537945827645, "B422": 205.2144242874128, "B423": 204.5814435577541, "B424": 206.03853133489392, "B501": 209.56655006162114, "B502": 199.35680802654133, "B503": 191.80261201897815, "B504": 212.4167801532095, "B505": 199.06212250405616, "B506": 202.41435373542234, "B507": 208.61492346026336, "B508": 205.01856395477574, "B509": 208.1837573093963, "B510": 208.5541177564946, "B511": 198.70462215694835, "B512": 205.00687375820627, "B513": 213.81247362190572, "B514": 211.4176520226967, "B515": 208.8771257305327, "B516": 212.14005754586822, "B517": 211.39641612780812, "B518": 220.29542761747504, "B519": 201.412995412407, "B520": 209.7841649836931, "B521": 217.0987686076422, "B522": 209.56558614513173, "B523": 203.9286547930237, "B524": 209.03489050833937, "C101": 194.19284895519414, "C102": 204.48426949301782, "C103": 206.75416054449008, "C104": 206.43024841908692, "C105": 215.2725294500415, "C106": 206.13525690571473, "C107": 215.82564069017306, "C108": 206.83983540275042, "C109": 202.7513331724293, "C110": 208.19970909063608, "C111": 209.09313360832945, "C112": 197.12778455943672, "C113": 202.02561418858477, "C114": 213.9318428946267, "C115": 204.8392407252505, "C116": 200.66100478650384, "C117": 202.07200268854646, "C118": 203.5668638383284, "C119": 198.8284848852625, "C120": 197.69573250449392, "C121": 197.3973670765449, "C122": 206.64395881354136, "C123": 199.12829269235618, "C124": 201.35300787349595, "C201": 214.43995091495177, "C202": 201.105868384382, "C203": 210.78808880607733, "C204": 208.10874030409886, "C205": 205.31437946456694, "C206": 205.64005642197986, "C207": 215.45384938240971, "C208": 208.14271859955952, "C209": 212.53264489187578, "C210": 201.17101259798295, "C211": 198.09623058038972, "C212": 202.91759592056363, "C213": 207.4999623672369, "C214": 212.65127995607156, "C215": 199.77232511208717, "C216": 205.56072737905433, "C217": 202.74738132483736, "C218": 202.42051198816935, "C219": 194.45721786640138, "C220": 201.7602998856387, "C221": 203.5424118953798, "C222": 200.30344056353402, "C223": 203.86018126126217, "C224": 205.29432962301198, "C301": 210.11976410263378,