{"A101": 159.44063173418928, "A102": 141.66727350062942, "A103": 155.8969281665864, "A104": 161.40518985323635, "A105": 151.0721189882136, "A106": 145.77117719846683, "A107": 151.432316854378, "A108": 161.41304303362085, "A109": 144.07744481645418, "A110": 154.55403698883967, "A111": 150.43190284816833, "A112": 151.31130593205, "A113": 146.31292044100013, "A114": 154.0572963772045, "A115": 144.80335056194298, "A116": 150.45416569320605, "A117": 145.32036776102382, "A118": 165.08971140458019, "A119": 148.83337158830278, "A120": 151.88418966868767, "A121": 149.13751414324855, "A122": 157.04278836262745, "A123": 153.8051671531809, "A124": 150.5530034801954, "A201": 149.40947734479252, "A202": 161.4446699052228, "A203": 146.78546473426755, "A204": 149.66770044565274, "A205": 152.0070450790954, "A206": 153.16610722238124, "A207": 156.67858142692612, "A208": 151.86337370949025, "A209": 152.458886965947, "A210": 148.50042334908184, "A211": 146.19262607281712, "A212": 166.01166435756352, "A213": 152.94514793361125, "A214": 146.3654824666947, "A215": 161.04674803168305, "A216": 145.86566202320932, "A217": 150.34580606479093, "A218": 154.16176146496554, "A219": 152.56466551494088, "A220": 147.59464961030028, "A221": 147.1825572265326, "A222": 145.22785478436376, "A223": 158.61594774872268, "A224": 147.05007841096574, "A301": 142.04532567238988, "A302": 151.2119417290401, "A303": 148.3656330975482, "A304": 148.5599844175664, "A305": 155.2799557581332, "A306": 155.29468091029202, "A307": 154.9291353995394, "A308": 147.25953591910692, "A309": 145.45352881327327, "A310": 149.13745655184226, "A311": 154.6763944234591, "A312": 147.31836619387929, "A313": 162.45740899807254, "A314": 154.81841029084828, "A315": 154.363909734894, "A316": 153.68798834607597, "A317": 142.07290980076434, "A318": 145.4475831720483, "A319": 146.29840336562202, "A320": 148.41612421349714, "A321": 140.71941809645554, "A322": 150.50998853236482, "A323": 143.70328111659407, "A324": 149.14382496924614, "A401": 153.70963898368677, "A402": 154.03948479722737, "A403": 149.9015582878763, "A404": 148.9313991029019, "A405": 161.2888756804783, "A406": 149.9189889059302, "A407": 149.27304321832327, "A408": 151.87993625015756, "A409": 152.08346911404868, "A410": 162.2281487189385, "A411": 157.81125550783128, "A412": 149.0484626086252, "A413": 142.9089166739782, "A414": 142.3098675998938, "A415": 157.63511799847774, "A416": 152.46395282210094, "A417": 158.922152069762, "A418": 151.3502184660965, "A419": 145.7277506480964, "A420": 155.70288338013506, "A421": 149.36780422004068, "A422": 147.74128306114397, "A423": 144.5875382688481, "A424": 156.2347144798289, "A501": 146.90808147884056, "A502": 154.9853214747648, "A503": 160.13483926834294, "A504": 156.01468700222904, "A505": 154.100456489376, "A506": 152.04362635920734, "A507": 159.84350675568336, "A508": 143.30654991042297, "A509": 149.37020348089268, "A510": 152.3372689691446, "A511": 159.33998921031488, "A512": 149.42060475424725, "A513": 142.81475394108872, "A514": 152.48895652235566, "A515": 148.85604328903457, "A516": 156.94286702459135, "A517": 155.47557531261418, "A518": 150.1571544057595, "A519": 153.28458036131917, "A520": 156.32993585553547, "A521": 150.83736922829726, "A522": 147.84329012387073, "A523": 155.48626920908947, "A524": 151.89350227334054, "B101": 149.28756961039244, "B102": 148.87200217606178, "B103": 159.44436565056066, "B104": 148.0618233367776, "B105": 142.77688810760569, "B106": 161.62913471300462, "B107": 149.0400470538766, "B108": 149.79035321869742, "B109": 155.97622890947255, "B110": 153.68059107861893, "B111": 152.42096035306187, "B112": 157.64158527020535, "B113": 161.89779035079394, "B114": 150.56116643186434, "B115": 147.31705513366444, "B116": 153.79173948410158, "B117": 157.91943772725568, "B118": 146.72631328894155, "B119": 157.0611362978986, "B120": 140.29721176568225, "B121": 159.17412531402917, "B122": 152.48588415387044, "B123": 145.25561219307895, "B124": 145.46907201260743, "B201": 149.96863146805552, "B202": 144.31693975840793, "B203": 163.613934929183, "B204": 151.26544548049296, "B205": 151.83617460850832, "B206": 150.40683657725563, "B207": 146.7895593313758, "B208": 144.0696063453146, "B209": 151.98497343367785, "B210": 153.20101808725735, "B211": 146.79415355760761, "B212": 145.3457181179182, "B213": 150.99510088028396, "B214": 155.8319273539227, "B215": 161.3538859310991, "B216": 156.54489409394023, "B217": 160.7270980796735, "B218": 158.80227036466277, "B219": 158.12255894964525, "B220": 142.84526131007286, "B221": 157.45120817889799, "B222": 155.60235774674837, "B223": 154.23325029273533, "B224": 149.39454908970475, "B301": 152.84313552888068, "B302": 146.77804336926064, "B303": 152.25318076120027, "B304": 154.45312121989124, "B305": 154.841006491958, "B306": 163.84059192342073, "B307": 153.25977729147183, "B308": 164.15349252298228, "B309": 152.38363373692547, "B310": 151.46920025596145, "B311": 162.0731099234507, "B312": 144.884623752316, "B313": 146.98073045017298, "B314": 148.3696122439321, "B315": 148.8003149147665, "B316": 149.9777353823999, "B317": 146.10633922609156, "B318": 161.80296775189925, "B319": 151.41115505941005, "B320": 159.13239731751085, "B321": 152.2121893923147, "B322": 155.6076472659328, "B323": 163.0941490045611, "B324": 154.73625510871668, "B401": 150.18095436448397, "B402": 148.85620873354216, "B403": 151.0286562661778, "B404": 152.36565195026907, "B405": 147.21116512538921, "B406": 159.6806189629127, "B407": 144.9075439540244, "B408": 155.0211960528748, "B409": 152.9913865417497, "B410": 149.8127995750414, "B411": 154.5320086111034, "B412": 154.4071869178996, "B413": 161.15351676930365, "B414": 148.9104424842087, "B415": 158.18229901856884, "B416": 148.79978231987272, "B417": 151.24647331042834, "B418": 156.26770373892515, "B419": 150.08281288606136, "B420": 145.1903738008456, "B421": 147.9267536457396, "B422": 149.3634768842354, "B423": 149.67354609076986, "B424": 146.9071228097769, "B501": 151.85376171022094, "B502": 144.30357111397848, "B503": 142.04745715444344, "B504": 155.76092470874778, "B505": 148.65018901559935, "B506": 148.35066366537967, "B507": 152.27122576636935, "B508": 151.34296712595912, "B509": 154.0268585092991, "B510": 153.31454423081925, "B511": 147.7499561621366, "B512": 150.9408067388149, "B513": 158.0219214345394, "B514": 157.4530783775784, "B515": 153.71168581672342, "B516": 155.37389575291385, "B517": 158.4085332295226, "B518": 162.2047466127845, "B519": 151.15487488271935, "B520": 154.75971067045182, "B521": 161.75750526045567, "B522": 157.03854078334086, "B523": 149.7132639659396, "B524": 153.75306960942734, "C101": 145.0172579318987, "C102": 156.43983589154433, "C103": 151.03936885061705, "C104": 155.3684103136305, "C105": 158.88785158344473, "C106": 153.08589904678422, "C107": 159.4629562475318, "C108": 148.7156591028612, "C109": 153.29940767394592, "C110": 158.03653950026322, "C111": 150.5173770075325, "C112": 146.29005582999307, "C113": 144.48790654098295, "C114": 157.23578114995846, "C115": 152.08474701571924, "C116": 149.5502695399232, "C117": 150.3134714305519, "C118": 150.0543883673744, "C119": 147.25154327363768, "C120": 144.32773171377806, "C121": 144.51882564839974, "C122": 151.74553434168246, "C123": 151.6812029509031, "C124": 149.6419975365658, "C201": 162.62300344549013, "C202": 150.03974594441178, "C203": 155.2669949288658, "C204": 152.69669731549925, "C205": 153.19751877500102, "C206": 156.0086124078388, "C207": 162.9400537025474, "C208": 152.0843956211252, "C209": 155.42727320169467, "C210": 147.5748559855697, "C211": 147.72995032201095, "C212": 148.53646007416236, "C213": 155.04176525426084, "C214": 158.4233696204142, "C215": 148.58627885659354, "C216": 153.98126111970788, "C217": 148.09331608096915, "C218": 154.81947618758747, "C219": 140.66131657661182, "C220": 146.80390926064496, "C221": 152.65346258786397, "C222": 146.33735347265375, "C223": 153.15615497001028, "C224": 149.99415852232775, "C301": 153.43593141123347,