{"A101": 307.40608444075457, "A102": 300.9136688085651, "A103": 308.22456743742447, "A104": 304.34006115427525, "A105": 308.1302895427445, "A106": 291.01476233143586, "A107": 304.07919641291227, "A108": 310.8950776977105, "A109": 279.5675634668827, "A110": 294.259917788569, "A111": 291.47896732011935, "A112": 306.12717049951493, "A113": 295.7946050739615, "A114": 304.9304859552879, "A115": 301.5965074553218, "A116": 296.70494313322297, "A117": 298.2702136316803, "A118": 318.8662711314073, "A119": 303.1705434346129, "A120": 303.84546917003877, "A121": 295.59505658692996, "A122": 314.5791137060945, "A123": 305.4141403365049, "A124": 299.56633957756395, "A201": 297.4936833552107, "A202": 308.0102592305019, "A203": 300.978840574352, "A204": 291.7898706167747, "A205": 299.9110670663088, "A206": 302.83292527483036, "A207": 304.615715099601, "A208": 302.1933324682822, "A209": 304.6183614422975, "A210": 299.00923914735847, "A211": 293.60961704767413, "A212": 315.14257074999335, "A213": 310.4606719022545, "A214": 290.9831352046604, "A215": 307.3829458228365, "A216": 297.258338644052, "A217": 293.2163257914474, "A218": 300.53518479989856, "A219": 305.92818177311597, "A220": 312.40182037209297, "A221": 291.9543475163136, "A222": 297.3652664016046, "A223": 306.74341632353145, "A224": 294.338882493632, "A301": 302.9660746253533, "A302": 304.35727704589567, "A303": 296.89974184511533, "A304": 301.4606510331476, "A305": 299.6201398524964, "A306": 304.5313665602182, "A307": 304.7658588013439, "A308": 309.307855967151, "A309": 295.29580996911557, "A310": 305.5383903244408, "A311": 306.9251752601046, "A312": 293.8354081282532, "A313": 308.1206376524373, "A314": 304.71322564910304, "A315": 299.58876498777863, "A316": 313.982588133652, "A317": 283.5089254585572, "A318": 297.70445909920994, "A319": 302.2724810011662, "A320": 293.650652870726, "A321": 288.908654460481, "A322": 304.87175581457956, "A323": 297.4067316452036, "A324": 299.12314509803116, "A401": 303.9681107976851, "A402": 300.0036289480966, "A403": 297.2303271445809, "A404": 300.1947054369577, "A405": 303.1335933593421, "A406": 296.1769081936033, "A407": 301.49667928908076, "A408": 296.1329323041596, "A409": 296.01909046028084, "A410": 306.10152196722163, "A411": 304.8792445877619, "A412": 297.0068999846834, "A413": 286.5346267322273, "A414": 290.26685179620205, "A415": 311.3234616233186, "A416": 303.17361775443214, "A417": 306.95540748705406, "A418": 299.63600097884944, "A419": 289.3782496503879, "A420": 299.89501874344023, "A421": 294.19774308972654, "A422": 297.78163339580624, "A423": 298.52614325719225, "A424": 295.9350608663268, "A501": 296.1160045587519, "A502": 303.19984559556434, "A503": 306.3678281227408, "A504": 301.0497567006939, "A505": 300.7929639303987, "A506": 290.48438898022044, "A507": 310.2117061228538, "A508": 298.99826940343826, "A509": 306.6467362480173, "A510": 304.39277840688, "A511": 308.3933484089646, "A512": 296.73053246565627, "A513": 297.32245840477356, "A514": 302.53051565068097, "A515": 302.01436146478824, "A516": 307.76559476167733, "A517": 306.23058335862254, "A518": 297.89825659444045, "A519": 310.29976252651306, "A520": 310.0626836723547, "A521": 311.40688492975187, "A522": 298.9704203852902, "A523": 302.72304687501713, "A524": 303.08268100204646, "B101": 290.861180245211, "B102": 293.2094560479733, "B103": 312.74890554784264, "B104": 295.82174861360045, "B105": 293.7065065258895, "B106": 306.93551900821006, "B107": 295.26302607051304, "B108": 298.5607441103749, "B109": 299.30684517938204, "B110": 296.64912291448485, "B111": 294.3340911864501, "B112": 309.0350148002221, "B113": 310.40370429432147, "B114": 307.55739423732575, "B115": 291.1713901840922, "B116": 302.22864286948464, "B117": 312.5938109124577, "B118": 305.51039972432176, "B119": 301.6834279133412, "B120": 288.0662433027912, "B121": 304.5987426774767, "B122": 299.3037703426082, "B123": 287.7415841413322, "B124": 298.69422180229486, "B201": 297.36215958186864, "B202": 287.8285126433778, "B203": 312.32659295223857, "B204": 308.8249905360766, "B205": 307.17476528886556, "B206": 303.15065333009517, "B207": 292.62251100825813, "B208": 294.0489783300635, "B209": 302.19831689854266, "B210": 304.341414107332, "B211": 291.81728653171024, "B212": 293.66048507102033, "B213": 296.80109506649586, "B214": 311.8199673936567, "B215": 310.677459964869, "B216": 303.7140305656495, "B217": 295.9326430428371, "B218": 308.8489718649169, "B219": 311.5486927671345, "B220": 289.7647701886144, "B221": 315.5248100967954, "B222": 301.69005673236575, "B223": 306.01654894120463, "B224": 296.13927817112295, "B301": 302.24956549361013, "B302": 292.60372804866154, "B303": 293.66244158509494, "B304": 297.5272872333607, "B305": 303.345482989234, "B306": 305.59070109228236, "B307": 305.65086743030605, "B308": 308.8977946622136, "B309": 304.04466693777715, "B310": 303.49068292616687, "B311": 313.38585878842423, "B312": 297.1520642174802, "B313": 295.343839176617, "B314": 292.1833712136641, "B315": 292.21557224640975, "B316": 303.5321205948389, "B317": 302.0580806130045, "B318": 310.39076000729733, "B319": 292.57734502058923, "B320": 305.3720099343579, "B321": 303.0073624256783, "B322": 300.8908167221964, "B323": 311.6020287362509, "B324": 307.0350439628274, "B401": 300.1168407502901, "B402": 292.65759768693516, "B403": 302.5203687250294, "B404": 299.37774780095316, "B405": 294.57326687428645, "B406": 316.07120205618423, "B407": 287.0802576236063, "B408": 303.16956486870924, "B409": 305.7749659722343, "B410": 297.35220961398375, "B411": 306.4403054511233, "B412": 300.0785153454161, "B413": 309.7867325440996, "B414": 302.7874534362122, "B415": 308.27376415755947, "B416": 300.2567714225015, "B417": 296.63685476415395, "B418": 298.3409924483387, "B419": 295.7301507814478, "B420": 297.2587166810003, "B421": 291.1634921001773, "B422": 296.7995245706817, "B423": 300.22918459462744, "B424": 306.59150177995906, "B501": 302.1272835424163, "B502": 293.43235020357764, "B503": 289.5874983722545, "B504": 310.4271781376853, "B505": 288.8401381142137, "B506": 304.2231752849336, "B507": 306.85566880162924, "B508": 302.1215506847694, "B509": 304.55879348323447, "B510": 303.9407319172487, "B511": 297.633197838142, "B512": 293.823486361381, "B513": 306.6037329074869, "B514": 309.67145896255414, "B515": 300.0497605725447, "B516": 311.2803864001814, "B517": 307.3890538930361, "B518": 315.0017268011889, "B519": 300.45586433871756, "B520": 306.57107266121324, "B521": 317.41070424238495, "B522": 303.6619018679846, "B523": 297.9640569768932, "B524": 299.6853274148998, "C101": 292.39133225121566, "C102": 300.94161440957384, "C103": 306.87876076480063, "C104": 303.1132837748205, "C105": 312.48215259932937, "C106": 304.96761696418395, "C107": 310.70514877144063, "C108": 303.52706055283767, "C109": 292.5973580141912, "C110": 304.77025679452015, "C111": 297.78268832213803, "C112": 294.5857269994043, "C113": 301.70143660488884, "C114": 314.04937369730766, "C115": 300.45026024949783, "C116": 294.90538242626536, "C117": 302.5316148088869, "C118": 298.5068020706415, "C119": 300.0020545951318, "C120": 299.76534606086767, "C121": 293.2031459611147, "C122": 307.27632099640545, "C123": 289.6910767784558, "C124": 295.0970720231748, "C201": 309.14991719882204, "C202": 296.88505946837387, "C203": 306.0512004773639, "C204": 309.78590088794743, "C205": 300.3682488239178, "C206": 299.95440609550695, "C207": 309.77710154196166, "C208": 309.29783978864066, "C209": 302.2448024626916, "C210": 294.6775216444667, "C211": 292.67979858023864, "C212": 295.35401547148, "C213": 306.84493597753175, "C214": 306.3144131838051, "C215": 300.5092955254031, "C216": 295.93045002538474, "C217": 295.1568764923059, "C218": 303.67548071967104, "C219": 285.2519916126915, "C220": 295.04305320535536, "C221": 305.4807541395012, "C222": 299.3486498733998, "C223": 301.621787845609, "C224": 302.8920367118023, "C301": 308.966124212468, "C302": 297.01574922537026, "C303": 301.39710100318774, "C304": 301.06669801696466,