{"A101": 238.4912026316819, "A102": 223.0477616576166, "A103": 231.44428162118047, "A104": 240.02294776685275, "A105": 230.5052845372762, "A106": 220.77823056354404, "A107": 232.36421382522929, "A108": 244.3375066342955, "A109": 221.0395318763051, "A110": 228.92833919460398, "A111": 228.67228679393406, "A112": 233.45491230565167, "A113": 225.77742983303625, "A114": 232.119621847561, "A115": 230.3964149079185, "A116": 229.50029836829793, "A117": 229.64260051942074, "A118": 246.54762337125376, "A119": 226.5628329167139, "A120": 235.84979226600169, "A121": 229.39836567951772, "A122": 245.96796747021975, "A123": 239.03023649894786, "A124": 224.88255036382822, "A201": 226.8910920937155, "A202": 237.0202077052843, "A203": 231.35550222604212, "A204": 224.19451592511007, "A205": 229.75464036524593, "A206": 231.52363363792097, "A207": 236.70416412808007, "A208": 229.17514027401364, "A209": 234.92434165413832, "A210": 230.04681077646308, "A211": 223.48709222634974, "A212": 242.55284650875618, "A213": 234.96697947876535, "A214": 223.56308160976212, "A215": 239.41956816520485, "A216": 225.74789105049965, "A217": 226.00361213274635, "A218": 231.81418232407742, "A219": 235.3079543616114, "A220": 236.44849916970523, "A221": 223.63200352125267, "A222": 228.21333855666387, "A223": 240.78119811240862, "A224": 228.2801861096116, "A301": 231.72645900643, "A302": 235.54563842206736, "A303": 228.95261752250008, "A304": 232.56632247064536, "A305": 238.25375109436936, "A306": 234.4464128783038, "A307": 237.02818984142448, "A308": 231.75875317990088, "A309": 223.5898194350394, "A310": 231.3646328013334, "A311": 241.42221228836107, "A312": 225.04360130435688, "A313": 240.50820173671093, "A314": 232.76797817289395, "A315": 230.58992953943664, "A316": 238.26302461955777, "A317": 217.16542594928077, "A318": 227.55906407083668, "A319": 229.63865679407664, "A320": 222.9906140192956, "A321": 212.76790764794194, "A322": 226.75158478577345, "A323": 224.0896320612703, "A324": 233.91693391951864, "A401": 236.88117037362, "A402": 233.13859873799882, "A403": 227.48204564560316, "A404": 229.77334866498558, "A405": 238.9362914371217, "A406": 226.39325183800568, "A407": 228.11285430566812, "A408": 231.06368250338716, "A409": 226.64916376925487, "A410": 238.09811540395071, "A411": 236.25440656762228, "A412": 229.0358290814397, "A413": 220.5721398494084, "A414": 221.48603552611212, "A415": 239.12056898857398, "A416": 233.60344844166912, "A417": 240.72876365057593, "A418": 230.11779349574513, "A419": 221.31833724318642, "A420": 235.23046142419338, "A421": 226.15594611219453, "A422": 224.27848684972386, "A423": 227.55207476585196, "A424": 228.5530207222586, "A501": 224.96652089620963, "A502": 236.0389371327002, "A503": 242.88096433670344, "A504": 234.25732980881898, "A505": 231.57442351239914, "A506": 228.02806691732934, "A507": 240.16997956681482, "A508": 220.65145855118794, "A509": 231.52822772772447, "A510": 230.73457476723684, "A511": 239.49401691861175, "A512": 227.94027551566828, "A513": 223.19391074780307, "A514": 234.34304816888215, "A515": 234.9068758609456, "A516": 237.74432816221926, "A517": 237.88403584481682, "A518": 229.53717766422898, "A519": 240.71285846523688, "A520": 242.66647277200155, "A521": 235.16960495576978, "A522": 224.5690559593819, "A523": 235.4809285597659, "A524": 233.12662271745413, "B101": 227.85509663403303, "B102": 225.76494515423292, "B103": 238.1443972332824, "B104": 221.56646665974878, "B105": 225.52541831668682, "B106": 241.86861533188804, "B107": 225.48723991868044, "B108": 233.401018926155, "B109": 235.7740516536579, "B110": 228.5868451262707, "B111": 227.13614805322948, "B112": 239.14305093284014, "B113": 240.40584012839872, "B114": 233.78991352797783, "B115": 221.76327636720865, "B116": 237.67325846011167, "B117": 236.89824713405756, "B118": 230.12205567405877, "B119": 230.69709520759866, "B120": 220.2167478045968, "B121": 236.8035405534972, "B122": 227.81644926680747, "B123": 223.4550421942813, "B124": 230.53811658320953, "B201": 228.08404041240414, "B202": 218.31956006252238, "B203": 240.80600380395276, "B204": 235.0071226622232, "B205": 238.59052508070891, "B206": 230.4733703778905, "B207": 223.19575866172792, "B208": 228.5389312844917, "B209": 233.47939836754702, "B210": 237.83176996608614, "B211": 221.49725218257734, "B212": 221.51434638589322, "B213": 228.47109466983102, "B214": 238.7824771295237, "B215": 240.41742086830286, "B216": 236.16437477315907, "B217": 234.53328458504345, "B218": 240.27199096543927, "B219": 239.97316105669347, "B220": 223.70812645671353, "B221": 246.02846056265625, "B222": 238.73050583578984, "B223": 231.49125745978424, "B224": 224.41068776395815, "B301": 232.50057032050015, "B302": 225.6608183399843, "B303": 228.08292672158288, "B304": 229.03328128518132, "B305": 235.6705065628243, "B306": 238.2796666315916, "B307": 236.8044304132075, "B308": 244.1485849778354, "B309": 234.14495937479043, "B310": 232.68944660137007, "B311": 244.6783787413037, "B312": 226.31810971229208, "B313": 224.41812977284968, "B314": 217.72793886294275, "B315": 224.66621955945485, "B316": 235.57245429477442, "B317": 230.148559723624, "B318": 241.20072860514063, "B319": 226.2796747509003, "B320": 235.74393290579243, "B321": 235.00779259849148, "B322": 234.76131506817512, "B323": 247.7631395996013, "B324": 232.98908657609184, "B401": 228.72844347725047, "B402": 227.76956277784387, "B403": 232.97785442424228, "B404": 227.4501322997758, "B405": 226.0817317561052, "B406": 247.63417012186673, "B407": 220.24227675323027, "B408": 232.35673881605524, "B409": 234.86611320493446, "B410": 226.82706016706538, "B411": 235.8523218556516, "B412": 233.84073655155186, "B413": 243.48227444426257, "B414": 233.32529819890428, "B415": 237.4182519594923, "B416": 228.93177063610312, "B417": 231.26876380271702, "B418": 233.64534515562167, "B419": 230.32600857734985, "B420": 224.0793984106033, "B421": 225.23297418019763, "B422": 228.65301473294934, "B423": 231.63527838582192, "B424": 234.14750054378882, "B501": 236.74310702715226, "B502": 221.08063148769435, "B503": 218.2753057287258, "B504": 239.2575004743106, "B505": 225.6159116549489, "B506": 232.2960394331098, "B507": 236.0450799870294, "B508": 231.88159519838678, "B509": 235.55744023553405, "B510": 234.06545748727052, "B511": 227.11722093102503, "B512": 227.6561942867059, "B513": 238.57083438160797, "B514": 241.79646261654278, "B515": 239.7579985392064, "B516": 236.86194481294444, "B517": 238.76868820772523, "B518": 243.82751779415383, "B519": 225.42873610559798, "B520": 240.48195302759592, "B521": 244.19584978414372, "B522": 235.99853869628316, "B523": 230.89795122284957, "B524": 233.29326861206334, "C101": 219.3219821908877, "C102": 230.4965620603908, "C103": 234.3688169196585, "C104": 230.587174590061, "C105": 238.5340297173926, "C106": 233.32959154174227, "C107": 245.99614574013933, "C108": 233.5074059609979, "C109": 228.5391577940471, "C110": 235.83633227498768, "C111": 234.99030696226745, "C112": 225.2200169019148, "C113": 231.7897309059325, "C114": 241.4096345501266, "C115": 231.99294160410264, "C116": 226.75372959854255, "C117": 227.3913708210581, "C118": 231.61701657360575, "C119": 229.03228937021282, "C120": 224.03675831814115, "C121": 222.0213329804498, "C122": 239.38401553826236, "C123": 221.348460743514, "C124": 227.14865263437278, "C201": 241.5564290321351, "C202": 227.408286408376, "C203": 235.70472839095044, "C204": 237.04104280726528, "C205": 227.96390521807336, "C206": 230.00546078187358, "C207": 240.5244424510802, "C208": 237.10850156676622, "C209": 235.98682626990524, "C210": 227.54343639322454, "C211": 225.54228484296777, "C212": 229.7318592276312, "C213": 235.42774577621915, "C214": 237.27816723003963, "C215": 225.17903756980988, "C216": 232.14478463376247, "C217": 229.79133121599054, "C218": 230.98028197532466, "C219": 217.52631468755524, "C220": 230.68058876178452, "C221": 231.98465920842213, "C222": 226.42168899501908, "C223": 230.5947900703924, "C224": 232.76689689405214,