{"A101": 311.63708788296503, "A102": 306.3965215074588, "A103": 311.41739919050093, "A104": 310.0306203371108, "A105": 313.3647784864401, "A106": 296.92020295632, "A107": 309.55536468286425, "A108": 315.32185748335394, "A109": 285.83758518185937, "A110": 300.1802816617607, "A111": 298.16796938052215, "A112": 311.0660051009852, "A113": 301.10410838724783, "A114": 309.7172543761061, "A115": 306.3873117280553, "A116": 300.30174523098475, "A117": 302.96131660344776, "A118": 324.1199379883603, "A119": 307.89811175377264, "A120": 310.2528374180438, "A121": 299.3878963834208, "A122": 320.7777268610171, "A123": 309.9442601027137, "A124": 303.40042068591663, "A201": 301.55492855344323, "A202": 311.6068092977979, "A203": 304.41795512336415, "A204": 296.28668929536667, "A205": 303.93531460819906, "A206": 307.39713898181765, "A207": 310.4851548682357, "A208": 307.9613761753627, "A209": 309.9950400234621, "A210": 303.5166320618997, "A211": 296.89018082766904, "A212": 320.1560473431428, "A213": 316.25165530506104, "A214": 296.4988398548215, "A215": 312.2669249236601, "A216": 302.94535799956765, "A217": 298.161534992888, "A218": 308.8533300110195, "A219": 310.9222707987588, "A220": 316.76709044274105, "A221": 297.30229608365516, "A222": 301.1904652068315, "A223": 310.97942615122906, "A224": 299.360819196379, "A301": 308.2946889769563, "A302": 310.55384815832923, "A303": 303.2060269883101, "A304": 306.86535269555964, "A305": 304.87857118271705, "A306": 310.5731628444879, "A307": 309.6219602017577, "A308": 314.70181039979036, "A309": 299.34870957995184, "A310": 311.640979282553, "A311": 313.77102064460905, "A312": 298.73597441260756, "A313": 311.71343419706915, "A314": 308.4678869922429, "A315": 306.20649320568793, "A316": 321.14671588624776, "A317": 289.09370018097667, "A318": 302.3454722810294, "A319": 307.38075429504966, "A320": 298.2774717965157, "A321": 294.9958169459535, "A322": 311.2759924064066, "A323": 302.1173317425219, "A324": 303.98114321937044, "A401": 309.282763074535, "A402": 305.7491396607167, "A403": 302.64975649354824, "A404": 304.5046776990314, "A405": 308.8670529645381, "A406": 299.73512870876544, "A407": 308.6617977511429, "A408": 300.78110132766363, "A409": 302.82283844333097, "A410": 310.4900641665237, "A411": 310.5899199846993, "A412": 302.44325504320636, "A413": 294.54036211536067, "A414": 295.48424593895703, "A415": 318.23138524370626, "A416": 310.23275467702973, "A417": 313.0695893146729, "A418": 305.33485721249116, "A419": 295.2355965641387, "A420": 305.8894633522154, "A421": 299.3311263592442, "A422": 302.37353929389826, "A423": 303.6060757896584, "A424": 302.4415530845725, "A501": 300.80315259833907, "A502": 307.8740892344465, "A503": 310.91135115733505, "A504": 308.36108481952334, "A505": 306.6744943342816, "A506": 297.78491180392655, "A507": 315.98741105146723, "A508": 304.400424931097, "A509": 311.24016736462204, "A510": 309.5296255193883, "A511": 313.8655364995125, "A512": 303.30410680400763, "A513": 303.415501993231, "A514": 307.01179210031034, "A515": 307.3537208409898, "A516": 313.8082631228751, "A517": 311.0738553085302, "A518": 302.73420756729377, "A519": 314.9970290391454, "A520": 313.922955266831, "A521": 317.6473213550437, "A522": 303.6733174676464, "A523": 307.31364364329136, "A524": 309.71147408233657, "B101": 295.42184817657625, "B102": 298.9272846139964, "B103": 318.22333303166613, "B104": 302.0157657043074, "B105": 297.93189686580774, "B106": 313.3470179716313, "B107": 299.8398426035811, "B108": 304.17965748926395, "B109": 303.4973494357636, "B110": 300.21378825096247, "B111": 299.71946868435094, "B112": 314.05114264514145, "B113": 316.5322580322057, "B114": 314.43181332252965, "B115": 297.3080596674935, "B116": 306.4438727608985, "B117": 317.3146182080195, "B118": 312.0570846994363, "B119": 305.9347149804286, "B120": 293.27507220803216, "B121": 310.5867481669581, "B122": 303.9314384471699, "B123": 292.4367905695568, "B124": 304.5219728109596, "B201": 302.74574436692785, "B202": 291.76017588078054, "B203": 316.9793425323368, "B204": 312.7341223251158, "B205": 312.58275556147936, "B206": 308.8018279432097, "B207": 297.44143988703047, "B208": 300.2660848978098, "B209": 307.41954816245345, "B210": 310.8287212358879, "B211": 297.73192007361496, "B212": 299.4770827284746, "B213": 302.9727985040077, "B214": 315.58761753971453, "B215": 316.5557503348209, "B216": 308.9900564569064, "B217": 302.0135825359592, "B218": 315.1180232867992, "B219": 317.0795658549143, "B220": 295.5807347210906, "B221": 321.07762554955013, "B222": 306.768186464874, "B223": 310.32220065089234, "B224": 300.52780895903845, "B301": 308.1155655887824, "B302": 297.6682789272045, "B303": 298.068924850478, "B304": 303.9822613564274, "B305": 308.89772779571337, "B306": 310.9277211034588, "B307": 312.1621707457003, "B308": 313.99243682369985, "B309": 310.1362479860496, "B310": 309.8493048217035, "B311": 318.9992871729654, "B312": 302.41364252549823, "B313": 300.0059308430937, "B314": 298.96317714813284, "B315": 298.10747552923755, "B316": 308.2218120492984, "B317": 307.877951829289, "B318": 315.9657022242243, "B319": 297.6146727075888, "B320": 310.7957519619157, "B321": 308.46195863347384, "B322": 306.0709367322378, "B323": 316.4179775811652, "B324": 312.3151074524232, "B401": 304.5612281974116, "B402": 297.5046336394559, "B403": 308.7578354540805, "B404": 304.2476966770251, "B405": 298.43455937219085, "B406": 322.2009848302277, "B407": 291.1613349540685, "B408": 308.32020042600107, "B409": 310.51679158759157, "B410": 304.435534081872, "B411": 310.7420628325197, "B412": 305.5609724452764, "B413": 314.66007519887256, "B414": 308.81072029481015, "B415": 313.65520505583686, "B416": 306.3239509410432, "B417": 301.80820180667996, "B418": 303.39981570507626, "B419": 303.482501513135, "B420": 300.2780862835921, "B421": 298.16581250866847, "B422": 301.59503537635334, "B423": 305.19068113571836, "B424": 312.0190000060921, "B501": 306.9568515385627, "B502": 298.6840457790213, "B503": 294.80404222570746, "B504": 315.8541734361924, "B505": 293.2760477584473, "B506": 309.8676971845546, "B507": 312.95874265936357, "B508": 307.19867846858443, "B509": 312.3204311619706, "B510": 308.7288741451598, "B511": 301.9980511541341, "B512": 299.827098190294, "B513": 312.77889927358876, "B514": 314.1044718238799, "B515": 304.909044028518, "B516": 316.3981801408453, "B517": 314.31553064172675, "B518": 320.1241234155517, "B519": 305.90924423979607, "B520": 312.8601416001822, "B521": 322.202287559629, "B522": 310.5252944808649, "B523": 303.4015542850026, "B524": 303.9878919502174, "C101": 297.4489525605043, "C102": 305.4518371314136, "C103": 312.66944039198705, "C104": 308.6779073236286, "C105": 316.8808805804852, "C106": 311.63209870177474, "C107": 315.0004969757395, "C108": 309.1181408643253, "C109": 299.0342986470742, "C110": 311.7821700372313, "C111": 304.0928668529816, "C112": 300.0771024171027, "C113": 306.02403467626715, "C114": 319.5937024885603, "C115": 306.8073957229483, "C116": 301.3892750189904, "C117": 309.7071787297955, "C118": 304.182010416535, "C119": 306.80113574326526, "C120": 305.1228697851758, "C121": 298.56805025468464, "C122": 312.7505823919411, "C123": 294.7432558629097, "C124": 301.37130779453, "C201": 315.5638869727397, "C202": 305.01740833768804, "C203": 311.20657096139627, "C204": 315.380936145149, "C205": 305.02381018237276, "C206": 304.13068247729746, "C207": 316.0032223448757, "C208": 315.17858261841667, "C209": 308.5706043517708, "C210": 299.89269344451753, "C211": 299.29375321347555, "C212": 299.1981154146612, "C213": 311.32750570700625, "C214": 310.7095650986338, "C215": 306.55467865281713, "C216": 301.7105165813709, "C217": 302.28341302170526, "C218": 307.6006953139714, "C219": 291.1785282284362, "C220": 300.56192982018575, "C221": 309.6699772210474, "C222": 304.90165419019314, "C223": 307.74993336262486, "C224": 307.5736217128529, "C301": 315.06686199077, "C302": 301.26687254170025, "C303": 307.4651853819165, "C304": 305.52873638901,