{"A101": 95.13475199941054, "A102": 82.19145656421225, "A103": 90.47462608162117, "A104": 97.13937603947574, "A105": 88.51452366519665, "A106": 83.89027203416765, "A107": 88.34359169809133, "A108": 95.97655925540187, "A109": 87.20759681293457, "A110": 96.6630476743968, "A111": 87.36683249607368, "A112": 94.03106227629115, "A113": 90.36559757515825, "A114": 86.87092680482863, "A115": 87.25370207958284, "A116": 88.12548829643629, "A117": 85.09337603172516, "A118": 100.33273613175567, "A119": 89.82510285714663, "A120": 94.95391110093279, "A121": 91.59326737988786, "A122": 95.26137366468062, "A123": 92.80973499862571, "A124": 89.9955844586116, "A201": 84.93734532740191, "A202": 97.68594361151311, "A203": 89.41767506833536, "A204": 91.21160261653381, "A205": 90.10014392411786, "A206": 91.87950124433081, "A207": 92.45126472377042, "A208": 94.22263642021456, "A209": 89.41161699783655, "A210": 86.8653494500064, "A211": 89.34292045879958, "A212": 101.57397625084228, "A213": 91.12729107591925, "A214": 90.1405168980695, "A215": 94.27073633178942, "A216": 86.64512890501871, "A217": 88.35140530975347, "A218": 92.53404645993923, "A219": 91.24966111123423, "A220": 90.80966363174834, "A221": 83.67799533125124, "A222": 87.8167494872711, "A223": 95.61643249829581, "A224": 92.61686751600914, "A301": 83.54122632304187, "A302": 87.40751143736347, "A303": 89.04498867444518, "A304": 93.44079342800904, "A305": 90.47857236621216, "A306": 94.98693018721168, "A307": 93.04492197915982, "A308": 90.61767346904442, "A309": 84.97730486059875, "A310": 89.9069746038277, "A311": 90.320250028942, "A312": 85.94170112845849, "A313": 99.23462775526264, "A314": 92.90137514525664, "A315": 88.57316572615478, "A316": 95.23177577399981, "A317": 84.39369113311409, "A318": 84.36394191582608, "A319": 86.19392879966709, "A320": 85.49408765429247, "A321": 83.56075997109303, "A322": 85.92467673432164, "A323": 82.60126336275097, "A324": 91.54917414478618, "A401": 93.70783744423834, "A402": 91.82451048048044, "A403": 88.01855936235673, "A404": 87.49177338046773, "A405": 94.72554777024222, "A406": 87.0897169345988, "A407": 89.9451591428311, "A408": 88.3552673325659, "A409": 91.43822051958759, "A410": 100.69924714076755, "A411": 93.86749295326007, "A412": 88.33647678076771, "A413": 87.7311847982149, "A414": 84.51581530182514, "A415": 94.51311178659618, "A416": 89.32815905124507, "A417": 98.63868127968999, "A418": 95.72121190224283, "A419": 87.94429399627683, "A420": 93.00736291741808, "A421": 91.45413859735298, "A422": 87.57803869676783, "A423": 86.7680285452116, "A424": 90.19017719031233, "A501": 88.93167613233982, "A502": 93.18928320273378, "A503": 93.22617026580345, "A504": 96.14633730534187, "A505": 94.34287476939986, "A506": 90.83802057156315, "A507": 94.04887670353801, "A508": 86.30517261605091, "A509": 87.19061456484003, "A510": 88.45870412757442, "A511": 95.29219509606233, "A512": 88.40010370976373, "A513": 83.34650370754403, "A514": 92.98428661073198, "A515": 87.54080951891913, "A516": 91.8889142001925, "A517": 97.10101374323791, "A518": 89.11022085955028, "A519": 92.70613522084962, "A520": 90.448502441595, "A521": 95.28755970066683, "A522": 90.70005753596067, "A523": 93.19215689187045, "A524": 93.19921636850576, "B101": 92.38556307720765, "B102": 95.04935642996136, "B103": 92.99790482665864, "B104": 86.69478715181612, "B105": 79.00406551638834, "B106": 97.83357856703127, "B107": 89.59886337776288, "B108": 85.50360324550526, "B109": 98.51829862531164, "B110": 94.76358287962914, "B111": 91.43680757312843, "B112": 96.7471047413411, "B113": 96.63736767330998, "B114": 92.9249841328519, "B115": 86.8518099281875, "B116": 92.48592385757347, "B117": 89.30003180038355, "B118": 86.77346433099112, "B119": 97.74053809287334, "B120": 82.88291615350762, "B121": 95.67599948617986, "B122": 92.38726227073586, "B123": 87.56641477592731, "B124": 90.03066622559284, "B201": 89.74668618252862, "B202": 84.84305368236717, "B203": 93.74617450619427, "B204": 86.95023820760129, "B205": 85.3941438789732, "B206": 93.39908673972361, "B207": 85.43038705764098, "B208": 83.25791319551765, "B209": 91.69217979836529, "B210": 91.95867557441964, "B211": 91.25597445086107, "B212": 86.63682452766133, "B213": 90.99403478883724, "B214": 92.50810632556006, "B215": 99.42479126450124, "B216": 96.80517667392927, "B217": 93.3001989813361, "B218": 93.99850905503664, "B219": 94.1448251979051, "B220": 89.19150244782602, "B221": 96.47242123069594, "B222": 91.68340926087572, "B223": 92.29787375766895, "B224": 90.84720376653465, "B301": 94.42483135313296, "B302": 80.40193528244357, "B303": 90.25221282350105, "B304": 92.46233490477603, "B305": 90.66031615409979, "B306": 96.67072848195168, "B307": 89.69401002376557, "B308": 96.69967069184648, "B309": 91.5916983864406, "B310": 88.61724133054682, "B311": 98.03931091024529, "B312": 90.56100207226608, "B313": 87.15687819031385, "B314": 88.97521967040915, "B315": 87.66661024979841, "B316": 90.14791249753064, "B317": 89.74507363235534, "B318": 97.52547378753216, "B319": 89.95411669552834, "B320": 97.17506819331193, "B321": 90.9328429795229, "B322": 94.60050166832474, "B323": 95.7496299258104, "B324": 93.89848968237887, "B401": 89.1562672422971, "B402": 90.63546696715017, "B403": 92.07646312153788, "B404": 94.21934872291271, "B405": 90.43775495104508, "B406": 93.06175115582968, "B407": 88.90802502689755, "B408": 91.81280265693022, "B409": 94.58189576884796, "B410": 91.31317992787929, "B411": 93.4543638059726, "B412": 88.94405901984098, "B413": 98.23437169780027, "B414": 86.90741791732573, "B415": 97.03258357093043, "B416": 88.57693265801127, "B417": 89.79428440055216, "B418": 93.70443633156377, "B419": 93.52851525232781, "B420": 89.48859773085685, "B421": 89.10235195330363, "B422": 88.66008046323343, "B423": 89.20076765169175, "B424": 90.20992855133184, "B501": 91.5241437590574, "B502": 86.65253733494207, "B503": 83.41519705553927, "B504": 92.4411480457492, "B505": 88.84121494027998, "B506": 91.0864442923295, "B507": 89.83160033745818, "B508": 87.78557342405225, "B509": 93.93077006035328, "B510": 91.88382152231267, "B511": 88.03045958179659, "B512": 89.13361349948161, "B513": 89.67356028442998, "B514": 92.8625746333984, "B515": 90.52066301792102, "B516": 90.78109863716642, "B517": 96.73760991292849, "B518": 94.55240617756405, "B519": 94.24079089328802, "B520": 94.20947209674192, "B521": 93.38797654340048, "B522": 95.14163993986153, "B523": 88.18166294323694, "B524": 91.44693673722162, "C101": 85.28883631339629, "C102": 97.51805359117176, "C103": 89.2726780903562, "C104": 90.402152627944, "C105": 97.1529230379554, "C106": 93.68728416994833, "C107": 98.12768308656497, "C108": 88.44446420208881, "C109": 90.77191851623567, "C110": 90.86213872175739, "C111": 90.03016354994313, "C112": 88.58773788093164, "C113": 88.76895120051095, "C114": 92.64243345563088, "C115": 90.8381910199005, "C116": 93.26235937853338, "C117": 87.3661758957066, "C118": 90.95608852902195, "C119": 86.54148427202796, "C120": 85.98234550420422, "C121": 87.81839095726511, "C122": 93.0945982257641, "C123": 90.64567295941407, "C124": 87.90283879107791, "C201": 95.21320433825042, "C202": 92.65734846727796, "C203": 90.49182310608313, "C204": 89.09687469832564, "C205": 90.28863540868295, "C206": 92.44059108613381, "C207": 96.31144841327469, "C208": 94.72337926446139, "C209": 91.55359978343029, "C210": 88.06727877646577, "C211": 90.07907193739304, "C212": 93.31499329893364, "C213": 95.63770002490907, "C214": 95.99740531154401, "C215": 89.46010611505976, "C216": 92.08737671080158, "C217": 88.8316650923364, "C218": 95.05202523438268, "C219": 83.19050212338806, "C220": 90.38840984494969, "C221": 91.85581784044724, "C222": 88.81577768168277, "C223": 89.0819378419989, "C224": 86.93772575763795, "C301": 93.35418965528493, "C302": 89.75527095451196, "C303": 86.5692748247345, "C304": 91.90993128261589, "C305": 98.97683030011743, "C306": 90.25193935296448, "C307": 96.64976181084867, "C308": 92.35562602579634, "C309": 90.03652894079649,