{"A101": 81.59208802228974, "A102": 70.5287213456009, "A103": 78.5578994576999, "A104": 85.32687912836613, "A105": 76.88968721613557, "A106": 69.98211008593059, "A107": 77.01423354969695, "A108": 81.68312914580568, "A109": 75.25600394412174, "A110": 83.57312966629557, "A111": 73.96542716464019, "A112": 82.9208984503919, "A113": 78.87995235029213, "A114": 75.26107861715472, "A115": 74.02326464206935, "A116": 73.94023744324062, "A117": 74.11978290465797, "A118": 85.92236495131017, "A119": 76.13729388566483, "A120": 83.24123972494408, "A121": 78.8752921309628, "A122": 82.66476877497225, "A123": 80.8142492589161, "A124": 75.59945533882204, "A201": 72.07146440104087, "A202": 85.04384765105836, "A203": 77.71074661140354, "A204": 76.55364665362671, "A205": 77.60299954619737, "A206": 79.89354891079721, "A207": 78.01273617323388, "A208": 79.96962496933259, "A209": 76.34231436732635, "A210": 73.40514928600484, "A211": 77.86910056862595, "A212": 89.2273806397935, "A213": 77.0089310775634, "A214": 77.7727431380976, "A215": 79.45167457777978, "A216": 74.67121113345445, "A217": 76.2104155064025, "A218": 77.85207153484637, "A219": 78.02939930399724, "A220": 77.0060230834954, "A221": 71.77995421328909, "A222": 73.40164934279548, "A223": 80.73759861590258, "A224": 79.08810514706774, "A301": 71.84043090860511, "A302": 73.80777797485011, "A303": 76.3135875434592, "A304": 78.31445725074057, "A305": 78.49379767978522, "A306": 81.24803478628166, "A307": 79.46765004622935, "A308": 75.14309629430794, "A309": 74.14094043977519, "A310": 78.12587678455145, "A311": 75.2985803335988, "A312": 71.43681639241525, "A313": 89.26906631367365, "A314": 79.69364594323497, "A315": 74.90568608931126, "A316": 83.36960033846002, "A317": 70.37044429284701, "A318": 71.89204367259222, "A319": 75.01703939120664, "A320": 71.31620451813832, "A321": 70.62939979436591, "A322": 73.58167490735885, "A323": 71.61754175389626, "A324": 79.03883659277189, "A401": 79.24525673428299, "A402": 77.99290981238565, "A403": 73.26652282823694, "A404": 75.37103651464966, "A405": 80.45509321908905, "A406": 73.68642645728251, "A407": 74.7653536582397, "A408": 76.28985449042543, "A409": 78.67934578902273, "A410": 86.3280554745065, "A411": 82.13262357133982, "A412": 75.38105948138382, "A413": 76.06080430922096, "A414": 72.30910103700103, "A415": 79.04846153495235, "A416": 75.58566863131813, "A417": 85.43783651366732, "A418": 83.31795425918263, "A419": 72.62366999330278, "A420": 78.63789895572357, "A421": 76.64325010732138, "A422": 76.3870411554914, "A423": 72.99288999270449, "A424": 76.08367218677206, "A501": 74.37828532728051, "A502": 79.00735858338072, "A503": 80.40652301171332, "A504": 80.22263937588987, "A505": 80.80280597049826, "A506": 76.16999740083048, "A507": 78.05647381157289, "A508": 72.67699602896009, "A509": 70.87219042516627, "A510": 73.73377365895968, "A511": 79.20533313998402, "A512": 74.97788913782843, "A513": 71.00316940775049, "A514": 79.95035735987575, "A515": 75.09029370695525, "A516": 79.89647366010033, "A517": 82.9428913127069, "A518": 76.08256764346991, "A519": 79.3355253644174, "A520": 74.602899100679, "A521": 82.29245312172333, "A522": 77.60615206187619, "A523": 79.78400732336729, "A524": 80.71376131435177, "B101": 79.46459540303756, "B102": 83.56713268964562, "B103": 80.62352214852555, "B104": 73.92105266779876, "B105": 68.88998445873187, "B106": 83.33831689999664, "B107": 75.9415763251483, "B108": 74.82764597042761, "B109": 83.612935162241, "B110": 80.65607811739353, "B111": 78.2119392089495, "B112": 84.45272762574756, "B113": 80.86723475786701, "B114": 78.02999171289017, "B115": 70.22320557054172, "B116": 79.85058415021186, "B117": 73.78767170306682, "B118": 73.14445001783689, "B119": 82.28721687044066, "B120": 70.58702933148277, "B121": 81.04126076493024, "B122": 76.42303482818508, "B123": 74.72702938474802, "B124": 75.7832128987939, "B201": 74.33353741660967, "B202": 71.82289460173833, "B203": 80.72553271002002, "B204": 77.91707437149017, "B205": 71.06312155445953, "B206": 78.60173400241517, "B207": 73.23092189258928, "B208": 71.06601802815555, "B209": 79.69721022044595, "B210": 77.1920757744619, "B211": 76.9902345204349, "B212": 73.58410119083688, "B213": 78.33369298602138, "B214": 80.95626311416677, "B215": 84.62232051626046, "B216": 83.0850205296096, "B217": 80.62772642378236, "B218": 80.15812954814623, "B219": 79.77795780626072, "B220": 78.64952204656176, "B221": 84.5552864947454, "B222": 77.88614004462828, "B223": 77.39971464931979, "B224": 77.19370133427141, "B301": 81.31717862540097, "B302": 66.31098423323338, "B303": 76.58048817029167, "B304": 75.88857723664078, "B305": 76.21394702470091, "B306": 80.56721951411329, "B307": 76.35389741387903, "B308": 83.8543317745621, "B309": 78.95986285242458, "B310": 74.70363361261195, "B311": 84.22374597201217, "B312": 78.4171797895058, "B313": 73.78181837765655, "B314": 77.26809019865364, "B315": 75.61136338969243, "B316": 77.11335615304556, "B317": 77.15272376773937, "B318": 82.43718215070565, "B319": 76.23233396136742, "B320": 85.93860486293431, "B321": 77.4226482016878, "B322": 77.5885006185215, "B323": 82.09655668328162, "B324": 80.51914619622046, "B401": 73.43699303718702, "B402": 75.29174237032638, "B403": 78.13112515833892, "B404": 82.93468423185644, "B405": 75.41448146059662, "B406": 78.0055102261498, "B407": 77.36794922267796, "B408": 78.16645300541119, "B409": 77.52238411269018, "B410": 79.42372911461027, "B411": 78.78512658461995, "B412": 77.78974490733758, "B413": 83.00112398491169, "B414": 75.63990459019529, "B415": 79.16285983489, "B416": 77.16245911203893, "B417": 73.16112485119322, "B418": 79.64197475215798, "B419": 80.49072489094307, "B420": 75.52734740534159, "B421": 74.03615920311994, "B422": 76.58732540469396, "B423": 75.89183992491246, "B424": 76.82919082046102, "B501": 80.0624097825341, "B502": 73.74624820825679, "B503": 70.62383249511083, "B504": 77.2812504368687, "B505": 74.09458647308668, "B506": 78.06765919505062, "B507": 78.01662665910114, "B508": 76.65870707671836, "B509": 82.17537475226123, "B510": 77.71170470176178, "B511": 74.51793796408242, "B512": 76.94619719151996, "B513": 76.32356339786179, "B514": 81.94372363918562, "B515": 77.27976040253397, "B516": 74.95782443884603, "B517": 81.73754171475694, "B518": 80.6627372077044, "B519": 79.12823200588218, "B520": 78.56428615185489, "B521": 79.4344255377397, "B522": 81.2770412082611, "B523": 76.17106706526634, "B524": 77.98284347422401, "C101": 72.48793763439436, "C102": 84.67740158582569, "C103": 77.0647228829116, "C104": 77.46065550874621, "C105": 83.09416115712635, "C106": 80.22965055759359, "C107": 82.40976672918408, "C108": 77.63121237495223, "C109": 77.92624187783055, "C110": 77.94777616752776, "C111": 76.88830368329477, "C112": 77.3765965295566, "C113": 74.60139803057888, "C114": 76.69226960124993, "C115": 77.46750532058289, "C116": 80.92759669542566, "C117": 73.54895845407462, "C118": 76.22052312507685, "C119": 72.58002243170506, "C120": 74.29089735671315, "C121": 75.86557848669558, "C122": 79.72801035288498, "C123": 76.61919522619387, "C124": 74.69521040071703, "C201": 80.28313899338572, "C202": 77.51721403080985, "C203": 76.35411046105916, "C204": 76.85798840574589, "C205": 76.55310854505768, "C206": 79.66932669835126, "C207": 83.84769969604638, "C208": 81.10112260505419, "C209": 75.52676590357194, "C210": 73.84798155008632, "C211": 77.13367088151409, "C212": 79.27144563007322, "C213": 84.9198796833485, "C214": 82.3472626016403, "C215": 76.11659323256102, "C216": 78.23308331149978, "C217": 76.9641756667118, "C218": 78.21819910386301, "C219": 71.27061575099505, "C220": 78.54760747593538, "C221": 77.7206399875922, "C222": 76.33590769853181, "C223": 75.82174187615009, "C224": 74.81115225615262, "C301": 79.85491431035793, "C302": 75.48839162466521, "C303": 76.0286509899891, "C304": 77.83120351165138, "C305": 82.28922771032985, "C306": 76.26115526769581, "C307": 84.20042229220404, "C308": 78.55631449596302, "C309": 73.24687309019355, "C310": 72.20112678984245,