{"A101": 11.764453233195109, "A102": 8.747452695535259, "A103": 10.415588177427832, "A104": 11.25959053149465, "A105": 9.935110276041087, "A106": 9.527069664576459, "A107": 9.22776215153035, "A108": 12.457331521613837, "A109": 9.12303218761718, "A110": 11.270904708362782, "A111": 9.539044533925827, "A112": 11.176200356030757, "A113": 9.748667984521466, "A114": 9.540883056241896, "A115": 13.013187371166925, "A116": 8.763164657912055, "A117": 11.853427137697008, "A118": 13.123572020917184, "A119": 12.16879923423179, "A120": 11.65760706133609, "A121": 14.44340177230272, "A122": 11.858320425850117, "A123": 9.295984779574045, "A124": 8.904690717178132, "A201": 10.692267624463193, "A202": 12.75916603255856, "A203": 13.148671450556828, "A204": 10.07494991093709, "A205": 11.66073472907319, "A206": 11.420838943487796, "A207": 10.066308778744778, "A208": 12.845274151009704, "A209": 9.99930557324427, "A210": 10.307816535258693, "A211": 8.752723564036042, "A212": 12.521950871479731, "A213": 12.431861106548299, "A214": 9.253612898566427, "A215": 13.036523248903961, "A216": 10.34733871042917, "A217": 11.073346844216756, "A218": 13.575144955867215, "A219": 11.203394890840197, "A220": 10.551239886360037, "A221": 9.464634552230761, "A222": 11.6531744379011, "A223": 10.576691106889877, "A224": 11.212261455340382, "A301": 9.721474335731333, "A302": 9.582806009335979, "A303": 9.315512274575362, "A304": 10.811856377592388, "A305": 10.83449237050452, "A306": 11.373391850419221, "A307": 12.36626504153943, "A308": 10.174665469305825, "A309": 10.590607241480315, "A310": 10.266289544501566, "A311": 10.335494661273358, "A312": 9.744912972697861, "A313": 12.298873879337044, "A314": 12.22881485379149, "A315": 12.642573579868877, "A316": 13.273830497660283, "A317": 8.85366796931289, "A318": 10.200850339495123, "A319": 9.989577651072313, "A320": 8.471955988447863, "A321": 8.39175887231108, "A322": 8.753985150798162, "A323": 9.87010178384806, "A324": 12.114272857814433, "A401": 11.202228359263618, "A402": 11.915069338136963, "A403": 14.044164035085007, "A404": 8.174637282010394, "A405": 10.67555805549825, "A406": 8.554141039937306, "A407": 11.407726328937528, "A408": 11.520031478699341, "A409": 12.163271206856272, "A410": 10.803509734177187, "A411": 11.6092973493289, "A412": 9.972290343376402, "A413": 10.956735119883891, "A414": 11.794193024168187, "A415": 10.678110079271198, "A416": 9.31413941205759, "A417": 13.40944730835955, "A418": 11.280051796734451, "A419": 9.797599600289164, "A420": 13.286257464028678, "A421": 10.92929520480634, "A422": 7.097105257523705, "A423": 9.496292568327943, "A424": 10.996989184896528, "A501": 9.563189178618774, "A502": 11.208216837720855, "A503": 12.116508794512498, "A504": 12.602878455186845, "A505": 12.928111594153059, "A506": 10.64409961488758, "A507": 10.196126896858352, "A508": 11.83948913885819, "A509": 10.01177104586818, "A510": 9.205956914029693, "A511": 10.859619433307858, "A512": 9.499462132627542, "A513": 9.89198563469257, "A514": 11.23148007517213, "A515": 12.033064313057796, "A516": 10.123905564141012, "A517": 12.255098119238902, "A518": 11.830323818090834, "A519": 12.929176087264139, "A520": 8.843958770042663, "A521": 10.936294935279138, "A522": 11.720174960497186, "A523": 10.150801049011264, "A524": 9.784365966169384, "B101": 11.823105899953672, "B102": 10.810647986099722, "B103": 10.368159845285536, "B104": 8.691553262259879, "B105": 11.949356395894677, "B106": 11.586698185045513, "B107": 9.411729553847092, "B108": 9.156853019843414, "B109": 10.799831942052617, "B110": 10.393637101616253, "B111": 9.775906767550788, "B112": 12.067641023162823, "B113": 10.268547741396276, "B114": 9.604431916303504, "B115": 9.453171516500992, "B116": 12.620781586222673, "B117": 10.369620546261249, "B118": 10.07736613426273, "B119": 13.3216192993595, "B120": 10.753358566244149, "B121": 10.544510473355972, "B122": 11.545467184949054, "B123": 10.735326620586974, "B124": 11.213729811244335, "B201": 9.510641953791279, "B202": 8.221861863335995, "B203": 12.256613178479626, "B204": 12.257730543301065, "B205": 9.334796916687722, "B206": 13.293809633301201, "B207": 10.90368629313959, "B208": 8.599582170093617, "B209": 13.555148806773229, "B210": 9.615469043999717, "B211": 10.49964248894517, "B212": 9.132235040889586, "B213": 10.008086888351606, "B214": 11.11506940827348, "B215": 12.462260545211857, "B216": 11.33255432422612, "B217": 10.659941095706394, "B218": 11.1775167728416, "B219": 10.028134308208545, "B220": 9.205402447172744, "B221": 11.144725340379345, "B222": 10.869925023023642, "B223": 11.465898587376, "B224": 11.00991979055005, "B301": 11.248391247426426, "B302": 7.8621982295726704, "B303": 9.3759834734301, "B304": 8.247113668047891, "B305": 8.591783752534969, "B306": 8.847834533533387, "B307": 8.886880005991443, "B308": 10.547632215612417, "B309": 10.969316350178698, "B310": 9.84211262264546, "B311": 12.542383911579378, "B312": 11.032586877495444, "B313": 10.586005137482898, "B314": 10.265209229199545, "B315": 9.504324733527543, "B316": 11.118436297425864, "B317": 10.750503056097578, "B318": 9.452321163366282, "B319": 11.561297573827522, "B320": 10.870705996763947, "B321": 10.08643135526684, "B322": 8.501267183518372, "B323": 10.984523447475217, "B324": 12.412834075456777, "B401": 10.564363243367634, "B402": 10.507400664888465, "B403": 11.925822586435594, "B404": 12.391633477076766, "B405": 12.122728247024941, "B406": 9.271888511893502, "B407": 11.023945399808083, "B408": 10.162400932649106, "B409": 11.369118959776438, "B410": 10.6405556293496, "B411": 11.540764586441117, "B412": 12.107915027473089, "B413": 12.699797550194786, "B414": 11.301882411971357, "B415": 11.360144714085255, "B416": 9.21768828583986, "B417": 8.795732197330882, "B418": 11.751944266694917, "B419": 10.458579029232604, "B420": 10.746831750292962, "B421": 11.191187879893082, "B422": 11.944828468785426, "B423": 12.089084664780096, "B424": 11.589680364185167, "B501": 9.65029775677009, "B502": 8.438622560665689, "B503": 11.079810491516104, "B504": 10.531348784092142, "B505": 9.944530476817565, "B506": 12.693302243775937, "B507": 9.81227152430257, "B508": 12.9065242184177, "B509": 10.569332596408534, "B510": 8.74663946013724, "B511": 10.9281626491976, "B512": 11.697957701292363, "B513": 9.259193191235799, "B514": 11.110841718971335, "B515": 10.484287361228146, "B516": 11.650300925969933, "B517": 12.36095462426078, "B518": 11.89621282260334, "B519": 12.79119960505984, "B520": 9.598188558820553, "B521": 9.823363579096991, "B522": 10.30872289912484, "B523": 11.002903931117949, "B524": 9.042793981560708, "C101": 10.59303670122755, "C102": 11.540891927268904, "C103": 9.546358038413548, "C104": 9.386225450967613, "C105": 8.454587333705973, "C106": 12.168075698712734, "C107": 13.048339850856326, "C108": 10.224873201032878, "C109": 8.748338654946425, "C110": 9.09680808314232, "C111": 10.156334781949452, "C112": 12.601096757859565, "C113": 11.341327654394213, "C114": 8.288012218489573, "C115": 10.315815630500298, "C116": 10.033866664669258, "C117": 10.59306978101049, "C118": 8.91526088676051, "C119": 10.673427879172587, "C120": 11.726941463755052, "C121": 8.691195401079296, "C122": 10.53322460873175, "C123": 9.42267967368862, "C124": 10.360677095500789, "C201": 10.363950801775163, "C202": 12.086173031033422, "C203": 8.874303204062157, "C204": 9.737369759857893, "C205": 8.248572826278183, "C206": 12.642226648911855, "C207": 10.552215084247559, "C208": 10.957168835575564, "C209": 9.348768762283607, "C210": 10.071587768849987, "C211": 11.531180272806695, "C212": 9.458597084682914, "C213": 11.24321153466019, "C214": 13.989342922575869, "C215": 9.087518106989783, "C216": 11.457849408817903, "C217": 11.96832439887502, "C218": 13.032592439830042, "C219": 9.20981561640821, "C220": 11.528465540581156, "C221": 11.037878124589142, "C222": 10.371653281413412, "C223": 9.23666842166886, "C224": 10.17918866575896, "C301": 10.067007934975406, "C302": 10.003550274817478, "C303": 11.386049239323745,