{"A101": 176.63562531701996, "A102": 156.1288264462515, "A103": 169.81367416957255, "A104": 177.9284637475519, "A105": 166.28620940285234, "A106": 161.05966833314517, "A107": 168.18260546635938, "A108": 178.36649598702869, "A109": 157.03032929264302, "A110": 172.64073632497497, "A111": 164.9085277299023, "A112": 167.39332786477237, "A113": 157.67998312338963, "A114": 168.69249023646987, "A115": 159.86813250097103, "A116": 168.65906151390556, "A117": 164.51726866413495, "A118": 180.61558088497048, "A119": 166.18126268626372, "A120": 170.02108792252696, "A121": 164.92779812385527, "A122": 173.1853021340541, "A123": 167.6549059034537, "A124": 167.73732686255892, "A201": 162.1820570590329, "A202": 175.8050167017527, "A203": 160.1991437759696, "A204": 163.54871908608797, "A205": 165.21820347084875, "A206": 171.37302525849591, "A207": 171.56741940734673, "A208": 165.6839353656649, "A209": 168.46203596964705, "A210": 165.03235780158644, "A211": 162.0023937936279, "A212": 180.88122969814603, "A213": 171.0585739032703, "A214": 161.1553430802885, "A215": 174.38213472388472, "A216": 161.7816372096106, "A217": 165.9634399429662, "A218": 168.58536722946081, "A219": 169.98874025939966, "A220": 163.93767724062297, "A221": 162.12198699286353, "A222": 160.77267945460665, "A223": 176.21105300843988, "A224": 165.38266437199238, "A301": 162.49085475717104, "A302": 171.0097851507971, "A303": 163.02858080847332, "A304": 166.2038914581396, "A305": 171.46183936037, "A306": 172.62433875792686, "A307": 173.2611544455667, "A308": 164.5224569052421, "A309": 163.59194656182322, "A310": 165.09225777036824, "A311": 171.92310906033953, "A312": 165.0029642298805, "A313": 177.18743543073987, "A314": 172.94218615154523, "A315": 167.87048874148846, "A316": 171.7446279543589, "A317": 156.3630235021905, "A318": 166.1433653051846, "A319": 161.34025207792726, "A320": 161.61073676560216, "A321": 156.49416924340733, "A322": 168.21696924619735, "A323": 158.51740756258266, "A324": 166.37674505544166, "A401": 171.86855943579087, "A402": 169.37290144669356, "A403": 163.85152005471699, "A404": 168.11735838873295, "A405": 176.23136052293094, "A406": 165.71305335645195, "A407": 165.05450561037563, "A408": 167.71650929108776, "A409": 165.38849600543517, "A410": 176.67766069132344, "A411": 173.94898210671397, "A412": 166.84133199100816, "A413": 159.22203819608268, "A414": 159.6233279247793, "A415": 173.83369973872277, "A416": 167.08860298820028, "A417": 178.98466594244627, "A418": 168.91152465249596, "A419": 160.56552402352972, "A420": 170.35875225337128, "A421": 166.46798401834994, "A422": 162.442867220834, "A423": 161.35721535984288, "A424": 171.16623615546706, "A501": 161.4137745406525, "A502": 171.42101846458522, "A503": 177.115891875682, "A504": 170.61499928468146, "A505": 166.67636372167246, "A506": 166.07538783734725, "A507": 175.4646942999934, "A508": 159.3634801327038, "A509": 167.61222224009305, "A510": 169.1169394883525, "A511": 178.9929789306828, "A512": 166.04202826949071, "A513": 158.71512363139905, "A514": 168.42717639645173, "A515": 164.3626579986054, "A516": 173.9526237966906, "A517": 172.62308179172524, "A518": 164.4568258935732, "A519": 168.94537337962888, "A520": 172.93273717005226, "A521": 168.7921642841578, "A522": 163.0734435141007, "A523": 170.8774972418716, "A524": 167.55762877232917, "B101": 166.00627767295683, "B102": 163.7584136890601, "B103": 174.37337647484452, "B104": 161.909844111425, "B105": 158.63464953313726, "B106": 175.35034319471902, "B107": 165.28209583136154, "B108": 164.65885243103563, "B109": 172.23137118694015, "B110": 168.04059652247938, "B111": 169.86911068567096, "B112": 172.09686564303382, "B113": 177.80463240315396, "B114": 166.66819515459835, "B115": 164.47797364433552, "B116": 169.05397993784786, "B117": 174.5800139698001, "B118": 160.78553139332416, "B119": 169.70060085115486, "B120": 154.75623199132434, "B121": 176.1138220458427, "B122": 167.65081850485512, "B123": 162.01123751506253, "B124": 161.0816908764652, "B201": 163.49898128267844, "B202": 155.8682418098347, "B203": 178.27530254355113, "B204": 167.910773605055, "B205": 168.65342949371097, "B206": 166.17929766986555, "B207": 160.64440678989476, "B208": 160.60166002867433, "B209": 167.10886386780948, "B210": 168.56188903650346, "B211": 160.46674042450263, "B212": 159.69440008581537, "B213": 165.65895129631784, "B214": 173.67016964775843, "B215": 175.4696104198054, "B216": 172.1947243946379, "B217": 174.40552990821317, "B218": 173.0214593946306, "B219": 174.13058274285092, "B220": 160.53082341978632, "B221": 177.11415347054069, "B222": 173.36988041565493, "B223": 171.22835077241805, "B224": 165.69280764753148, "B301": 169.20218596273557, "B302": 162.38707095619606, "B303": 167.60437883319696, "B304": 169.33882813928213, "B305": 171.50389205227242, "B306": 178.88979871908094, "B307": 168.78903804747137, "B308": 179.5119906619817, "B309": 165.42085650760646, "B310": 167.9248664260676, "B311": 179.2469754265297, "B312": 162.33444403369396, "B313": 161.7744002423635, "B314": 162.1615971130276, "B315": 164.04770749992082, "B316": 170.43748846938098, "B317": 159.44088929207268, "B318": 178.14398700508016, "B319": 165.65336533354449, "B320": 174.33821063435016, "B321": 166.6951882259247, "B322": 171.229173929456, "B323": 178.5064708855926, "B324": 169.53817470344262, "B401": 164.26595750779154, "B402": 165.7709959875011, "B403": 168.60103633088056, "B404": 168.97347633967885, "B405": 163.78138689124913, "B406": 176.9918402860822, "B407": 160.53553647508926, "B408": 168.9581830944752, "B409": 168.4567331511354, "B410": 165.86102122644905, "B411": 169.55111090402968, "B412": 168.01729671620924, "B413": 176.9660405932157, "B414": 166.7166788695036, "B415": 174.46828692112678, "B416": 163.25946686465855, "B417": 166.8899641575445, "B418": 171.93668738288073, "B419": 165.71041604951878, "B420": 160.52442863693756, "B421": 162.18413253258964, "B422": 166.2217779143384, "B423": 166.58998673342688, "B424": 165.64188910461627, "B501": 166.7672683716941, "B502": 158.61606207851995, "B503": 156.52382177025737, "B504": 171.49443535476067, "B505": 162.41452215130596, "B506": 165.52880268879554, "B507": 167.34985176789016, "B508": 166.31787722458617, "B509": 170.46687776414245, "B510": 172.1979443759683, "B511": 164.28746550796416, "B512": 167.01192064221237, "B513": 175.20618282642093, "B514": 175.6703786659819, "B515": 171.89408195991817, "B516": 172.1640964373435, "B517": 175.31520329791132, "B518": 179.5746469769952, "B519": 166.00234725557044, "B520": 170.02606476542587, "B521": 176.8356467149759, "B522": 174.09752567610482, "B523": 168.68183869212206, "B524": 169.52784458911083, "C101": 159.09009676480363, "C102": 170.26388677581923, "C103": 168.1985734638382, "C104": 170.22092186796922, "C105": 175.77512303291175, "C106": 169.14092072555198, "C107": 173.43930136294387, "C108": 165.85422522148326, "C109": 166.05119305867225, "C110": 172.82229693721212, "C111": 168.68175396817458, "C112": 159.7682258404423, "C113": 161.05608232386703, "C114": 173.9120648094489, "C115": 167.5453499915948, "C116": 163.26618016546968, "C117": 165.19413582795485, "C118": 166.51539938435104, "C119": 164.32421015860348, "C120": 160.11334427065566, "C121": 161.52017036579787, "C122": 169.74714364132075, "C123": 166.153555162578, "C124": 162.63294359635933, "C201": 175.97127852184022, "C202": 164.9347547832205, "C203": 173.77121957143552, "C204": 167.5093378666236, "C205": 169.72837770727463, "C206": 171.143034441302, "C207": 178.03562714974188, "C208": 169.80223659618684, "C209": 173.70707187778547, "C210": 162.38188541780448, "C211": 164.55505643953967, "C212": 164.30132167149188, "C213": 170.0235583472474, "C214": 177.70574015155754, "C215": 165.94489054756764, "C216": 168.31918048149794, "C217": 165.2361154250338, "C218": 168.02206113494174, "C219": 156.6782145474829, "C220": 162.4075013732146, "C221": 169.3393582778424, "C222": 161.78473967633815, "C223": 168.15767498392213, "C224": 165.53651183667134,