{"A101": 282.65806016534856, "A102": 273.9097354223959, "A103": 281.95043865538895, "A104": 280.02693170378524, "A105": 283.41867847290183, "A106": 268.45351890324866, "A107": 279.91420457372584, "A108": 288.60109229583685, "A109": 260.5253279012236, "A110": 270.4692990927114, "A111": 270.1037313247776, "A112": 282.18119491931236, "A113": 271.98831767055214, "A114": 278.56216993744016, "A115": 279.4461605745361, "A116": 275.79801215658426, "A117": 272.86579638116774, "A118": 296.1491829603539, "A119": 278.0898034519723, "A120": 281.1892373922439, "A121": 272.72261742576626, "A122": 290.0626507819601, "A123": 282.9021695464832, "A124": 273.8600045209368, "A201": 271.1812883476666, "A202": 283.9228800839141, "A203": 280.0362344928883, "A204": 268.4664648842393, "A205": 274.5187221821176, "A206": 279.38201133406614, "A207": 281.7394804313156, "A208": 276.8293875755711, "A209": 279.2426309932591, "A210": 275.85653112827106, "A211": 269.61328598767795, "A212": 290.5718980313222, "A213": 283.6099811104752, "A214": 263.6113621273385, "A215": 281.01346147656795, "A216": 268.6831394399587, "A217": 268.56162796259116, "A218": 275.9117114107386, "A219": 282.80573358187655, "A220": 286.9511665692678, "A221": 268.6212427923139, "A222": 273.20887140978084, "A223": 284.7981723599354, "A224": 268.99115830698895, "A301": 278.5564325284614, "A302": 281.10841596496164, "A303": 270.3900281134951, "A304": 276.2138083111995, "A305": 277.35919223252176, "A306": 282.0765830326408, "A307": 281.6585765982486, "A308": 282.3402984546375, "A309": 269.2714570754719, "A310": 280.6588514894077, "A311": 282.9365119735387, "A312": 268.7812009503201, "A313": 283.4881732559899, "A314": 278.68408118235993, "A315": 276.42450969229594, "A316": 287.09030478857954, "A317": 256.4604579097609, "A318": 273.78058439777465, "A319": 279.01736817934517, "A320": 269.5378119292975, "A321": 262.47533848651, "A322": 279.075476561205, "A323": 273.25154931885646, "A324": 278.7573379565613, "A401": 278.6759845582188, "A402": 275.6375960620808, "A403": 269.90305207037295, "A404": 274.53019072764295, "A405": 281.39987309062457, "A406": 273.55648209104237, "A407": 278.6967368302697, "A408": 274.6024316210475, "A409": 274.96865829712743, "A410": 283.5789698611772, "A411": 278.6263646330711, "A412": 275.3247192036773, "A413": 262.9346205021081, "A414": 265.0836865088905, "A415": 285.73614224516643, "A416": 282.23406043450416, "A417": 286.3498089495344, "A418": 278.0565699399838, "A419": 264.99484479811844, "A420": 278.74067143922446, "A421": 272.1996402125556, "A422": 273.81920870462136, "A423": 270.491383224853, "A424": 271.7358442589162, "A501": 271.5950054409013, "A502": 278.6618850239791, "A503": 285.14209823055984, "A504": 277.2793842334515, "A505": 279.3778037968322, "A506": 268.0806125675837, "A507": 285.2907451643261, "A508": 273.29976784748374, "A509": 278.8638721741966, "A510": 284.37631928465817, "A511": 284.3220408353736, "A512": 273.8710507510346, "A513": 272.9728327273004, "A514": 278.0497333816519, "A515": 278.91919050335304, "A516": 281.7028126046366, "A517": 281.74332687052674, "A518": 271.90538100802627, "A519": 288.595080995377, "A520": 286.92141040756735, "A521": 285.8388215413817, "A522": 272.02403729537536, "A523": 281.63852602241803, "A524": 282.39578277295357, "B101": 266.73845887611833, "B102": 271.5202831473952, "B103": 288.5769290586679, "B104": 269.5547670353752, "B105": 269.1760253104729, "B106": 284.80916336557596, "B107": 269.43080574271556, "B108": 273.1635097259502, "B109": 277.72041723640535, "B110": 273.80947054544606, "B111": 269.22880081950666, "B112": 285.49654937706987, "B113": 285.55521806244644, "B114": 281.5422743504785, "B115": 267.65160675178834, "B116": 278.9510315194728, "B117": 283.7201129228662, "B118": 281.0733386110082, "B119": 278.02863881813295, "B120": 264.54447633674977, "B121": 281.03156954379455, "B122": 273.7778584138962, "B123": 266.58669145526335, "B124": 273.24927704317975, "B201": 272.8992143184522, "B202": 265.1858984795643, "B203": 290.53665681693224, "B204": 282.18112769284636, "B205": 284.42831565004644, "B206": 279.2713819288649, "B207": 270.02034378232554, "B208": 270.44125951718047, "B209": 273.7278515157427, "B210": 282.36775117375635, "B211": 268.19727189364994, "B212": 268.2739539237755, "B213": 271.08795269521113, "B214": 286.12651802413825, "B215": 285.8969220169352, "B216": 285.32135388314634, "B217": 274.4916127173377, "B218": 285.052818928174, "B219": 283.5270872188617, "B220": 264.7764929315728, "B221": 290.73114604874627, "B222": 278.8651880478355, "B223": 279.04928492315236, "B224": 268.2297602781701, "B301": 276.522555402217, "B302": 268.4175537836432, "B303": 271.1772423191464, "B304": 276.2171228947787, "B305": 280.6522185529747, "B306": 283.4924416071169, "B307": 281.4917155569398, "B308": 285.39339517127945, "B309": 281.34170568824266, "B310": 276.6202180160338, "B311": 288.9430544162514, "B312": 274.62651669415806, "B313": 270.4552631141314, "B314": 269.1329463531331, "B315": 267.8446324436033, "B316": 280.36014018448105, "B317": 277.4438608760733, "B318": 285.03500861849136, "B319": 271.30104183273886, "B320": 278.98653040792436, "B321": 281.77442084030423, "B322": 278.2161943453604, "B323": 288.13361419365503, "B324": 282.42311905978744, "B401": 274.65101988127526, "B402": 267.85101083902185, "B403": 277.3816507291026, "B404": 274.02894184303165, "B405": 272.5417836737945, "B406": 293.7443927726969, "B407": 261.9371632917096, "B408": 280.82611153957953, "B409": 280.6284194240515, "B410": 273.6137311336221, "B411": 284.98966567208197, "B412": 276.9090264875118, "B413": 286.9327858753673, "B414": 277.6343264647516, "B415": 285.9975182309609, "B416": 273.40543212935177, "B417": 276.4208756939892, "B418": 277.6121505618039, "B419": 269.3218256841238, "B420": 273.13676891425695, "B421": 269.4180865130342, "B422": 273.3062195181257, "B423": 278.7886412305972, "B424": 280.3405066367555, "B501": 282.1441515997112, "B502": 266.54581450107077, "B503": 265.39595751869, "B504": 285.4189922537531, "B505": 266.46727078116754, "B506": 278.5419381406804, "B507": 282.14371420599156, "B508": 277.742381721607, "B509": 280.8817071944651, "B510": 280.1605285234806, "B511": 269.3801067344624, "B512": 271.2994229654551, "B513": 283.18559225485035, "B514": 284.7127637218562, "B515": 279.7453538095422, "B516": 286.6094593610517, "B517": 282.2226580712978, "B518": 287.2748923203268, "B519": 272.06333619206964, "B520": 282.95005806117433, "B521": 290.4003251909955, "B522": 281.3697194969502, "B523": 274.39913873095173, "B524": 277.8349775203701, "C101": 268.76037291519526, "C102": 273.6151808078768, "C103": 281.42896615216733, "C104": 280.3810770659134, "C105": 288.6939065830273, "C106": 282.5308944941207, "C107": 288.56876703518355, "C108": 279.10590257050745, "C109": 269.8336636472396, "C110": 281.97298754826096, "C111": 274.0347829415192, "C112": 269.10231848124977, "C113": 278.2338015447176, "C114": 287.45177728028875, "C115": 277.04772640784444, "C116": 271.5382435771181, "C117": 275.01282052316895, "C118": 272.1808529703514, "C119": 276.7424219477418, "C120": 273.35604087491873, "C121": 269.16386992976726, "C122": 282.57600325164395, "C123": 266.48064134954575, "C124": 269.51373390845976, "C201": 285.01687982015136, "C202": 272.1708249431992, "C203": 281.99632468001397, "C204": 282.4495054966514, "C205": 277.25588014257943, "C206": 275.46132645340435, "C207": 287.6986990333638, "C208": 284.8288654007819, "C209": 280.04127248037736, "C210": 270.97722694352075, "C211": 268.2231316002589, "C212": 274.65510142299814, "C213": 280.2944711692232, "C214": 282.48947499021494, "C215": 273.38862450597, "C216": 273.9811893661933, "C217": 273.490748766189, "C218": 280.79393132774766, "C219": 261.64985289022405, "C220": 270.710559982397, "C221": 279.55109263673563, "C222": 273.4241105985285, "C223": 278.30522697366257, "C224": 276.0717433610432, "C301": 285.0268314150207, "C302": 270.6395776465996, "C303": 276.4326558355166, "C304": 275.09187330511395,