{"A101": 32.09629416916404, "A102": 26.87118461509846, "A103": 29.71518705689315, "A104": 31.218883461036945, "A105": 28.120702321140584, "A106": 27.67944058924464, "A107": 28.967102525358484, "A108": 32.88466317281751, "A109": 28.449198180228205, "A110": 31.118640757393447, "A111": 27.538545639970753, "A112": 29.30372979102104, "A113": 29.28180331483666, "A114": 28.399404672863298, "A115": 33.19388663205841, "A116": 26.55880085651537, "A117": 26.193777665942015, "A118": 34.64284120399084, "A119": 29.090316691921057, "A120": 31.064670875118154, "A121": 32.83299886569887, "A122": 32.320925892171594, "A123": 29.948982341197237, "A124": 26.806899315174533, "A201": 27.571961622381284, "A202": 33.87235100402261, "A203": 31.424969471172624, "A204": 26.870999214455956, "A205": 31.288512294959595, "A206": 27.89232467654315, "A207": 27.184617770873132, "A208": 29.953831587993182, "A209": 29.482922695182125, "A210": 28.211817307336215, "A211": 26.12076374043063, "A212": 32.661235160045386, "A213": 29.690298428058526, "A214": 28.78089332741022, "A215": 32.59391005707923, "A216": 28.828033565343453, "A217": 28.473459032994306, "A218": 29.62382699412362, "A219": 29.458680337190383, "A220": 26.89391401832295, "A221": 27.394197939355884, "A222": 31.12253214086401, "A223": 27.844952979442446, "A224": 30.1451322626963, "A301": 27.29968938438356, "A302": 28.334749676508793, "A303": 28.84816297475512, "A304": 28.833767114365106, "A305": 29.716348228195034, "A306": 29.421945829145923, "A307": 31.438333031078013, "A308": 26.063359096657983, "A309": 30.40262366545398, "A310": 29.78645398856084, "A311": 27.8598423960198, "A312": 26.99580569205175, "A313": 35.47875179687511, "A314": 32.868786980362636, "A315": 30.12631094785554, "A316": 34.6872038844743, "A317": 23.317424803103986, "A318": 27.586383054707426, "A319": 31.00390427891605, "A320": 26.154420314643772, "A321": 27.751224257186355, "A322": 25.717692534524144, "A323": 25.762982295176386, "A324": 31.56680146713721, "A401": 27.1752032831948, "A402": 32.2228030350812, "A403": 30.312242359928554, "A404": 25.484668838524122, "A405": 30.400938174922807, "A406": 28.13943570944904, "A407": 29.18905310070082, "A408": 28.71397382331231, "A409": 31.33800590969001, "A410": 32.75182185814376, "A411": 32.51908621767468, "A412": 26.782108044832245, "A413": 29.379603671341677, "A414": 27.578614032813377, "A415": 30.220202485696415, "A416": 28.286493027858278, "A417": 32.98522063164133, "A418": 31.872445767696895, "A419": 27.27142772555358, "A420": 30.954975046317358, "A421": 31.090116559861002, "A422": 27.563591550925615, "A423": 23.33010384338281, "A424": 27.852146011616227, "A501": 28.319492489960826, "A502": 28.162121023034047, "A503": 31.481768924587918, "A504": 31.85152687871236, "A505": 29.589739682367423, "A506": 30.07669965368191, "A507": 28.85173801488943, "A508": 26.24966429786258, "A509": 27.624926769079657, "A510": 30.439541885933117, "A511": 29.094091840647085, "A512": 26.172746549275022, "A513": 28.05797784735216, "A514": 29.83359465123498, "A515": 29.956266629559593, "A516": 29.78638607688564, "A517": 30.733352998445135, "A518": 31.71412083227348, "A519": 29.469931020134972, "A520": 24.2108710269808, "A521": 31.669842599733233, "A522": 29.746917662780874, "A523": 30.556155730663892, "A524": 30.00025390698685, "B101": 29.423601692495826, "B102": 30.79526378582811, "B103": 30.31868741289526, "B104": 27.689868542894928, "B105": 27.666947550224002, "B106": 29.87125819966876, "B107": 30.8532093454937, "B108": 26.812823113410637, "B109": 30.758103189663725, "B110": 29.267243064721484, "B111": 28.517266604528977, "B112": 32.82478624732767, "B113": 30.29216282669306, "B114": 29.507811376711814, "B115": 26.383687101510187, "B116": 31.16774360029277, "B117": 25.368849734929515, "B118": 27.682171022516435, "B119": 34.53246307412124, "B120": 27.259494538848212, "B121": 29.271215313328526, "B122": 27.501951472187333, "B123": 30.02445267894639, "B124": 30.228730054784354, "B201": 28.061619951390057, "B202": 29.039150902691272, "B203": 29.94249598821134, "B204": 31.405739356279163, "B205": 27.167861099022545, "B206": 31.806593492585545, "B207": 29.65003858269859, "B208": 27.39445922943726, "B209": 30.53453029347718, "B210": 28.952685230082018, "B211": 29.555707929803756, "B212": 26.819245176106936, "B213": 26.823809219834267, "B214": 31.691685014046467, "B215": 34.39776243023992, "B216": 31.46098619951875, "B217": 30.67928071706325, "B218": 28.4386617253803, "B219": 28.183551052903127, "B220": 29.302716592267956, "B221": 32.830815630191246, "B222": 30.56676573651416, "B223": 28.28731378922017, "B224": 29.30935263197662, "B301": 29.93434101719931, "B302": 24.257519470575083, "B303": 27.28245781669806, "B304": 27.181285545571395, "B305": 27.616641850249696, "B306": 27.0231803583752, "B307": 24.445500543289064, "B308": 30.044663110083015, "B309": 30.077263106494918, "B310": 30.794471616507526, "B311": 31.790382503178275, "B312": 28.41933239259837, "B313": 29.96277306070018, "B314": 29.386828355016, "B315": 30.069511911904133, "B316": 30.370907906134587, "B317": 30.87507314779205, "B318": 31.191251269496092, "B319": 30.43334178791407, "B320": 32.823252698138226, "B321": 25.611866966083905, "B322": 28.84011055615476, "B323": 30.427298171456453, "B324": 32.607117693384836, "B401": 29.760793502737755, "B402": 27.683947280772955, "B403": 31.02907146476442, "B404": 32.012519048194314, "B405": 30.676050595781813, "B406": 28.108479679774145, "B407": 30.356855137647116, "B408": 30.30391409964914, "B409": 31.055182710808687, "B410": 28.77241974933659, "B411": 30.060858144122648, "B412": 29.793238345520837, "B413": 33.011094693143285, "B414": 31.168007357909268, "B415": 30.91043224776428, "B416": 28.649919170483464, "B417": 26.268371871543472, "B418": 31.61408908087287, "B419": 31.548789270266422, "B420": 28.389920543820736, "B421": 26.17804507388464, "B422": 30.042465800718237, "B423": 26.897942326468332, "B424": 29.81562234421452, "B501": 30.12186887285208, "B502": 25.96915072962557, "B503": 26.868182598320416, "B504": 31.16429058894365, "B505": 27.594808861008577, "B506": 31.61721788489165, "B507": 28.904632724745593, "B508": 29.83899412373909, "B509": 32.63193959737112, "B510": 26.339171544748943, "B511": 30.046117996638205, "B512": 27.850458393097917, "B513": 28.77425573626764, "B514": 31.499109353927956, "B515": 30.33319746718566, "B516": 25.64250519664769, "B517": 34.0385913882581, "B518": 31.427635745363695, "B519": 31.22448754801198, "B520": 27.61528105279935, "B521": 30.966201239574307, "B522": 30.911282919718683, "B523": 29.70622373866408, "B524": 28.867176524577307, "C101": 29.536274872568928, "C102": 30.553466441321085, "C103": 31.28881983901294, "C104": 27.047538188846342, "C105": 28.56894303575891, "C106": 33.06566508219517, "C107": 35.086757475807424, "C108": 26.200061983751617, "C109": 26.081139582917874, "C110": 30.998949901283996, "C111": 29.220129753003125, "C112": 29.05499140316958, "C113": 29.71213324136471, "C114": 27.397050253229, "C115": 29.32244643283429, "C116": 29.11060122052502, "C117": 29.136774213641143, "C118": 29.32211684583991, "C119": 27.2778251945662, "C120": 29.590063682654655, "C121": 27.13525209365058, "C122": 30.95012773953865, "C123": 29.916859137554887, "C124": 26.71033203566849, "C201": 26.881020531106156, "C202": 31.5099508061266, "C203": 29.893417038721015, "C204": 28.30951234758062, "C205": 28.032658462380716, "C206": 33.435497113159336, "C207": 28.76054770170322, "C208": 30.65810547761115, "C209": 30.726379341150885, "C210": 29.815979368161575, "C211": 27.26122829622704, "C212": 27.7831697882022, "C213": 33.511530408270865, "C214": 34.019852983370484, "C215": 27.57739078661858, "C216": 28.649468622063534, "C217": 29.232659654646103, "C218": 31.433224263629793, "C219": 26.686313768264686, "C220": 30.796837395042253, "C221": 29.389767480296303, "C222": 30.35429356799937, "C223": 29.741199858157042, "C224": 27.82944614311626, "C301": 30.019876883753945, "C302": 29.769109850534598,