{"A101": 72.13238736142232, "A102": 64.30348596526476, "A103": 70.42975964218013, "A104": 75.16359294629339, "A105": 69.13177543387522, "A106": 62.522993176031775, "A107": 69.46770183575963, "A108": 72.77111444050382, "A109": 67.0999910977543, "A110": 75.74393459096773, "A111": 66.93586688575431, "A112": 73.53534090217862, "A113": 69.5480727486265, "A114": 65.40361739615518, "A115": 67.3198842374099, "A116": 66.3567100613279, "A117": 67.54470883743512, "A118": 77.63512778823723, "A119": 68.01195896481292, "A120": 75.35428493929439, "A121": 72.09758347352005, "A122": 74.3690747915341, "A123": 72.79918662167363, "A124": 68.14718642134748, "A201": 66.09201119569286, "A202": 76.27338185892154, "A203": 68.06488557577954, "A204": 68.91830082092005, "A205": 68.66877459284245, "A206": 72.16185673276502, "A207": 68.08056121807269, "A208": 71.25195307527635, "A209": 69.25596647303101, "A210": 66.94684933147782, "A211": 69.02648708333167, "A212": 79.52609179617292, "A213": 68.44391800856634, "A214": 68.09875765450556, "A215": 70.6623271480187, "A216": 67.54368726233321, "A217": 68.74437434500406, "A218": 68.10595776200913, "A219": 70.75520962969247, "A220": 69.09940589423894, "A221": 63.12868853525441, "A222": 66.31363711687771, "A223": 73.28752080658256, "A224": 70.90533526729227, "A301": 64.27010091678068, "A302": 63.589896762550666, "A303": 69.22518601829316, "A304": 69.28554694649272, "A305": 70.05784210325292, "A306": 70.897835164483, "A307": 71.80562392330545, "A308": 67.15048234339298, "A309": 66.75474858573376, "A310": 68.96762638935637, "A311": 66.95703218897097, "A312": 64.25678159157195, "A313": 78.62272543366302, "A314": 70.7715650493252, "A315": 68.32978668359021, "A316": 75.13619112147641, "A317": 61.872945348284, "A318": 65.76401331583098, "A319": 68.67709962232729, "A320": 62.12827622906287, "A321": 63.06236609248846, "A322": 65.94081207600046, "A323": 64.24862987305688, "A324": 71.44346399881094, "A401": 70.06412750787457, "A402": 70.05850928145351, "A403": 67.65668641509261, "A404": 67.61262060405251, "A405": 71.14363014792633, "A406": 67.21713421082032, "A407": 65.99290565350407, "A408": 68.89683411094815, "A409": 70.26294091458936, "A410": 76.36363917343103, "A411": 74.27228869420203, "A412": 66.19937657050315, "A413": 66.51676193741542, "A414": 66.57184054705759, "A415": 69.52720811161886, "A416": 67.8873254450852, "A417": 77.48551352552262, "A418": 74.77183058440926, "A419": 65.12262210244435, "A420": 69.75981103926613, "A421": 68.72021842529874, "A422": 67.06737836487048, "A423": 64.44295615911986, "A424": 67.14334952554093, "A501": 66.75471166037926, "A502": 71.14125405299072, "A503": 70.71954230084883, "A504": 71.96654287866025, "A505": 74.110901930875, "A506": 69.08242465609412, "A507": 70.11645655710801, "A508": 64.83522656321824, "A509": 61.87159532105705, "A510": 66.29433425885709, "A511": 71.38470717790908, "A512": 68.11012343966776, "A513": 64.53927353576859, "A514": 74.09608574915103, "A515": 66.31928939701996, "A516": 71.37864491911314, "A517": 73.57907472254992, "A518": 69.29662385837739, "A519": 72.18399348211545, "A520": 66.39418197186629, "A521": 75.9634406695692, "A522": 67.62359489004865, "A523": 73.40674780111534, "A524": 72.46514607315673, "B101": 71.22379625623995, "B102": 73.82218572609055, "B103": 72.20452153411388, "B104": 65.6088112398999, "B105": 61.617046278535845, "B106": 73.2048929206987, "B107": 68.13514081614616, "B108": 67.82602424961672, "B109": 75.16846521775882, "B110": 73.39521515700164, "B111": 68.91113244116231, "B112": 75.80663172507417, "B113": 73.29727630266964, "B114": 68.25130143941217, "B115": 63.245377414799535, "B116": 70.27940594125424, "B117": 65.54092130120522, "B118": 66.43458966802746, "B119": 72.72571019869048, "B120": 63.02138205946784, "B121": 71.41784921288722, "B122": 68.18908160649227, "B123": 67.38401674170217, "B124": 68.2303849706689, "B201": 65.61621843196329, "B202": 65.39591851966154, "B203": 71.1139356551751, "B204": 70.5109618646135, "B205": 64.80028069312036, "B206": 71.11844136516885, "B207": 66.89677734789059, "B208": 63.284630006533234, "B209": 73.1594409375257, "B210": 69.18065621319978, "B211": 68.73641169520434, "B212": 64.97303682041141, "B213": 69.82576142234882, "B214": 73.47675402645874, "B215": 75.55811675507555, "B216": 74.84987715801377, "B217": 72.29030313493607, "B218": 73.46881310073196, "B219": 70.84344020891434, "B220": 70.50550123567177, "B221": 76.57673394505099, "B222": 69.80817301445177, "B223": 69.76666628338417, "B224": 71.74148001422265, "B301": 71.03037245607887, "B302": 58.32991105896933, "B303": 67.11114635433763, "B304": 68.77540740810066, "B305": 68.6374889225301, "B306": 69.99183944865922, "B307": 67.91130578092903, "B308": 74.07282584916578, "B309": 72.39539028543172, "B310": 67.99492139421689, "B311": 74.90452846107898, "B312": 69.99941230471474, "B313": 67.25794769896356, "B314": 66.2588919990212, "B315": 69.15203214742664, "B316": 70.03570010203163, "B317": 69.94448923046765, "B318": 75.54756303574176, "B319": 68.51324345407166, "B320": 77.24433585191768, "B321": 67.01177804050545, "B322": 70.29427029393607, "B323": 73.56832838524095, "B324": 73.2794658632693, "B401": 65.34780729326928, "B402": 68.20266772415661, "B403": 70.8679307065869, "B404": 74.14401393425834, "B405": 67.19827059689545, "B406": 69.2488084567905, "B407": 68.96727200545156, "B408": 70.70883941090601, "B409": 71.42434924340309, "B410": 69.76435161769841, "B411": 73.51600602377817, "B412": 68.17121971424268, "B413": 73.22317036138115, "B414": 68.26722539848413, "B415": 73.12032390405149, "B416": 69.28967070645116, "B417": 65.9568471110016, "B418": 71.48027915479005, "B419": 71.09558588686757, "B420": 66.3645334026067, "B421": 68.78066281703042, "B422": 67.53222831753007, "B423": 69.2371438876653, "B424": 68.10608290773048, "B501": 73.1757764480198, "B502": 66.23080510002919, "B503": 63.92784960415802, "B504": 69.98513221018551, "B505": 66.20681831996919, "B506": 69.62729349164529, "B507": 69.96959039394898, "B508": 68.79919800508442, "B509": 75.70416663213513, "B510": 67.66196392570944, "B511": 65.8937179464999, "B512": 68.32358796834828, "B513": 69.61769917736521, "B514": 73.31503657447094, "B515": 69.59693242473836, "B516": 66.10403168584027, "B517": 72.99685440105209, "B518": 73.46272736141921, "B519": 71.67793861597104, "B520": 70.97232807179537, "B521": 71.35545856160303, "B522": 74.1942225985374, "B523": 69.92081496723048, "B524": 68.29251727082807, "C101": 65.44010030748483, "C102": 77.1167141664803, "C103": 70.61165214035155, "C104": 69.42824174786328, "C105": 74.9339279452541, "C106": 73.34526511949024, "C107": 75.30101410886779, "C108": 69.4909370625457, "C109": 69.39027850517053, "C110": 71.2908961471666, "C111": 69.96245021289165, "C112": 70.8969238726705, "C113": 67.71208847798827, "C114": 67.48409471666749, "C115": 70.4922943357203, "C116": 72.23728199331796, "C117": 66.84231983398048, "C118": 69.4985290307966, "C119": 65.12592459614538, "C120": 66.59213753758078, "C121": 66.50848433133095, "C122": 70.59771847135234, "C123": 68.73315093274785, "C124": 66.99271111908911, "C201": 71.20382523364225, "C202": 70.23873020986179, "C203": 68.61974576935107, "C204": 70.65067321073018, "C205": 68.94730794793706, "C206": 71.71090063331306, "C207": 75.69796110601796, "C208": 72.64347882119502, "C209": 66.07682644667688, "C210": 64.67407542808041, "C211": 68.31972144723925, "C212": 70.13866557865026, "C213": 75.41754645113062, "C214": 73.44139743699678, "C215": 65.86833414446934, "C216": 69.71773869969701, "C217": 70.49255694761688, "C218": 70.66543946866521, "C219": 64.33239329867537, "C220": 70.53546728118147, "C221": 70.65726206295368, "C222": 68.95613796356807, "C223": 68.26164383602143, "C224": 67.08638833539116, "C301": 70.63097130368631, "C302": 67.28936116998533, "C303": 69.65842861716061, "C304": 70.46332534751608, "C305": 74.74953810762204, "C306": 69.95749063831663, "C307": 75.3655646465601, "C308": 68.19401760563125, "C309": 66.44164167785047,