{"A101": 272.3400070588446, "A102": 261.509110262379, "A103": 269.9793724806998, "A104": 270.5334668801146, "A105": 269.8324747602128, "A106": 256.86941760520176, "A107": 269.55212021110896, "A108": 276.3028685678887, "A109": 251.9301031194353, "A110": 261.6344435131476, "A111": 261.5608140955498, "A112": 270.58867818484896, "A113": 262.5147638196551, "A114": 268.2071551982697, "A115": 267.3636492147193, "A116": 261.9044867465882, "A117": 261.6339676438087, "A118": 283.7800082971294, "A119": 266.29008036230823, "A120": 270.87930713269475, "A121": 262.4719132071771, "A122": 281.02299503820507, "A123": 271.4029237226831, "A124": 263.66402888898807, "A201": 260.57751439022815, "A202": 275.19927749074577, "A203": 269.60590966155286, "A204": 260.6430086085304, "A205": 264.49575156997264, "A206": 269.687866472773, "A207": 272.5827064897551, "A208": 265.2143016818729, "A209": 269.61023616568093, "A210": 265.5555718728213, "A211": 259.1713111520584, "A212": 278.30302329528064, "A213": 272.5253419325409, "A214": 253.38955727353016, "A215": 270.35201384584263, "A216": 259.4064977464844, "A217": 257.27465396006664, "A218": 264.8633404544083, "A219": 273.8767348328457, "A220": 276.46182296204665, "A221": 258.4407751261175, "A222": 261.826255436414, "A223": 274.67414441236144, "A224": 259.072981633239, "A301": 267.7239017310566, "A302": 270.7849080994041, "A303": 259.7422566352204, "A304": 264.80004481066555, "A305": 269.3446628143163, "A306": 270.9581324696344, "A307": 269.55795849524077, "A308": 270.77351872056147, "A309": 258.74179208253946, "A310": 270.27887287889706, "A311": 273.6423792402883, "A312": 259.3224849754786, "A313": 272.43270717991885, "A314": 269.8577340053731, "A315": 266.0060220498437, "A316": 275.64066743262066, "A317": 248.25296999245745, "A318": 263.0817878561061, "A319": 268.6468883488756, "A320": 257.9077805771957, "A321": 250.14271274305338, "A322": 267.6131547550616, "A323": 258.99282752429, "A324": 267.94237700653764, "A401": 269.2332045257295, "A402": 266.0919371639248, "A403": 260.3028889559327, "A404": 264.3215603968894, "A405": 272.42762791439316, "A406": 262.95028012997625, "A407": 267.15114940518856, "A408": 263.8803951385702, "A409": 263.4984921263564, "A410": 272.52405207544183, "A411": 268.27130738478746, "A412": 265.5960123248676, "A413": 252.5606368719598, "A414": 255.30302115098047, "A415": 275.51321011853236, "A416": 270.89795948860257, "A417": 275.8805316084782, "A418": 269.2736814986969, "A419": 252.8425777546761, "A420": 268.7067876063066, "A421": 259.64650516224174, "A422": 262.9374491128685, "A423": 258.85721893167, "A424": 263.62169668410405, "A501": 259.79600648450344, "A502": 268.7826307299343, "A503": 272.05914804721067, "A504": 266.45115069260254, "A505": 269.86630673390306, "A506": 259.35225218554785, "A507": 275.30659768961544, "A508": 260.3012366627871, "A509": 268.1692226819308, "A510": 273.38898759880334, "A511": 274.1335789797201, "A512": 265.4962321510211, "A513": 259.6673987873223, "A514": 267.01670574003805, "A515": 267.9052732192512, "A516": 271.31802426973223, "A517": 272.556943684774, "A518": 263.2957028583083, "A519": 278.387027537214, "A520": 275.40740668843296, "A521": 274.6773311016093, "A522": 260.2070903864625, "A523": 270.48060465995536, "A524": 271.27493204474996, "B101": 258.76380480559465, "B102": 261.6542958599985, "B103": 276.86206235653606, "B104": 257.87310383649594, "B105": 257.63653632471375, "B106": 276.3488979479012, "B107": 257.5329429616202, "B108": 263.0544561473201, "B109": 268.8897858568257, "B110": 263.3630141738819, "B111": 258.6603910689146, "B112": 273.80372241391797, "B113": 274.3091486287186, "B114": 269.02381856466667, "B115": 257.1610694387659, "B116": 269.3669561144518, "B117": 272.2545366496808, "B118": 271.4477914043042, "B119": 265.7484192937397, "B120": 253.72920877321977, "B121": 272.2172213319119, "B122": 264.1361289966421, "B123": 256.0104172859467, "B124": 264.0785438784306, "B201": 262.14568559979483, "B202": 254.99853687300896, "B203": 278.850164265534, "B204": 272.450025097393, "B205": 274.1963443413851, "B206": 268.23407780022325, "B207": 259.0974876091412, "B208": 259.0401636485515, "B209": 264.33339807062555, "B210": 270.7959023653846, "B211": 258.6867915729467, "B212": 257.30648665499996, "B213": 261.8641552606455, "B214": 277.03522704020776, "B215": 274.76944447740317, "B216": 274.08898311846787, "B217": 262.4367204796504, "B218": 273.43981404600316, "B219": 273.8840760826361, "B220": 253.37631150678422, "B221": 278.07895558533266, "B222": 269.7908229307909, "B223": 266.4131200500429, "B224": 255.5170896406816, "B301": 264.5853593992616, "B302": 258.82410871485115, "B303": 260.6467576373714, "B304": 264.3973499969601, "B305": 270.5425546056331, "B306": 274.19695706427814, "B307": 269.178726638408, "B308": 275.22498491832226, "B309": 269.6183276377181, "B310": 266.85199613413243, "B311": 280.0648637011043, "B312": 265.1952963603481, "B313": 259.089657269764, "B314": 255.78719384880907, "B315": 257.24955440059625, "B316": 270.80070110650473, "B317": 264.2899699602766, "B318": 273.8849105307419, "B319": 260.1033321859472, "B320": 270.53422624916976, "B321": 271.2377417760906, "B322": 269.71135299918774, "B323": 276.99059464722734, "B324": 272.92123494654373, "B401": 263.4792153787804, "B402": 257.19645910635035, "B403": 266.4288968379407, "B404": 263.06483056966454, "B405": 262.7296920601723, "B406": 282.84977169327664, "B407": 251.919349044222, "B408": 271.15663979494974, "B409": 271.1979397077558, "B410": 262.99799658699015, "B411": 274.5404031855812, "B412": 264.563965408061, "B413": 277.46650123038955, "B414": 266.9578462943875, "B415": 274.82994076466144, "B416": 264.43526488656534, "B417": 267.32502480426683, "B418": 267.99492958853165, "B419": 260.6933886488232, "B420": 260.8686209548194, "B421": 255.81827993751895, "B422": 262.7713637839217, "B423": 268.88726802957376, "B424": 270.60131179253017, "B501": 269.2147516424362, "B502": 256.5403192778011, "B503": 253.88714887912093, "B504": 274.8433075083149, "B505": 256.56300102439747, "B506": 268.60614753439455, "B507": 272.83989724256276, "B508": 266.94627592160697, "B509": 272.2793244589456, "B510": 266.73510559680085, "B511": 261.90637362584823, "B512": 260.6261717983141, "B513": 272.71307103934845, "B514": 274.86089322491557, "B515": 270.6853648629877, "B516": 275.1749633380072, "B517": 272.6884104886787, "B518": 278.5079743700716, "B519": 262.2598797692557, "B520": 271.362087054042, "B521": 277.55744974682705, "B522": 271.7648161656829, "B523": 264.71145991939943, "B524": 266.1459750432321, "C101": 257.2816968123072, "C102": 262.3981030590238, "C103": 270.6636313773557, "C104": 268.2925552527372, "C105": 278.78907252979906, "C106": 269.78809082368804, "C107": 279.5106151201772, "C108": 268.93409878352134, "C109": 258.8585261238185, "C110": 273.1439618090807, "C111": 265.47702197236504, "C112": 257.5247628508958, "C113": 266.07129261385296, "C114": 276.18019081816544, "C115": 266.2785073684237, "C116": 260.31991530489796, "C117": 263.81024564405595, "C118": 261.9854488818069, "C119": 266.36828485297605, "C120": 261.97642334682354, "C121": 258.8375002118248, "C122": 272.1088151434261, "C123": 257.269975827772, "C124": 256.534682660602, "C201": 274.99327711722003, "C202": 259.96833733811917, "C203": 270.4073606786448, "C204": 271.76598478925797, "C205": 264.25567298746176, "C206": 264.097128096825, "C207": 277.47102536599607, "C208": 274.43146090237303, "C209": 271.10630854939535, "C210": 261.15813604984555, "C211": 259.3062412665579, "C212": 262.74633711257707, "C213": 269.1627303112515, "C214": 271.44483136915704, "C215": 261.003665967281, "C216": 263.9036426551124, "C217": 263.450334722501, "C218": 268.86819545731066, "C219": 248.27242029532118, "C220": 261.31790509749055, "C221": 268.8212439392863, "C222": 263.7351445997156, "C223": 268.746779138699, "C224": 267.62659857405555, "C301": 273.5621463522415, "C302": 262.7615942930168, "C303": 267.4096226997649, "C304": 265.1977698299944,