{"A101": 211.69530822708242, "A102": 194.56668725251814, "A103": 201.5480386203755, "A104": 212.91730210978923, "A105": 201.16290793019115, "A106": 193.6082566968934, "A107": 205.8793586864913, "A108": 212.4715629392605, "A109": 188.9598766622139, "A110": 207.04556151704188, "A111": 200.1388049926806, "A112": 203.36976753030993, "A113": 194.01788652759487, "A114": 203.65195140607068, "A115": 197.90662478037274, "A116": 199.25096985178354, "A117": 199.52614729778685, "A118": 214.49601724220136, "A119": 198.45319704047083, "A120": 204.3907325716583, "A121": 204.42885015747817, "A122": 212.67545282411334, "A123": 205.30860205598103, "A124": 197.33010052923345, "A201": 197.81515492921713, "A202": 208.10265556266896, "A203": 194.4443290633709, "A204": 195.8295193511127, "A205": 203.50250364974534, "A206": 203.48365462583067, "A207": 206.9672368216556, "A208": 200.648776847738, "A209": 203.27198203257646, "A210": 200.64945720349476, "A211": 195.38811420683365, "A212": 212.01901755261935, "A213": 205.32383735014662, "A214": 193.35288692851287, "A215": 210.18093233095527, "A216": 195.9742381554804, "A217": 200.85266216929054, "A218": 203.51303328343468, "A219": 202.76952288322966, "A220": 206.5558660052807, "A221": 197.5352168118935, "A222": 197.11572084832508, "A223": 211.92143981889518, "A224": 198.82523686487912, "A301": 197.3617744087495, "A302": 205.39267213666332, "A303": 198.34770371443113, "A304": 202.349150602472, "A305": 209.5361577138387, "A306": 205.60585096246842, "A307": 209.49818912696003, "A308": 200.2575220751394, "A309": 194.5399000670824, "A310": 200.21696149603108, "A311": 207.33917255323925, "A312": 197.17212162016887, "A313": 212.38393166010118, "A314": 203.98276748164074, "A315": 201.35118875698964, "A316": 209.93397871933067, "A317": 189.5831852066009, "A318": 199.24928516742332, "A319": 197.79240602669367, "A320": 194.01822556637214, "A321": 185.81198371174509, "A322": 199.57905373898865, "A323": 195.07114495898998, "A324": 200.0438591958639, "A401": 205.49484822835012, "A402": 206.16850526284702, "A403": 197.95285967756422, "A404": 202.79707255182302, "A405": 211.09309526410206, "A406": 200.03797786410058, "A407": 197.8712716383545, "A408": 201.44715693321248, "A409": 196.2693308018016, "A410": 209.0312260503398, "A411": 206.5493990241659, "A412": 203.27723813196735, "A413": 191.5589348613846, "A414": 195.31506907782708, "A415": 211.58486843752002, "A416": 203.0105443380232, "A417": 214.60467850165736, "A418": 201.49586357626515, "A419": 193.74388767776603, "A420": 205.27884962426185, "A421": 198.91114051964865, "A422": 194.25776251875217, "A423": 197.72034118660895, "A424": 201.63518085972274, "A501": 196.1595172600659, "A502": 207.90798274385958, "A503": 210.34123404944881, "A504": 207.03394892718765, "A505": 199.5442388865492, "A506": 197.7704588926481, "A507": 210.53995475142517, "A508": 192.29672391927835, "A509": 203.85707712492595, "A510": 200.7903366388114, "A511": 212.39514947047167, "A512": 197.97556767204412, "A513": 192.97607320806748, "A514": 202.55817169057923, "A515": 199.73843336342924, "A516": 210.97875984397638, "A517": 210.26985075549797, "A518": 198.79253329416966, "A519": 209.0048544948115, "A520": 210.3188583572554, "A521": 205.85706025538613, "A522": 198.32762448934724, "A523": 206.84623762643392, "A524": 204.22153003820551, "B101": 195.24847778459394, "B102": 196.81555904206033, "B103": 213.11483473944998, "B104": 194.1095962706688, "B105": 196.20771241952167, "B106": 213.30840288539443, "B107": 197.6369673528007, "B108": 201.61787141363624, "B109": 208.64820818205106, "B110": 198.66534767816884, "B111": 200.63416108459984, "B112": 209.52481830602886, "B113": 210.58532533526187, "B114": 200.6302102198057, "B115": 196.4865170668505, "B116": 204.83148263891033, "B117": 207.88386120979234, "B118": 198.4320892119008, "B119": 201.77372278376845, "B120": 186.51924313881463, "B121": 209.79888386485172, "B122": 201.75140557053544, "B123": 195.77775486663631, "B124": 199.0770116978892, "B201": 198.88065262438144, "B202": 191.74823649532482, "B203": 212.27113524406602, "B204": 203.89730893031808, "B205": 207.66695252804058, "B206": 200.72859671391117, "B207": 197.17114242446348, "B208": 196.65486801847183, "B209": 202.20981132142995, "B210": 205.3587653799862, "B211": 193.40813574591948, "B212": 192.16699098653228, "B213": 200.5225340300201, "B214": 207.90348934158683, "B215": 211.27465938035894, "B216": 209.88947516027403, "B217": 206.53204545758499, "B218": 209.4716788676586, "B219": 208.4670064319444, "B220": 194.32126392574145, "B221": 214.0948627732146, "B222": 207.92137417582805, "B223": 204.63693798833418, "B224": 196.84078578929606, "B301": 204.17979510083063, "B302": 199.20686241472723, "B303": 198.91002933809898, "B304": 203.24293279156015, "B305": 205.57565630526756, "B306": 211.5581843906723, "B307": 204.0638186731934, "B308": 216.1927784038757, "B309": 200.0188898829158, "B310": 202.76302497074607, "B311": 215.83571118467444, "B312": 200.42997010203584, "B313": 193.61076155998668, "B314": 194.0283342660517, "B315": 197.47711019137932, "B316": 208.71559279587015, "B317": 200.42992145936594, "B318": 212.35128670894548, "B319": 199.13883603392065, "B320": 206.42362620792437, "B321": 203.23339620551425, "B322": 205.10540226391305, "B323": 218.2898905455595, "B324": 202.52687541368718, "B401": 198.27148494456912, "B402": 199.97482115273996, "B403": 207.65480277462913, "B404": 198.24490878912678, "B405": 196.21577030706806, "B406": 215.75054424235182, "B407": 192.61308940963755, "B408": 203.03089580924555, "B409": 201.86924082350566, "B410": 199.83271713083178, "B411": 206.8514866401138, "B412": 204.9033863686199, "B413": 212.70959592362277, "B414": 204.19057375860376, "B415": 207.2179728361088, "B416": 198.343804116661, "B417": 204.07549591957908, "B418": 204.8290600034397, "B419": 200.98839972882809, "B420": 193.8332132483657, "B421": 193.2786054729273, "B422": 203.21076288775785, "B423": 201.200151287533, "B424": 202.2455697066677, "B501": 206.39982837493454, "B502": 197.15301658688173, "B503": 188.24051615962688, "B504": 209.27731250154451, "B505": 196.4338520241433, "B506": 199.09409938068868, "B507": 205.5178618322434, "B508": 202.99462953337832, "B509": 206.52090991201334, "B510": 204.95292384747, "B511": 196.83539505219306, "B512": 202.61527785382305, "B513": 210.7589565945092, "B514": 208.98138184931108, "B515": 205.96033596554355, "B516": 209.243624218116, "B517": 209.29404273351747, "B518": 217.07904022703772, "B519": 198.51408351537492, "B520": 206.48882375471572, "B521": 213.91082839687903, "B522": 206.87855565205322, "B523": 201.82332324096046, "B524": 205.23856307296776, "C101": 192.2672772839085, "C102": 201.46386013548315, "C103": 202.95947133261348, "C104": 203.61572430255293, "C105": 212.36443753036858, "C106": 204.36353062299332, "C107": 212.41229249727553, "C108": 203.98237749687263, "C109": 200.22807528452466, "C110": 205.43237278033212, "C111": 205.09113976993294, "C112": 194.32058611765868, "C113": 200.30146687459066, "C114": 210.01221436246038, "C115": 202.46593995623314, "C116": 198.3397852322774, "C117": 198.70006937911793, "C118": 200.62680894666687, "C119": 197.05296383843057, "C120": 195.039988785338, "C121": 195.81514145615466, "C122": 204.99436170632703, "C123": 196.43248831824914, "C124": 198.39098386241216, "C201": 210.81622930914008, "C202": 197.77660858487002, "C203": 207.7616922608577, "C204": 205.90228664078631, "C205": 203.28887766838312, "C206": 203.1996404088907, "C207": 213.08721925709284, "C208": 205.2477945153799, "C209": 209.93043356866812, "C210": 199.20743137107638, "C211": 195.80604987922518, "C212": 200.85513550224775, "C213": 205.4200849722555, "C214": 211.1189596620877, "C215": 196.749020291624, "C216": 203.14284481796625, "C217": 200.10156556376631, "C218": 200.01961430148214, "C219": 190.4148543714382, "C220": 198.58935799708252, "C221": 201.40710696182825, "C222": 196.90862797947108, "C223": 201.49216377783162, "C224": 202.00129559774828,