{"A101": 243.4200170765834, "A102": 230.12915075195883, "A103": 236.0544102974515, "A104": 246.556695170117, "A105": 235.1283453564947, "A106": 226.3768812343368, "A107": 235.70447431167818, "A108": 250.69637795717767, "A109": 224.8661465281374, "A110": 234.42780034384776, "A111": 232.33143150813774, "A112": 240.1245190107359, "A113": 232.20956544062787, "A114": 237.06956261114777, "A115": 237.34305827796055, "A116": 235.1076552611299, "A117": 235.2892370400134, "A118": 252.16513756535943, "A119": 232.3683930564526, "A120": 240.53808546317697, "A121": 234.09863434933544, "A122": 250.52697598504054, "A123": 244.96433728116287, "A124": 230.77835564664724, "A201": 234.00911561119108, "A202": 242.63148268469914, "A203": 237.19418219697366, "A204": 229.75740207064493, "A205": 235.69936931109117, "A206": 237.17800376144424, "A207": 242.86093465818206, "A208": 233.6184928846425, "A209": 241.44649756866747, "A210": 237.09986393529297, "A211": 229.51692115207155, "A212": 246.9140061164773, "A213": 241.70590631449937, "A214": 229.68810770015907, "A215": 244.4041739930458, "A216": 231.86540885691966, "A217": 231.1010530979771, "A218": 236.45116661147887, "A219": 239.66163570765445, "A220": 242.52413684346254, "A221": 229.66788114670084, "A222": 232.93001462636917, "A223": 248.27240390577037, "A224": 231.773299538868, "A301": 237.4606173385981, "A302": 239.1968421711719, "A303": 233.53272012757645, "A304": 237.79265019991996, "A305": 243.45450521223358, "A306": 239.6852777629152, "A307": 242.61239842760816, "A308": 236.93743867238808, "A309": 228.95555463953906, "A310": 236.44866099187698, "A311": 246.70226949293632, "A312": 230.56105636076765, "A313": 244.67007680831782, "A314": 237.09725125840538, "A315": 237.1321418918395, "A316": 244.20715218757337, "A317": 222.25582344464212, "A318": 232.32182616144317, "A319": 234.76264519812526, "A320": 228.2613094749167, "A321": 219.6838690245546, "A322": 233.5306550218476, "A323": 229.5192980049718, "A324": 240.1302990103402, "A401": 242.7744015824606, "A402": 238.8017371268472, "A403": 232.06363722457542, "A404": 235.55267692611687, "A405": 243.72819466958532, "A406": 231.31071730434257, "A407": 235.40103472003145, "A408": 236.6134283911313, "A409": 232.45293095544994, "A410": 243.5939845373066, "A411": 240.67112895085202, "A412": 234.50293897581642, "A413": 224.66866523255695, "A414": 226.14383824049744, "A415": 244.89421578780846, "A416": 240.5446695209617, "A417": 245.33870481291638, "A418": 236.47790718989714, "A419": 225.73420141618323, "A420": 240.8641432036429, "A421": 231.89340313599413, "A422": 229.70416996870333, "A423": 232.13116841364047, "A424": 234.315058816948, "A501": 230.28559253012608, "A502": 240.07777377764145, "A503": 246.72485596480877, "A504": 239.68465347432075, "A505": 236.34111762542148, "A506": 233.38744382119933, "A507": 244.8128437608231, "A508": 226.53621364114156, "A509": 237.98975102012753, "A510": 237.73130834909492, "A511": 245.27325557098814, "A512": 235.4089140843314, "A513": 227.26622938937527, "A514": 238.67304083791925, "A515": 239.44170612230687, "A516": 242.8258865622929, "A517": 242.9619996805341, "A518": 234.97625068173596, "A519": 245.59965539243615, "A520": 246.33260954127934, "A521": 241.88701005969364, "A522": 229.4171837815948, "A523": 242.30522265017433, "A524": 240.00233341110746, "B101": 231.51215184635078, "B102": 231.8880348237303, "B103": 245.1534450154915, "B104": 226.20907851198038, "B105": 230.19175611887982, "B106": 247.0547429319801, "B107": 230.2578023174151, "B108": 238.783838060993, "B109": 240.40244570700492, "B110": 234.39309176707962, "B111": 231.07362247006992, "B112": 243.70254598595452, "B113": 245.52590960094798, "B114": 238.68823746895228, "B115": 228.24085080788026, "B116": 242.21026049597478, "B117": 242.91225731267184, "B118": 237.2401804774686, "B119": 235.63046943497997, "B120": 225.18612341570176, "B121": 242.69777142847687, "B122": 232.56859207371696, "B123": 228.78373501719076, "B124": 236.70793327100085, "B201": 232.98380807695295, "B202": 222.43024452995593, "B203": 246.56860484173262, "B204": 239.80772597874557, "B205": 243.99301624445485, "B206": 234.84343944337434, "B207": 228.68175368962468, "B208": 234.37889198291697, "B209": 237.65292482788053, "B210": 242.25716105790926, "B211": 227.52771517575226, "B212": 228.48078227325854, "B213": 234.00196003297577, "B214": 246.0131076057129, "B215": 247.49263459835805, "B216": 242.79281413866636, "B217": 237.91559464554805, "B218": 246.51175142638093, "B219": 244.7616004123015, "B220": 227.91961828002144, "B221": 250.6360298511323, "B222": 244.06249417441632, "B223": 236.68174330048456, "B224": 228.11295281496356, "B301": 237.781223052836, "B302": 230.52351961346176, "B303": 233.47703303004778, "B304": 234.7321764281314, "B305": 241.1315661378322, "B306": 243.27557413782046, "B307": 242.46684360694158, "B308": 249.27086179851682, "B309": 240.88879503403967, "B310": 238.7488737149183, "B311": 250.81053816526935, "B312": 233.48212144461232, "B313": 229.8723574118723, "B314": 223.48496929011577, "B315": 230.12767719351478, "B316": 239.4677265588732, "B317": 235.52626849926182, "B318": 246.88531115713693, "B319": 232.30295575532665, "B320": 239.7058247218482, "B321": 241.1950474282203, "B322": 241.70555385669675, "B323": 253.1304958499808, "B324": 239.08073302982814, "B401": 233.79945891350653, "B402": 232.3709494170756, "B403": 236.29029279933823, "B404": 234.0281135652769, "B405": 230.99496888789005, "B406": 252.82027296889663, "B407": 226.57008447621047, "B408": 239.66214770062956, "B409": 239.99628675842936, "B410": 231.6525757739942, "B411": 241.97984252428498, "B412": 237.3872091245774, "B413": 248.82093463182412, "B414": 237.68053327796792, "B415": 242.4357787370895, "B416": 233.84869960491486, "B417": 235.60056051983702, "B418": 238.27940085914804, "B419": 233.9845469239137, "B420": 231.07628681296782, "B421": 229.16339217222267, "B422": 234.08263772724996, "B423": 237.88858152815172, "B424": 238.86406201997488, "B501": 241.8773971056787, "B502": 225.80305864191703, "B503": 223.45053309589719, "B504": 244.41419943977735, "B505": 230.07426871556285, "B506": 237.77042966001898, "B507": 240.38630501194348, "B508": 237.47026966541594, "B509": 240.16052004986412, "B510": 239.80655049301646, "B511": 232.2555423119751, "B512": 233.13800980841924, "B513": 242.60948118062583, "B514": 247.75441902430723, "B515": 245.39686040243987, "B516": 241.02940330662813, "B517": 243.50956402222857, "B518": 249.2281894426825, "B519": 230.61421838193587, "B520": 245.0074727810711, "B521": 249.9750312713101, "B522": 240.65150338008897, "B523": 236.23077234484919, "B524": 237.67814973861525, "C101": 224.04132705932423, "C102": 234.3008571731741, "C103": 239.43953939034472, "C104": 236.80272544770517, "C105": 245.81878449197478, "C106": 239.48454953705752, "C107": 252.1404011787646, "C108": 240.4888910605534, "C109": 232.11449629023332, "C110": 242.4347459804168, "C111": 240.10724862806885, "C112": 231.62224163351542, "C113": 238.04267353719018, "C114": 245.83143643488683, "C115": 238.04830957561134, "C116": 231.59058159899755, "C117": 234.0169920743487, "C118": 237.67829199203422, "C119": 235.0963708538238, "C120": 229.59999090309708, "C121": 229.54027948536466, "C122": 244.4413199298552, "C123": 226.51987009864234, "C124": 232.4474754846289, "C201": 247.11496910552174, "C202": 233.7325661821024, "C203": 241.24825097447444, "C204": 242.7783578965191, "C205": 232.5607269912634, "C206": 235.39549903794307, "C207": 246.55604009971026, "C208": 244.13006249345688, "C209": 240.7925449075435, "C210": 232.23802323186305, "C211": 230.36314953551323, "C212": 236.46242053030736, "C213": 239.95930470063902, "C214": 243.02081772720786, "C215": 230.37876154770132, "C216": 236.62812866806476, "C217": 234.34802909875268, "C218": 236.48535005510087, "C219": 222.87871691218058, "C220": 235.81455666868843, "C221": 236.53644608887367, "C222": 232.57182516655632, "C223": 236.23086594052685, "C224": 237.21835453877802,