{"A101": 182.48460239580422, "A102": 163.28109717221926, "A103": 174.8356092842663, "A104": 182.26035715961547, "A105": 171.51757830760982, "A106": 167.30486401757383, "A107": 174.66138059184738, "A108": 183.84494161893292, "A109": 161.72606924839832, "A110": 177.7551235035344, "A111": 169.58403342443248, "A112": 172.67616451618966, "A113": 164.0767206901996, "A114": 175.02032747919063, "A115": 166.14260907499695, "A116": 171.58503235775478, "A117": 169.9958220429733, "A118": 185.93377952713433, "A119": 170.70709651895243, "A120": 175.91451583493551, "A121": 171.50305057746576, "A122": 178.45987152125022, "A123": 172.97170365291643, "A124": 171.6920189005779, "A201": 168.792973096797, "A202": 181.84049543027606, "A203": 164.64077364335424, "A204": 169.64878199680928, "A205": 171.6447407750094, "A206": 176.0140508378255, "A207": 178.71320767299162, "A208": 170.81396680565567, "A209": 174.5566885241606, "A210": 169.50254891711307, "A211": 167.51704923227697, "A212": 185.5856175663583, "A213": 176.48758236426949, "A214": 166.0411807920067, "A215": 179.35995039859472, "A216": 166.09291955061514, "A217": 171.87829946727206, "A218": 172.64435160630316, "A219": 174.08542509189294, "A220": 170.40303769095374, "A221": 167.100302198359, "A222": 166.5379672151233, "A223": 182.4767425783082, "A224": 171.6187808287965, "A301": 168.01512904326256, "A302": 173.98609258444102, "A303": 167.65983926236854, "A304": 171.9855841292363, "A305": 176.9010263390352, "A306": 176.53688324345092, "A307": 178.42297673310375, "A308": 168.60782523773074, "A309": 167.88589342125104, "A310": 170.45967807402178, "A311": 177.9477261594988, "A312": 169.9255422781327, "A313": 182.86423943641034, "A314": 178.3702094336616, "A315": 172.35357945737132, "A316": 178.8215424454449, "A317": 161.69640102094965, "A318": 171.5715747470049, "A319": 168.36152326083692, "A320": 167.177696227964, "A321": 160.7410200171823, "A322": 172.5347962391447, "A323": 164.14277111201798, "A324": 170.10791133219743, "A401": 176.0579729959476, "A402": 174.2778181380309, "A403": 170.69429314666954, "A404": 173.77825989649077, "A405": 182.27467815870875, "A406": 170.60714869246658, "A407": 168.60933847852394, "A408": 173.78836226090866, "A409": 170.8808352372083, "A410": 180.42889825413707, "A411": 179.5588062959697, "A412": 171.91152530076965, "A413": 164.87846691973692, "A414": 164.80703322436855, "A415": 179.39887816061932, "A416": 173.86981586656557, "A417": 185.19289255015505, "A418": 172.42413202864515, "A419": 164.5900303281306, "A420": 174.47348907205972, "A421": 170.68958836816932, "A422": 167.1272884414728, "A423": 166.96647969159588, "A424": 174.9189093471585, "A501": 165.1427848917497, "A502": 177.65291464802004, "A503": 181.7844497647408, "A504": 176.50475923834242, "A505": 170.68970843791135, "A506": 171.16792055495347, "A507": 182.51466161873682, "A508": 164.09987159719566, "A509": 174.5203320400089, "A510": 173.9944211597283, "A511": 182.007414972591, "A512": 170.1022494095733, "A513": 164.3082343888721, "A514": 173.25454319870977, "A515": 169.6878543934762, "A516": 180.57469547110853, "A517": 177.07594665134852, "A518": 167.49733698262193, "A519": 173.58067261471302, "A520": 178.1545197844625, "A521": 173.49245897086925, "A522": 167.4374448891781, "A523": 174.6452344539295, "A524": 173.41650070555696, "B101": 170.69520295017406, "B102": 168.05577085880483, "B103": 181.38767199702565, "B104": 165.78367376841047, "B105": 165.19382212813437, "B106": 182.57804601563893, "B107": 169.90753914574515, "B108": 170.64274235674247, "B109": 177.67990887985667, "B110": 172.98918554141764, "B111": 174.23228712935287, "B112": 177.74853972196436, "B113": 182.54331999712826, "B114": 171.94629584326543, "B115": 168.03183162942955, "B116": 173.2894352204458, "B117": 180.34373351685844, "B118": 167.5455573607507, "B119": 174.3256989036585, "B120": 159.22850592384913, "B121": 180.54975037425797, "B122": 172.09646117684852, "B123": 168.61946667321607, "B124": 164.87816931462697, "B201": 169.3284733665392, "B202": 163.12886547413987, "B203": 184.19947943342785, "B204": 173.78260544741124, "B205": 175.22818994399978, "B206": 170.57498583219822, "B207": 166.22629495906844, "B208": 166.01308535572488, "B209": 173.590586926958, "B210": 175.16345554571777, "B211": 164.88114186092142, "B212": 164.67170005574025, "B213": 169.24155741310332, "B214": 178.79540742708434, "B215": 180.42549729677364, "B216": 177.17916544308147, "B217": 179.23034055512622, "B218": 177.70385955451073, "B219": 179.70626684409586, "B220": 166.32951013474377, "B221": 183.7882622677832, "B222": 178.01457321605682, "B223": 177.9631241408533, "B224": 170.4042838762989, "B301": 173.30129235702594, "B302": 168.62870992088068, "B303": 171.80495721683238, "B304": 174.9962974579144, "B305": 176.13168579365922, "B306": 184.25734076926963, "B307": 175.65858891682177, "B308": 185.19559482374004, "B309": 171.89328135629066, "B310": 174.05541161542396, "B311": 184.93806164003848, "B312": 168.26010974051783, "B313": 165.81148522494888, "B314": 167.31657942295598, "B315": 169.03541047756224, "B316": 176.85924917837767, "B317": 166.24214811617253, "B318": 184.0924341118074, "B319": 170.5686955486393, "B320": 178.63858085104317, "B321": 173.07872560097394, "B322": 176.40895438056356, "B323": 185.79372290375872, "B324": 173.9234035398342, "B401": 168.79168707729116, "B402": 170.09606188017617, "B403": 173.9796767406965, "B404": 173.30634882140043, "B405": 167.559139300181, "B406": 182.7377775285237, "B407": 166.48145496480683, "B408": 173.9832927511807, "B409": 172.98545613396507, "B410": 171.79790739894375, "B411": 176.0919933002085, "B412": 174.84778155755689, "B413": 183.00233209605025, "B414": 172.39300587631774, "B415": 178.4273754452646, "B416": 170.3647988146621, "B417": 172.43435022121017, "B418": 177.98784888140247, "B419": 169.93484581121342, "B420": 165.13594416545544, "B421": 166.42747958124934, "B422": 170.32276889518698, "B423": 170.16167447923806, "B424": 171.42172512597952, "B501": 172.5907876640145, "B502": 165.73494345507055, "B503": 162.11075095423735, "B504": 176.08971474137488, "B505": 168.2941781237246, "B506": 170.66723638717124, "B507": 174.3939000406179, "B508": 172.28986597256255, "B509": 176.27344285139978, "B510": 176.51397233959452, "B511": 170.5229513686782, "B512": 173.93646782283412, "B513": 180.746760850312, "B514": 180.99157435023403, "B515": 176.5373377600129, "B516": 179.25035569286717, "B517": 180.91955473794837, "B518": 186.3447556933624, "B519": 171.73665994630483, "B520": 175.0448033524064, "B521": 183.28173264369198, "B522": 178.83896500598883, "B523": 174.58609761426783, "B524": 175.73185208698922, "C101": 163.75088900879663, "C102": 175.15871542035362, "C103": 173.74634978286124, "C104": 175.47530341871632, "C105": 180.89453271175702, "C106": 174.36049158089202, "C107": 180.19909624635392, "C108": 173.128974512322, "C109": 170.8170500157312, "C110": 178.4767505950008, "C111": 172.56558194631174, "C112": 165.3473519889199, "C113": 168.22032333489216, "C114": 179.65200462064405, "C115": 173.45992667296866, "C116": 169.2365266971029, "C117": 169.59532909125704, "C118": 171.77565436915606, "C119": 170.10788657243157, "C120": 165.73856553390243, "C121": 166.52759868909692, "C122": 176.87672428182475, "C123": 170.52502206835064, "C124": 167.32806975933377, "C201": 180.57356648350367, "C202": 170.66627196005132, "C203": 178.40001391939148, "C204": 172.9002412698606, "C205": 173.8970600120157, "C206": 176.97702620298782, "C207": 181.9767085808569, "C208": 174.7018577783461, "C209": 180.41330012895043, "C210": 166.73940297085593, "C211": 169.6460814235618, "C212": 168.89059601170803, "C213": 176.09583208102597, "C214": 182.06836447936894, "C215": 170.88893026660395, "C216": 173.35839326511598, "C217": 170.43162051260893, "C218": 172.42087924967666, "C219": 161.7320366559431, "C220": 166.91486332586229, "C221": 173.9350139015379, "C222": 166.55912886787982, "C223": 172.5724908106753, "C224": 169.747264056788, "C301": 176.86270203621638,