{"A101": 206.34672879393878, "A102": 189.7508822078839, "A103": 197.51322863542842, "A104": 207.42319136059223, "A105": 195.56947047107482, "A106": 189.31229132851178, "A107": 200.44861879545084, "A108": 207.09683601823096, "A109": 182.53766801022337, "A110": 203.86540716423025, "A111": 193.78566667713895, "A112": 199.15911076138258, "A113": 188.90457884863713, "A114": 198.9397847739163, "A115": 193.0379027003396, "A116": 194.6227040413614, "A117": 194.32813700176817, "A118": 208.00712403376363, "A119": 195.07892727323429, "A120": 199.0321615553581, "A121": 197.5184145315328, "A122": 207.05328522124944, "A123": 198.59446649399908, "A124": 192.5931851648535, "A201": 193.84501453889902, "A202": 202.70291388123536, "A203": 189.20417519688337, "A204": 191.68422209122525, "A205": 195.8504699660574, "A206": 199.01286381993253, "A207": 202.17959429470983, "A208": 196.10308258478653, "A209": 199.56806102361583, "A210": 195.67730307526875, "A211": 189.1981543526607, "A212": 206.66354070912877, "A213": 199.85088798373624, "A214": 188.0613451324554, "A215": 203.88133584008725, "A216": 191.22471008942716, "A217": 195.16581828536556, "A218": 197.73075100076124, "A219": 197.7484437402329, "A220": 200.34297196845532, "A221": 193.320208644111, "A222": 190.1764358555583, "A223": 206.53918466297068, "A224": 194.1859981283245, "A301": 191.21522407093323, "A302": 199.1206130438116, "A303": 192.66053755982236, "A304": 198.66045796210037, "A305": 204.35018823788485, "A306": 201.77661049035652, "A307": 204.89482155395763, "A308": 194.3968960644889, "A309": 189.76694246080297, "A310": 192.42853556481072, "A311": 203.11699763048853, "A312": 192.57153466210937, "A313": 207.14765507916053, "A314": 199.68082802644537, "A315": 196.6055217491032, "A316": 203.05489990593028, "A317": 183.52216819751584, "A318": 194.3982111691392, "A319": 192.3651316435495, "A320": 189.1595123308901, "A321": 181.70108556291447, "A322": 194.46220673217226, "A323": 188.5079831385601, "A324": 195.33669610731295, "A401": 199.391352122835, "A402": 201.11066139102894, "A403": 192.37928954860297, "A404": 198.56450812253559, "A405": 206.70685607321929, "A406": 194.3418390920892, "A407": 194.24342959188039, "A408": 196.03699624122237, "A409": 191.05669393664144, "A410": 204.87914459567548, "A411": 202.88544454521133, "A412": 197.32994237201888, "A413": 185.85127380429742, "A414": 190.79454116121258, "A415": 204.92177062667406, "A416": 197.08335309890455, "A417": 210.05990252983426, "A418": 195.86285155160922, "A419": 188.48171967669938, "A420": 200.89222874119534, "A421": 195.24040590902823, "A422": 187.98997809176086, "A423": 191.4884428657688, "A424": 197.22896855439495, "A501": 190.83504481896392, "A502": 201.18593076984578, "A503": 206.37331798422096, "A504": 201.47058668129367, "A505": 194.9857573576647, "A506": 192.54234790798674, "A507": 206.0848342832067, "A508": 187.58907660542647, "A509": 197.68913509941032, "A510": 196.40497125243806, "A511": 207.11451275097562, "A512": 192.29489411725493, "A513": 187.4162478119172, "A514": 197.0194227062656, "A515": 194.18186767921657, "A516": 205.1181686118573, "A517": 203.10737739442243, "A518": 192.63056500824217, "A519": 202.30351413765084, "A520": 204.06947879491727, "A521": 199.61605425145495, "A522": 191.46527658111998, "A523": 200.89631386058113, "A524": 197.71783789858355, "B101": 190.68171134005433, "B102": 192.5958131736226, "B103": 206.6068065345244, "B104": 189.28018885647447, "B105": 191.51251970403703, "B106": 207.4395095657903, "B107": 194.00165519309263, "B108": 195.8023176978759, "B109": 202.29309313629452, "B110": 192.81516103304114, "B111": 196.69954385019415, "B112": 205.3819770129947, "B113": 206.8517346628724, "B114": 194.82314143210823, "B115": 193.25558735400443, "B116": 198.24179308168607, "B117": 202.88877483479385, "B118": 191.81247942238133, "B119": 196.33856867159162, "B120": 181.43018151372917, "B121": 205.3973981257272, "B122": 197.36043787646506, "B123": 192.18982897349144, "B124": 191.51724749060452, "B201": 192.87823998876556, "B202": 188.01796347015028, "B203": 207.8892760754377, "B204": 199.1146216006997, "B205": 200.31577646162793, "B206": 195.81284680446961, "B207": 192.9080980511229, "B208": 189.48102045264235, "B209": 196.11843859717217, "B210": 199.84977433197398, "B211": 189.97877718308877, "B212": 187.62407027798452, "B213": 195.29423048117224, "B214": 201.9964479545409, "B215": 205.8773433496919, "B216": 202.3255091684134, "B217": 200.59060352455413, "B218": 204.2177884365966, "B219": 204.40255632302552, "B220": 188.31336634196657, "B221": 209.7817522728857, "B222": 202.04927241949989, "B223": 200.00605190956918, "B224": 191.7667094270796, "B301": 198.6672729076815, "B302": 192.53750725856102, "B303": 194.34023881511447, "B304": 197.21206963080814, "B305": 198.57888299778756, "B306": 206.93235074238723, "B307": 199.41253855575087, "B308": 210.97889673400894, "B309": 194.50289233878988, "B310": 198.08276587917288, "B311": 208.3849191403148, "B312": 194.09944247839272, "B313": 188.39309511243073, "B314": 189.8519642539012, "B315": 193.00341255702872, "B316": 202.6556717297022, "B317": 192.70014298481988, "B318": 207.86379367814075, "B319": 193.24554698036363, "B320": 200.1811106337261, "B321": 198.35997284248504, "B322": 200.15291577842362, "B323": 213.78530429090293, "B324": 197.7859011386873, "B401": 191.64599947534055, "B402": 196.4707295189175, "B403": 200.9381776927591, "B404": 191.87786709887612, "B405": 190.68206832191996, "B406": 210.0888343929885, "B407": 186.88883525446914, "B408": 198.94771629479354, "B409": 196.1627320613245, "B410": 193.6550242270125, "B411": 201.0016494919259, "B412": 200.3865134360012, "B413": 208.26043510897057, "B414": 197.050165089645, "B415": 201.66216736737076, "B416": 193.60722180091366, "B417": 198.6120868482665, "B418": 199.1995242444152, "B419": 195.02285063368365, "B420": 186.45095888615694, "B421": 188.30753734002622, "B422": 196.8963653446547, "B423": 193.7701908947864, "B424": 194.39902878585804, "B501": 201.22574632568362, "B502": 191.31112529853448, "B503": 182.60382337955133, "B504": 203.87275363975172, "B505": 191.43107904063518, "B506": 195.27945851288408, "B507": 199.67104630744163, "B508": 196.22819543698196, "B509": 200.02007372537716, "B510": 200.4379723515476, "B511": 192.5157522693367, "B512": 197.03137449155747, "B513": 205.80994691581301, "B514": 202.76776797849482, "B515": 200.87658832584552, "B516": 204.3718089301215, "B517": 203.31529048759958, "B518": 211.8940691949134, "B519": 193.23235457687167, "B520": 201.69011463040798, "B521": 207.8596715930854, "B522": 200.92470329749366, "B523": 198.10135335526755, "B524": 201.29307314360992, "C101": 186.2850355987479, "C102": 197.15862856771446, "C103": 197.82185408371998, "C104": 197.91139619386684, "C105": 205.2060854508133, "C106": 199.8707524363071, "C107": 206.1133595483803, "C108": 198.53397698252004, "C109": 195.75598494285336, "C110": 201.579954420017, "C111": 200.17802808178047, "C112": 190.2938054580306, "C113": 193.97464761292872, "C114": 203.95802510192917, "C115": 198.04691828472258, "C116": 193.55929901448854, "C117": 193.18583223335304, "C118": 194.84950754368143, "C119": 192.77312839280515, "C120": 190.711640598957, "C121": 190.62805550601198, "C122": 199.58911339139615, "C123": 190.87333953130388, "C124": 192.17936195182963, "C201": 205.39257647644766, "C202": 193.22774385122725, "C203": 203.23182047964679, "C204": 201.50904244124672, "C205": 197.8595216462708, "C206": 199.14667431806149, "C207": 207.6639687378174, "C208": 199.61489320707565, "C209": 205.0236388316315, "C210": 192.81283671322652, "C211": 191.02249280746477, "C212": 192.92680435980657, "C213": 201.3353257641432, "C214": 205.9501523127282, "C215": 192.19599228549242, "C216": 198.6034927726757, "C217": 194.6221360253241, "C218": 196.6707642613131, "C219": 185.3326732838835, "C220": 191.4139004390954, "C221": 196.32081835921667, "C222": 191.3179225158822, "C223": 197.19931403019766, "C224": 196.88973816826132,