{"A101": 222.5018689162482, "A102": 207.17368781636677, "A103": 213.49656846119387, "A104": 225.56924901868953, "A105": 214.06493448590763, "A106": 206.3483416685093, "A107": 217.2142258123756, "A108": 226.59163482239165, "A109": 203.35770774530826, "A110": 216.3317349139413, "A111": 213.72825763145488, "A112": 215.84720771893723, "A113": 208.25839629040706, "A114": 216.65384387858765, "A115": 213.93521252640548, "A116": 212.59488687475042, "A117": 211.4281756687795, "A118": 231.13195978610776, "A119": 209.85973803036217, "A120": 218.9467750493126, "A121": 216.0377021211056, "A122": 229.03167940572052, "A123": 223.5338724901398, "A124": 209.83504026692225, "A201": 210.1321296752638, "A202": 221.1268391963103, "A203": 209.56368914509483, "A204": 209.02962390654415, "A205": 216.90246091984184, "A206": 216.38688868900857, "A207": 218.83374793556553, "A208": 214.50433281491445, "A209": 219.5750337269782, "A210": 212.0927093815901, "A211": 209.47960565468944, "A212": 223.47799128095392, "A213": 219.41567188942375, "A214": 206.12193823324472, "A215": 223.94555564680257, "A216": 209.24051929116325, "A217": 212.10729372465462, "A218": 215.94130286028317, "A219": 218.14126506180426, "A220": 219.7829108720655, "A221": 208.4331629983906, "A222": 212.61689045634526, "A223": 224.4435297982715, "A224": 211.56544201352068, "A301": 213.1984663371899, "A302": 222.41659012240132, "A303": 211.09806687209897, "A304": 216.14352805207534, "A305": 220.16180865412167, "A306": 219.94005239274486, "A307": 222.23653198578128, "A308": 213.2756775701158, "A309": 207.2820508775389, "A310": 214.43819917719628, "A311": 223.5912640338382, "A312": 210.80036878473027, "A313": 224.94218175630147, "A314": 216.99403655014467, "A315": 215.07714842449118, "A316": 223.51487714526317, "A317": 204.50470846515424, "A318": 214.2761533646372, "A319": 210.498438076116, "A320": 207.6184516782676, "A321": 196.6361657073601, "A322": 211.58911685672385, "A323": 209.20041343356672, "A324": 213.88210272540042, "A401": 220.59765178464608, "A402": 218.55689322906534, "A403": 211.9721917233792, "A404": 215.05901955373133, "A405": 222.75332691388613, "A406": 209.73777966131675, "A407": 210.6744348265554, "A408": 215.53325508381008, "A409": 209.5606337024683, "A410": 220.27237446489832, "A411": 220.822301975656, "A412": 214.67204349023075, "A413": 204.65062941684883, "A414": 207.85252891057328, "A415": 224.23122871755456, "A416": 215.5707447902034, "A417": 227.93029050015562, "A418": 215.7650436370082, "A419": 208.02092689373788, "A420": 217.86690263379077, "A421": 211.1077410474718, "A422": 206.78485597900087, "A423": 211.81438860242542, "A424": 213.96941658538083, "A501": 208.5849669523222, "A502": 222.4011263503424, "A503": 224.63416046339947, "A504": 218.42170494299606, "A505": 215.48298443275002, "A506": 211.4609563686729, "A507": 222.7299153277844, "A508": 206.73319708150075, "A509": 216.2798735700914, "A510": 213.59449005679116, "A511": 224.33597429839645, "A512": 211.91273845206575, "A513": 206.9298480652979, "A514": 215.8981021535381, "A515": 215.32631972143847, "A516": 221.85648754886753, "A517": 222.5289994549292, "A518": 213.41564312175424, "A519": 222.9700864387073, "A520": 225.14884045601588, "A521": 219.37122667301165, "A522": 210.09864784733065, "A523": 219.09740483560128, "A524": 218.96248993652486, "B101": 208.1533596781386, "B102": 208.76923811056085, "B103": 224.31304311280485, "B104": 208.82854159387222, "B105": 208.61640777858196, "B106": 225.6719400184752, "B107": 208.5186193556927, "B108": 215.0578979347012, "B109": 220.23334911597692, "B110": 210.71299476187104, "B111": 213.90940603732344, "B112": 221.3402149451166, "B113": 223.63536952528833, "B114": 218.0451170279004, "B115": 206.93942481705656, "B116": 220.16845216959976, "B117": 222.00778672148215, "B118": 210.81161301998316, "B119": 216.02827810688976, "B120": 201.60025446673728, "B121": 221.95625560104241, "B122": 213.13363953483878, "B123": 207.44888029046865, "B124": 212.19620690195467, "B201": 210.75137815240547, "B202": 202.32332367288998, "B203": 226.76912427236834, "B204": 219.12175261170862, "B205": 221.9526933266271, "B206": 214.57440207705145, "B207": 208.14413088848815, "B208": 210.9302362208284, "B209": 214.91985356956638, "B210": 219.401269171246, "B211": 203.14759597764802, "B212": 206.37797230160845, "B213": 212.38097549425325, "B214": 223.57987599925505, "B215": 224.37338019277885, "B216": 221.24329111942606, "B217": 219.38817773243179, "B218": 225.59208978382517, "B219": 221.84073982953296, "B220": 209.60741952424047, "B221": 229.0477163571416, "B222": 219.35341526992278, "B223": 215.55712591420024, "B224": 208.24737079610424, "B301": 217.3410264415495, "B302": 212.61808842728837, "B303": 213.09692397087676, "B304": 216.17489419455706, "B305": 218.23988492136937, "B306": 224.2488900485843, "B307": 218.86445910327188, "B308": 230.83141776392944, "B309": 215.21566327831928, "B310": 215.44318948048286, "B311": 231.48693084531766, "B312": 212.49921626477766, "B313": 209.8280968474891, "B314": 205.64692414948863, "B315": 209.2736759586206, "B316": 219.4086982372477, "B317": 214.6120559736929, "B318": 224.62345856773692, "B319": 212.77871853903838, "B320": 218.55749883948994, "B321": 218.2951483685772, "B322": 219.54384460890552, "B323": 230.7604373529649, "B324": 218.13818538051015, "B401": 211.91047232359682, "B402": 212.86418834018164, "B403": 220.8628151171301, "B404": 213.4527251484606, "B405": 209.72064464725347, "B406": 227.23499575054802, "B407": 205.54182516033612, "B408": 217.66026524167768, "B409": 216.44901900084884, "B410": 211.58506444327836, "B411": 219.1526112183958, "B412": 219.42433626253828, "B413": 229.44830833717282, "B414": 218.84635458619525, "B415": 220.14688293153802, "B416": 212.86037259283623, "B417": 216.3871436502957, "B418": 217.93457087845906, "B419": 214.43423007102552, "B420": 208.26988070924702, "B421": 210.31465799673384, "B422": 214.8684307886997, "B423": 215.8863228910613, "B424": 215.78618574498154, "B501": 220.03349454909602, "B502": 207.77686084201432, "B503": 204.2221566834847, "B504": 222.67473316694708, "B505": 208.46370401017427, "B506": 214.6943316589765, "B507": 218.61050268840992, "B508": 217.90087530947523, "B509": 218.78452763898528, "B510": 218.61853153673212, "B511": 209.42578070634366, "B512": 214.8374596467911, "B513": 225.21383227305705, "B514": 224.92108028598486, "B515": 221.95683314546068, "B516": 222.21699106989206, "B517": 222.10546511999095, "B518": 230.39495850999282, "B519": 210.577793945165, "B520": 222.6847349938738, "B521": 226.80906414581682, "B522": 219.09609913995365, "B523": 215.74297447626347, "B524": 220.2774425816339, "C101": 205.9104253800733, "C102": 213.77110441540225, "C103": 218.3523563972737, "C104": 218.2309668192198, "C105": 224.6294641646946, "C106": 217.40870370460965, "C107": 229.1447645294779, "C108": 217.7430712165106, "C109": 215.18125909604026, "C110": 217.53972398978158, "C111": 219.76953911506808, "C112": 210.01582773188233, "C113": 214.86185920426948, "C114": 224.5124683199686, "C115": 214.5693977269024, "C116": 210.43575903750326, "C117": 212.9579926574903, "C118": 214.60336060816485, "C119": 210.68526763733126, "C120": 209.95771980723012, "C121": 207.47884480030618, "C122": 218.26092645965292, "C123": 208.6873471218108, "C124": 210.09670561484188, "C201": 225.2202667957817, "C202": 212.19027459305244, "C203": 222.83563476781998, "C204": 220.7650659310538, "C205": 213.25660179621912, "C206": 216.41361905659292, "C207": 227.03341675173166, "C208": 218.76836022863586, "C209": 221.16119798137848, "C210": 212.49106456967277, "C211": 209.98669536079868, "C212": 212.2202726194742, "C213": 218.01153950975737, "C214": 222.3049693794204, "C215": 210.5431324681936, "C216": 215.05253654134503, "C217": 216.0216535800863, "C218": 214.14396084577507, "C219": 204.47158359088678, "C220": 213.96220434843462, "C221": 216.15738283145024, "C222": 211.52412574138427, "C223": 214.4415867471894, "C224": 215.3202318790975,