{"A101": 97.89333597504238, "A102": 84.87182095591272, "A103": 94.31527696328612, "A104": 100.55564712981895, "A105": 90.89833247583861, "A106": 86.37456448173558, "A107": 90.9841054826251, "A108": 99.77790358517295, "A109": 89.90741460925278, "A110": 98.44470862004471, "A111": 89.71022288370597, "A112": 95.35113410475165, "A113": 93.16663422943635, "A114": 90.44374671805495, "A115": 89.30888565257112, "A116": 90.01333194794562, "A117": 87.16367903632374, "A118": 102.12644372298712, "A119": 91.80550958870073, "A120": 97.80104997813827, "A121": 94.14578811376435, "A122": 96.49924288301142, "A123": 95.10074184390542, "A124": 91.83371642167862, "A201": 87.52715136730467, "A202": 100.47471747023351, "A203": 91.77551131843754, "A204": 93.0980674832497, "A205": 92.97797080476478, "A206": 94.94583080195814, "A207": 95.07131361543787, "A208": 96.53431793408016, "A209": 91.89675056147229, "A210": 90.27702698079327, "A211": 91.42169813119119, "A212": 104.6905472120066, "A213": 94.31839843473583, "A214": 92.37281528508692, "A215": 97.60368591847315, "A216": 89.65344444724249, "A217": 90.47831915649245, "A218": 94.19443490781471, "A219": 93.74799889169266, "A220": 94.47973149426645, "A221": 85.95231890989743, "A222": 90.5204718250593, "A223": 98.87924852634097, "A224": 95.92305822564461, "A301": 85.73431913425688, "A302": 89.06909995680789, "A303": 92.05436935812375, "A304": 95.4898332280459, "A305": 93.91701069954907, "A306": 97.07900470666934, "A307": 95.55196611667215, "A308": 93.6799648119274, "A309": 87.65822655218328, "A310": 93.62412141440443, "A311": 92.89099376284638, "A312": 88.0312451522603, "A313": 102.0699489035543, "A314": 95.69312919586022, "A315": 91.87266272130678, "A316": 97.49501837405788, "A317": 85.66844681081163, "A318": 87.73858874311817, "A319": 88.08135675166055, "A320": 88.6785197751859, "A321": 86.0328981160705, "A322": 88.1186152106835, "A323": 85.02573610364523, "A324": 94.10975976158525, "A401": 97.4883572857681, "A402": 95.37652893370316, "A403": 90.59269107484617, "A404": 89.2620239682774, "A405": 97.98000921707717, "A406": 90.09583385939098, "A407": 93.14425376450049, "A408": 90.52526417371682, "A409": 94.20779673722882, "A410": 102.88420823830386, "A411": 97.13171286909753, "A412": 90.54787500568858, "A413": 90.15293237245264, "A414": 87.32830893390461, "A415": 96.83069833085483, "A416": 93.1561658357459, "A417": 101.57319377399205, "A418": 97.35890225237051, "A419": 90.0426766335117, "A420": 96.14539258642913, "A421": 92.7747723724028, "A422": 90.26523774211958, "A423": 90.15435822448647, "A424": 93.79121359084903, "A501": 92.22172770768611, "A502": 95.28978607880502, "A503": 97.17914423723921, "A504": 99.50695669711855, "A505": 96.5788064050032, "A506": 94.7844896641518, "A507": 96.58535411810686, "A508": 89.22625869174864, "A509": 90.9701240280643, "A510": 92.51469194754262, "A511": 98.11344735396948, "A512": 91.38609357972277, "A513": 86.36028974160027, "A514": 96.19626991205368, "A515": 90.51353478541385, "A516": 93.38613101972669, "A517": 99.1422654993065, "A518": 92.17893045960295, "A519": 95.09320182921962, "A520": 93.69532128180468, "A521": 97.46272072194932, "A522": 93.60740664945784, "A523": 96.79798393758414, "A524": 94.66808636109079, "B101": 94.29901808217843, "B102": 98.06851289715404, "B103": 95.10888315980797, "B104": 89.47773759065352, "B105": 81.1959012515886, "B106": 100.9827614719303, "B107": 92.17537292736567, "B108": 89.44907257564914, "B109": 101.882200050004, "B110": 96.85340622122362, "B111": 93.25509847823722, "B112": 99.9901418311377, "B113": 99.47906999370372, "B114": 94.73490829780211, "B115": 88.80885828539347, "B116": 95.60489934222495, "B117": 91.70390202851361, "B118": 90.51751594131967, "B119": 101.12643437425446, "B120": 85.9067524004768, "B121": 99.95252863636304, "B122": 95.83546425264704, "B123": 90.66702569282731, "B124": 92.84303674759947, "B201": 91.21216216764299, "B202": 87.2284949898087, "B203": 98.04506385817986, "B204": 89.25665448345488, "B205": 86.77253509465454, "B206": 96.6140766737128, "B207": 88.43473218969477, "B208": 85.49129040399589, "B209": 94.96080891034285, "B210": 95.02187054378662, "B211": 93.31426389740345, "B212": 90.37796459310077, "B213": 93.10101973993208, "B214": 96.09048621738293, "B215": 102.25730212808568, "B216": 99.16440580307723, "B217": 96.72571893690343, "B218": 96.86173422920001, "B219": 97.7096783420935, "B220": 92.67461429295633, "B221": 98.33608969387515, "B222": 94.97962164890754, "B223": 95.29601372286903, "B224": 92.85945589063898, "B301": 97.55490163120089, "B302": 83.67781008663094, "B303": 92.2019301470298, "B304": 94.88558091394773, "B305": 93.36449273145152, "B306": 99.6511271626751, "B307": 91.66270047322229, "B308": 98.74584359466348, "B309": 93.7793347289483, "B310": 91.59129776730475, "B311": 100.41711442814695, "B312": 93.23760516013236, "B313": 89.36784424555061, "B314": 91.32439618471066, "B315": 90.26610149175332, "B316": 91.81365523664182, "B317": 91.59799083150938, "B318": 99.38903942839765, "B319": 91.8669742083012, "B320": 100.44773697029159, "B321": 93.08042535759694, "B322": 97.01698772285464, "B323": 99.08337517868664, "B324": 97.34438865367318, "B401": 91.91214146867972, "B402": 94.13952351873053, "B403": 93.5608625862827, "B404": 96.29475063020911, "B405": 93.36225829272797, "B406": 95.77938969947476, "B407": 90.28944868368916, "B408": 93.49229938860213, "B409": 96.01107989087119, "B410": 93.92094593209106, "B411": 95.25580620908686, "B412": 91.44505752614224, "B413": 100.36288603768726, "B414": 89.11381417394954, "B415": 100.34891033663882, "B416": 90.32091556704772, "B417": 92.86878061293172, "B418": 97.1952385123501, "B419": 95.93957378454701, "B420": 90.82912300741494, "B421": 92.60458631741682, "B422": 91.54806430402121, "B423": 90.92100156935848, "B424": 92.89430747437947, "B501": 93.12744083896607, "B502": 90.14881676872669, "B503": 85.8419744055474, "B504": 95.16682505169105, "B505": 91.42380813508424, "B506": 93.12376567144852, "B507": 93.16578612760702, "B508": 89.71834097983577, "B509": 97.56394195303488, "B510": 94.80957289403858, "B511": 90.7487343724559, "B512": 91.60900178008177, "B513": 92.5829820637407, "B514": 96.35068585493921, "B515": 93.78817540042616, "B516": 92.43272978575988, "B517": 99.98595414689696, "B518": 97.35175556654178, "B519": 97.48404789040639, "B520": 97.23364205036155, "B521": 97.83364052252624, "B522": 97.55520520420079, "B523": 90.40165382072666, "B524": 93.06407665093982, "C101": 88.66344706470555, "C102": 100.55426257390036, "C103": 91.3181469915445, "C104": 93.36668796540837, "C105": 100.28844421662426, "C106": 97.40695196927248, "C107": 100.34713606695095, "C108": 91.82753207846477, "C109": 92.38496252434972, "C110": 93.01317359051635, "C111": 92.0523188106212, "C112": 91.36840054926026, "C113": 90.24626227718826, "C114": 94.16136232690714, "C115": 94.25691150103256, "C116": 95.68178891165161, "C117": 91.04137390068304, "C118": 94.02689276441295, "C119": 88.38334025658025, "C120": 88.51469330316502, "C121": 89.42167381866615, "C122": 96.80737949321018, "C123": 92.97848805932136, "C124": 90.93365879737307, "C201": 98.28519939547711, "C202": 94.37300700693442, "C203": 92.80008689738783, "C204": 90.57418763168256, "C205": 92.52904199270947, "C206": 95.46131058431544, "C207": 100.37926866010282, "C208": 96.46462577535225, "C209": 93.19100095302998, "C210": 91.59737422773011, "C211": 93.26033892832558, "C212": 95.00283367669333, "C213": 97.2575930379512, "C214": 99.18953062827865, "C215": 91.09097636690733, "C216": 94.46569201327948, "C217": 92.47863607836024, "C218": 98.65465549223414, "C219": 85.54561817855871, "C220": 92.23996518451727, "C221": 95.54468967498046, "C222": 91.35991705834275, "C223": 92.55053746795396, "C224": 90.1302448630546, "C301": 95.28867990403144, "C302": 91.4864546899643, "C303": 90.04730311519731, "C304": 95.8221862797489, "C305": 101.29667718692569, "C306": 94.11413244287604, "C307": 99.2664688900489, "C308": 96.1663353056439, "C309": 93.40948637223802,