{"A101": 164.59533779855207, "A102": 147.2072436702088, "A103": 159.73188067152572, "A104": 167.8590596818144, "A105": 157.1513238698413, "A106": 152.2645872015785, "A107": 157.2925673528454, "A108": 167.78140919703523, "A109": 147.7491320005575, "A110": 160.4766910830204, "A111": 155.43667818114903, "A112": 156.95620788001239, "A113": 150.6265006401216, "A114": 159.26881766381373, "A115": 150.71866752921503, "A116": 155.93063264299627, "A117": 150.9774501458119, "A118": 169.05315083689547, "A119": 154.6306470098559, "A120": 157.34228326942736, "A121": 154.06251033063683, "A122": 161.352416136702, "A123": 158.92929005857405, "A124": 156.64822536416128, "A201": 153.22023920457096, "A202": 166.43516349293157, "A203": 150.78377343616214, "A204": 154.54595955699602, "A205": 155.913065485677, "A206": 160.0036242043282, "A207": 161.22082893454026, "A208": 156.80892129334453, "A209": 159.21777553880872, "A210": 153.67860882989916, "A211": 151.4036330294238, "A212": 169.6245969728087, "A213": 157.76986249608646, "A214": 151.42551247803996, "A215": 165.3159261304815, "A216": 151.02318900540237, "A217": 155.91752226069198, "A218": 158.55243737851254, "A219": 158.64445995169018, "A220": 153.9023197552288, "A221": 152.39898855134962, "A222": 150.67196307429668, "A223": 165.50847574640872, "A224": 152.97376810570262, "A301": 147.9835028772616, "A302": 157.52535687364096, "A303": 154.4552531764091, "A304": 154.18249119701605, "A305": 161.89814180743983, "A306": 159.28225912820287, "A307": 162.37894481586443, "A308": 152.19971668917893, "A309": 149.298856877711, "A310": 155.53213028846739, "A311": 161.37458070173403, "A312": 153.63987936802454, "A313": 167.22890939123815, "A314": 160.84632986153608, "A315": 158.6868900427737, "A316": 160.2607513241801, "A317": 147.3648451871763, "A318": 150.79794020592843, "A319": 153.40401694287544, "A320": 153.82047474960098, "A321": 145.39037422713102, "A322": 156.07002730667983, "A323": 148.25092833359676, "A324": 155.20560375508043, "A401": 160.03410166972782, "A402": 158.21862957674367, "A403": 155.03727343379634, "A404": 155.512158858864, "A405": 165.98406855192644, "A406": 155.76592580194867, "A407": 153.91560086944907, "A408": 156.81975194750913, "A409": 156.6308162446775, "A410": 167.08477782735798, "A411": 161.6420185469778, "A412": 154.8151987092584, "A413": 147.98231385968916, "A414": 147.7711810256391, "A415": 163.52145799238744, "A416": 156.54633642019965, "A417": 167.16381686392722, "A418": 157.84828940084128, "A419": 150.95413943413183, "A420": 159.74372850776533, "A421": 155.18263107179854, "A422": 151.40221632527744, "A423": 150.40204083734815, "A424": 160.8252488205148, "A501": 152.45830491048565, "A502": 161.96513427058775, "A503": 165.35203696703383, "A504": 161.50324120883622, "A505": 158.91040912461702, "A506": 157.48360250101823, "A507": 165.73196750651837, "A508": 147.34366830118148, "A509": 156.02528048692605, "A510": 157.12160604034688, "A511": 166.2496057627167, "A512": 154.15818384972093, "A513": 147.77450389727136, "A514": 158.92565641533776, "A515": 154.41149453714442, "A516": 161.58664201295028, "A517": 160.46117779006195, "A518": 154.4681206435581, "A519": 159.66791192543965, "A520": 161.16681846400562, "A521": 157.53298621313388, "A522": 153.1164676513764, "A523": 159.7629898099577, "A524": 157.30354560362514, "B101": 155.8484825397765, "B102": 153.62071628454717, "B103": 163.99240184892665, "B104": 152.19843814513118, "B105": 148.19543714948125, "B106": 164.83104655860865, "B107": 154.43001904696695, "B108": 154.03342193678512, "B109": 161.30451066270732, "B110": 158.96604675516826, "B111": 159.4050536011338, "B112": 162.32165150603998, "B113": 167.06237238059458, "B114": 154.38689219408624, "B115": 151.97463515613674, "B116": 159.821666775387, "B117": 163.73336191149545, "B118": 151.8744839967641, "B119": 161.9988250109683, "B120": 144.96326794100057, "B121": 163.665851732281, "B122": 156.71004663843132, "B123": 151.52318860453653, "B124": 149.92597178734104, "B201": 155.68848598965445, "B202": 149.034916833859, "B203": 168.62236836775367, "B204": 156.53310209802964, "B205": 157.30024559932934, "B206": 156.11417301794293, "B207": 151.04886405269573, "B208": 147.94620879340874, "B209": 157.26022901849004, "B210": 157.74762967257521, "B211": 150.2057228646069, "B212": 150.03374407844993, "B213": 156.06483051570083, "B214": 161.66540884455705, "B215": 166.52810904689093, "B216": 160.66329317626727, "B217": 164.49397356932582, "B218": 162.88233322034557, "B219": 162.91486456676944, "B220": 148.81828429133137, "B221": 164.6867702563532, "B222": 160.5415723497216, "B223": 159.6641552347263, "B224": 154.2590932088055, "B301": 158.56305820248522, "B302": 151.55380922605332, "B303": 156.38197756380336, "B304": 158.29240986905097, "B305": 161.7556706844918, "B306": 168.8624378275493, "B307": 157.46294074227583, "B308": 168.37481790131105, "B309": 158.25607062417006, "B310": 155.9959816050124, "B311": 167.53356964243136, "B312": 151.16948741382114, "B313": 152.63087061111767, "B314": 153.78311975720007, "B315": 153.71170591682824, "B316": 155.95818507576038, "B317": 150.37880352091065, "B318": 166.37018623126266, "B319": 157.07791568507835, "B320": 164.6590943526479, "B321": 157.63136869163475, "B322": 161.1355201428269, "B323": 168.6831926053726, "B324": 159.55705662749682, "B401": 156.63958989348527, "B402": 155.2902550915909, "B403": 157.74587440686958, "B404": 157.35242262122017, "B405": 153.92405663735136, "B406": 165.821791545654, "B407": 149.63991614685827, "B408": 159.84620214685523, "B409": 159.7513846811333, "B410": 154.58878541681983, "B411": 159.56237465129774, "B412": 158.93125645847556, "B413": 167.51583420756168, "B414": 156.31129229060824, "B415": 164.45734957198346, "B416": 153.53378738347183, "B417": 156.41272804125825, "B418": 161.70267937283367, "B419": 156.00687695846594, "B420": 150.85612632648528, "B421": 152.12611636819074, "B422": 153.66408701393513, "B423": 154.9864881210418, "B424": 153.3920264954989, "B501": 157.08876966689562, "B502": 147.62221334633387, "B503": 146.5525082611824, "B504": 161.72652289716933, "B505": 153.48158090645603, "B506": 154.4203728742507, "B507": 157.3769392318173, "B508": 156.08240186910902, "B509": 159.15631643869986, "B510": 160.3835326497097, "B511": 153.60610143765643, "B512": 155.4997432150804, "B513": 163.39184943713627, "B514": 163.68303737938717, "B515": 160.187756895423, "B516": 161.38725111884094, "B517": 164.29235935127073, "B518": 169.0919903063694, "B519": 155.84671387683767, "B520": 158.75917811988745, "B521": 168.3475777120835, "B522": 160.88745242601368, "B523": 156.31466548783754, "B524": 158.32332179905308, "C101": 149.02866521204515, "C102": 159.1590888340489, "C103": 156.33418543796756, "C104": 159.3702855347078, "C105": 164.87179731047084, "C106": 158.04490078374081, "C107": 163.8232347090831, "C108": 152.59342783162725, "C109": 158.213085418152, "C110": 162.38896821439928, "C111": 156.1223696475497, "C112": 150.20087740375752, "C113": 148.89956212135925, "C114": 163.31939526469637, "C115": 157.23528060725894, "C116": 154.38238090536692, "C117": 156.08559505507114, "C118": 154.6938707087452, "C119": 152.3463815229761, "C120": 150.34969288950293, "C121": 151.0446608016292, "C122": 157.32658902360586, "C123": 157.31292473007758, "C124": 153.68402775959248, "C201": 167.19645313342468, "C202": 155.60748928125463, "C203": 160.1333436020078, "C204": 157.94056932305094, "C205": 157.83989342354934, "C206": 160.74812048507982, "C207": 168.05913358986317, "C208": 157.6045949351983, "C209": 160.8866074760424, "C210": 151.33725246703406, "C211": 151.96009427861546, "C212": 154.57887693832333, "C213": 159.35843510720161, "C214": 165.1016350745945, "C215": 152.53221986921207, "C216": 158.27914982054733, "C217": 152.16070466137165, "C218": 159.3595723512191, "C219": 145.66207015220303, "C220": 150.28877353395507, "C221": 158.6170870112264, "C222": 153.66981911457293, "C223": 157.30904591156687, "C224": 155.17489234490174,