{"A101": 286.5773316958432, "A102": 277.33750460312984, "A103": 285.6184888002528, "A104": 281.6822522185098, "A105": 285.1109544268443, "A106": 271.83165849036055, "A107": 281.9632144911205, "A108": 290.6099195313825, "A109": 262.42741655558257, "A110": 273.1287434116855, "A111": 272.7723744120214, "A112": 284.1025549338983, "A113": 274.1984630129533, "A114": 282.51893045044994, "A115": 282.05895295341264, "A116": 278.15042963276403, "A117": 275.15801672865604, "A118": 298.3376834264098, "A119": 281.9604874852544, "A120": 284.07029140665895, "A121": 276.26812367735596, "A122": 292.6025245835528, "A123": 285.38075228732276, "A124": 275.61477713146115, "A201": 273.6446969188766, "A202": 286.8416101127536, "A203": 281.9078682238987, "A204": 271.55252959732, "A205": 276.6117920595061, "A206": 282.35925822485683, "A207": 283.9806074780588, "A208": 279.3421511467296, "A209": 281.46598280619975, "A210": 279.1227217939162, "A211": 272.0555597753121, "A212": 293.12998476532937, "A213": 287.1061968643066, "A214": 265.8994237881964, "A215": 283.1625093049475, "A216": 272.4699357826045, "A217": 271.74008138668415, "A218": 279.5154367957008, "A219": 286.388114357336, "A220": 290.32152314343546, "A221": 271.01220481732156, "A222": 276.21768852457245, "A223": 288.3077527599551, "A224": 271.00305798028563, "A301": 280.6913178778067, "A302": 283.85098512395047, "A303": 274.13121530848093, "A304": 279.1605805552516, "A305": 280.7037653760127, "A306": 284.2520590042539, "A307": 284.1181418198172, "A308": 285.70930260528684, "A309": 271.76300990906554, "A310": 284.2092380576748, "A311": 285.7946392009658, "A312": 271.8881701146616, "A313": 285.7437543699609, "A314": 281.41082365063494, "A315": 277.92301805651056, "A316": 290.35438260305796, "A317": 258.26396192193835, "A318": 276.2025648585233, "A319": 282.2497941222937, "A320": 271.5550494298103, "A321": 265.1084598159624, "A322": 282.0683936393317, "A323": 276.8156244663952, "A324": 280.878767455088, "A401": 281.25916018073457, "A402": 277.1623362680851, "A403": 272.69697061810797, "A404": 277.50049060746426, "A405": 284.39013942322816, "A406": 275.58758270817685, "A407": 281.40863845514815, "A408": 277.1689297667743, "A409": 277.3070614276262, "A410": 286.7670758693283, "A411": 282.01002561031464, "A412": 277.7718061807493, "A413": 264.8785186420418, "A414": 267.19405662852796, "A415": 288.68652962150367, "A416": 283.80377686806855, "A417": 288.2902488058794, "A418": 280.2898340182033, "A419": 268.11148225048805, "A420": 280.12975677422145, "A421": 275.3871246950047, "A422": 276.0840398672158, "A423": 273.6426407710271, "A424": 274.5485540721127, "A501": 274.4795444818643, "A502": 281.14665404184615, "A503": 288.67958818454264, "A504": 279.52660839060064, "A505": 281.56560179665445, "A506": 270.32338188413644, "A507": 288.0048878827034, "A508": 275.7305624276309, "A509": 282.11927974826654, "A510": 285.8679997930877, "A511": 286.99927806226526, "A512": 276.34691031116665, "A513": 276.5399842287024, "A514": 280.11197185657994, "A515": 281.7038774975426, "A516": 284.3552982412947, "A517": 284.3017687866494, "A518": 275.0263104812911, "A519": 292.27106221491846, "A520": 289.05845484847885, "A521": 288.9967803692757, "A522": 274.86632097878396, "A523": 283.4610605546042, "A524": 285.02921459410976, "B101": 268.96992707912295, "B102": 273.2772601793083, "B103": 290.43723089865097, "B104": 272.47791263282147, "B105": 271.3766863719706, "B106": 288.39959889943805, "B107": 272.2024838473918, "B108": 276.46897335251947, "B109": 280.3432448333452, "B110": 275.7993884214731, "B111": 271.2450111793412, "B112": 289.02770491365857, "B113": 288.3933837432818, "B114": 284.1266384450315, "B115": 270.3743997469626, "B116": 282.6252791468892, "B117": 286.91869772172834, "B118": 283.18823022752787, "B119": 281.7383688190363, "B120": 267.6833915669356, "B121": 284.1172221965708, "B122": 277.242773150518, "B123": 269.81884431948674, "B124": 274.74750535104937, "B201": 275.14084936529275, "B202": 267.81745466933563, "B203": 292.7018067645454, "B204": 284.6471065732083, "B205": 285.87721039600007, "B206": 281.17748837611884, "B207": 272.2314995753864, "B208": 271.82897330388954, "B209": 277.2774381699599, "B210": 284.385813646312, "B211": 271.6824325988893, "B212": 271.6626764982878, "B213": 275.1726608531034, "B214": 289.9284253781608, "B215": 288.18048002523545, "B216": 287.7550332440485, "B217": 276.7717663482059, "B218": 288.65402975840266, "B219": 285.47117284366243, "B220": 267.5567283354478, "B221": 293.3826706137659, "B222": 280.153116997959, "B223": 282.46034753543046, "B224": 271.98114642482494, "B301": 280.44699933280134, "B302": 270.70350532372885, "B303": 274.1471821382197, "B304": 278.6304479444805, "B305": 283.2496370868745, "B306": 285.54513028170277, "B307": 284.06038033091625, "B308": 288.3437395375402, "B309": 282.83687688432815, "B310": 279.2413229362228, "B311": 290.95390962845926, "B312": 276.4594206910483, "B313": 272.92792900895927, "B314": 271.48654276826585, "B315": 270.648217675342, "B316": 282.1274569500963, "B317": 279.55018444612745, "B318": 287.078932156259, "B319": 273.9718874795236, "B320": 281.995087893967, "B321": 283.5796292532021, "B322": 280.085815879481, "B323": 291.3662781941826, "B324": 285.49923076108547, "B401": 277.0641960227967, "B402": 272.3160415939744, "B403": 279.56261611929597, "B404": 277.4327783106836, "B405": 274.8359465912468, "B406": 296.33574193424647, "B407": 265.37180857079414, "B408": 282.5924073896892, "B409": 283.02493267306727, "B410": 276.1086572789234, "B411": 287.2698582985364, "B412": 278.5722209191979, "B413": 289.74719029188736, "B414": 280.7136264602334, "B415": 287.8010730521134, "B416": 275.9013615737918, "B417": 278.789413148255, "B418": 279.38704152404426, "B419": 272.83269876716605, "B420": 275.21282170256114, "B421": 271.3640085393092, "B422": 275.7559688609866, "B423": 281.15457757339453, "B424": 282.45672515639666, "B501": 283.8658521575077, "B502": 269.68764081588705, "B503": 267.73688904151624, "B504": 287.38056667021124, "B505": 268.14691076327586, "B506": 281.8541561243954, "B507": 286.040114492087, "B508": 281.9505652890802, "B509": 283.17462513067363, "B510": 281.66338048580303, "B511": 271.4944053502515, "B512": 275.029971254039, "B513": 285.3471902942087, "B514": 286.8247733390334, "B515": 281.54994122936404, "B516": 290.58599316309324, "B517": 284.0827866496104, "B518": 290.4527806773955, "B519": 275.048380963627, "B520": 285.50931167886483, "B521": 294.37607267721796, "B522": 283.6839963151558, "B523": 277.60755337690733, "B524": 280.1190711332554, "C101": 271.6124288092982, "C102": 275.69979338686943, "C103": 284.60670026144106, "C104": 283.120427851146, "C105": 291.46757385320785, "C106": 285.3554653218684, "C107": 290.7263202604145, "C108": 281.7203904723442, "C109": 272.01660185215235, "C110": 284.28094093653124, "C111": 275.91008811017764, "C112": 271.5980452543414, "C113": 280.8164124825306, "C114": 290.0269158302272, "C115": 281.0544141638899, "C116": 275.6964163366221, "C117": 278.3404018537307, "C118": 275.46945732554883, "C119": 279.7161190204344, "C120": 275.64335796230677, "C121": 272.70062844092223, "C122": 286.2269557133047, "C123": 268.9091978728916, "C124": 271.875745776628, "C201": 287.615148057806, "C202": 273.9672044427728, "C203": 284.8880915189704, "C204": 285.4610586038313, "C205": 279.9447566126233, "C206": 277.70332645312317, "C207": 289.2837959797418, "C208": 287.7253563704509, "C209": 281.5491380979812, "C210": 273.2046059356954, "C211": 271.4371004012918, "C212": 277.7154052189047, "C213": 283.5433085451006, "C214": 286.51122984476615, "C215": 276.57794261737604, "C216": 276.5617138458254, "C217": 275.6278818677547, "C218": 282.9017268687962, "C219": 264.11290865478395, "C220": 272.46931945105297, "C221": 283.1014581781119, "C222": 276.12760109284187, "C223": 280.50071287063474, "C224": 279.381425257672, "C301": 288.46939021135785, "C302": 272.3232259475833, "C303": 279.6184891095144, "C304": 278.3053302481877,