{"A101": 91.55784797413608, "A102": 79.31527911689382, "A103": 87.68363920992287, "A104": 95.3074729839359, "A105": 85.1329137024882, "A106": 81.79402209834446, "A107": 85.70656902512559, "A108": 93.22992753679142, "A109": 84.09485398781055, "A110": 94.79594527496673, "A111": 85.4129124584711, "A112": 90.85143033646129, "A113": 88.51774325476818, "A114": 84.65611225762686, "A115": 83.70500522285478, "A116": 85.7967067129859, "A117": 83.35815470642879, "A118": 97.98533863914774, "A119": 87.32874464070498, "A120": 92.44605189199676, "A121": 88.43693956743661, "A122": 92.78667050179301, "A123": 91.3709506221648, "A124": 86.84146820048512, "A201": 81.80803298581263, "A202": 95.59928710742084, "A203": 87.20688138799292, "A204": 88.4916528524306, "A205": 88.31197081340574, "A206": 90.30803434217509, "A207": 90.18139993432166, "A208": 92.03140878017241, "A209": 87.59230461014579, "A210": 84.72195620409971, "A211": 87.0050373607568, "A212": 99.49589521623953, "A213": 89.23530413176645, "A214": 87.8982444075817, "A215": 91.66562706770597, "A216": 83.98607620613308, "A217": 85.55985780160884, "A218": 88.21800290115348, "A219": 89.49146345463137, "A220": 88.21037320957711, "A221": 81.98686963539294, "A222": 84.91016744951966, "A223": 92.4226659330829, "A224": 90.49188247046823, "A301": 81.18213809527604, "A302": 85.15230273299947, "A303": 86.9653888587604, "A304": 90.2921528382541, "A305": 87.82908425985906, "A306": 92.20009886233034, "A307": 89.4481128817467, "A308": 87.51792889292955, "A309": 83.2696958759648, "A310": 87.79186850201525, "A311": 87.39384514220356, "A312": 84.16897030051263, "A313": 97.37118276553227, "A314": 89.5037840772246, "A315": 85.39774741450387, "A316": 93.01261893817457, "A317": 81.57297488024261, "A318": 82.15689101354822, "A319": 84.19819023134079, "A320": 83.75798667461123, "A321": 81.20848373415699, "A322": 83.760831645994, "A323": 80.46022378966016, "A324": 89.46555586140782, "A401": 91.51741018348127, "A402": 89.69270554207971, "A403": 86.02627190694851, "A404": 85.32571682702215, "A405": 91.79637415251062, "A406": 84.50283528382502, "A407": 87.12889529426982, "A408": 86.06814834453155, "A409": 88.87098301290021, "A410": 97.85565664501748, "A411": 90.88810182698803, "A412": 85.79218252704952, "A413": 84.20440513634574, "A414": 81.38202700984858, "A415": 90.48596059266183, "A416": 86.9483069365839, "A417": 95.22146913470714, "A418": 93.3175068117801, "A419": 84.94066466049418, "A420": 91.23844495252582, "A421": 88.74697551738177, "A422": 85.2834756689744, "A423": 84.75119971163605, "A424": 86.81156448241288, "A501": 85.9525108149796, "A502": 90.61679429667534, "A503": 90.7168624666074, "A504": 93.33518205266653, "A505": 90.96464823910924, "A506": 87.50636408415684, "A507": 90.95014215649176, "A508": 83.63921635310228, "A509": 83.79528061823875, "A510": 86.85556282025594, "A511": 92.51976234012054, "A512": 85.00415693675608, "A513": 81.98116714238085, "A514": 90.57622843817057, "A515": 85.46319300869101, "A516": 89.696438353146, "A517": 94.88319164225824, "A518": 86.17664019460885, "A519": 88.75742791408312, "A520": 86.91008377997984, "A521": 93.29365692765154, "A522": 88.54204438585043, "A523": 90.91470110307573, "A524": 89.88999577622299, "B101": 90.5174496219341, "B102": 92.54342894345508, "B103": 90.52393148919036, "B104": 83.9859606700986, "B105": 77.06248560736194, "B106": 95.23476111854993, "B107": 87.61206936326991, "B108": 83.84297379941388, "B109": 96.72012155817818, "B110": 91.1085685914261, "B111": 88.92192447167179, "B112": 94.48990736046255, "B113": 93.05591033146459, "B114": 90.51685428936077, "B115": 83.5478344483195, "B116": 88.9307179400458, "B117": 86.70682994321821, "B118": 84.11677036637893, "B119": 95.10723372811806, "B120": 79.20181263103925, "B121": 92.43820552936587, "B122": 89.5274567609993, "B123": 84.60224461401216, "B124": 86.46311994676957, "B201": 86.7951024176967, "B202": 82.20344866302247, "B203": 90.7853640908854, "B204": 85.28585957732909, "B205": 82.24266610416188, "B206": 90.183687660917, "B207": 82.40125953197709, "B208": 80.8477450075433, "B209": 87.8334656317304, "B210": 88.9933640400786, "B211": 88.17832251405827, "B212": 83.51056335004643, "B213": 89.14342715860002, "B214": 90.1236880564989, "B215": 96.06012237162543, "B216": 94.60965322611055, "B217": 90.16351289984402, "B218": 91.14752044909818, "B219": 92.00151552452738, "B220": 87.2386895421004, "B221": 93.17828498843753, "B222": 89.8169400008566, "B223": 89.6876158437305, "B224": 87.28707210253702, "B301": 90.78382978647015, "B302": 78.40670331952313, "B303": 87.27750407548433, "B304": 89.40380510967844, "B305": 88.03416990050535, "B306": 93.46833886423833, "B307": 86.83136614026188, "B308": 94.36301711804532, "B309": 89.79677851203671, "B310": 86.79429481981985, "B311": 95.54237668362428, "B312": 89.09750123025803, "B313": 84.4738262326419, "B314": 87.22057197514465, "B315": 85.19668277444963, "B316": 86.8847487049201, "B317": 87.25995993726058, "B318": 94.1857569454885, "B319": 86.80139347158365, "B320": 95.09282139175717, "B321": 88.91004403976969, "B322": 91.66251915682614, "B323": 92.38543241759552, "B324": 89.99188923565819, "B401": 85.02969685141888, "B402": 88.3320739131262, "B403": 89.13650684461551, "B404": 92.1469296875182, "B405": 86.56541693297703, "B406": 91.86862271340453, "B407": 86.58940145374271, "B408": 88.56768740896115, "B409": 91.04896700547818, "B410": 89.11473241247035, "B411": 90.77844813107103, "B412": 86.62279568855082, "B413": 94.27470405298827, "B414": 84.74391892224709, "B415": 93.015083670379, "B416": 86.36806432191611, "B417": 86.42168523180804, "B418": 90.28413200426611, "B419": 91.15834813589338, "B420": 86.50471004563241, "B421": 86.93170339331044, "B422": 85.69653909157866, "B423": 86.74046227617546, "B424": 88.0829553827409, "B501": 90.17284509062127, "B502": 84.9576161224489, "B503": 80.18653624908652, "B504": 88.8106911710595, "B505": 85.60042029232136, "B506": 87.7801772344911, "B507": 87.16978273063572, "B508": 85.97825058510102, "B509": 91.9476061650283, "B510": 88.57118118290946, "B511": 86.44191701958428, "B512": 87.5170503600492, "B513": 87.80744315903559, "B514": 90.47913128561133, "B515": 88.03411671742798, "B516": 87.6322830260362, "B517": 93.78262789386588, "B518": 91.26809806120274, "B519": 92.13211267461577, "B520": 90.79171157015705, "B521": 91.71770916064092, "B522": 92.40445871777587, "B523": 86.14966910158832, "B524": 88.1887544156358, "C101": 82.9122257641746, "C102": 95.50899613897477, "C103": 86.80081027368901, "C104": 88.04326698466856, "C105": 95.23147520991003, "C106": 90.46895575425623, "C107": 94.99247374452446, "C108": 87.16014620352813, "C109": 88.9965492735014, "C110": 87.24414254099074, "C111": 87.13170206228271, "C112": 86.37578098474475, "C113": 85.77775216373423, "C114": 89.30011276722848, "C115": 88.489390623873, "C116": 90.70201425186997, "C117": 85.01270525342765, "C118": 88.56223194826715, "C119": 83.67773983286204, "C120": 84.27705266910237, "C121": 85.48807698626587, "C122": 91.22725879454416, "C123": 88.23507226977489, "C124": 84.90366631584317, "C201": 92.55727014177326, "C202": 90.42663444106647, "C203": 87.2407744420046, "C204": 87.44824956422087, "C205": 87.09843544604526, "C206": 88.95615784279636, "C207": 94.86259705191662, "C208": 93.47665861641494, "C209": 88.48007258291337, "C210": 84.63871827259192, "C211": 88.69896865584863, "C212": 91.15577847010069, "C213": 92.65270232396023, "C214": 93.97202628739231, "C215": 86.90193313859879, "C216": 88.93937250739522, "C217": 86.61581841470534, "C218": 91.88104691125213, "C219": 81.6733432723999, "C220": 86.85070063149591, "C221": 88.37127885787805, "C222": 85.57122247474996, "C223": 85.6486209806587, "C224": 85.5656699323761, "C301": 90.8768847597336, "C302": 86.69298981779869, "C303": 84.9614333165461, "C304": 88.63103177452996, "C305": 95.69775932663735, "C306": 86.79991073395875, "C307": 94.29698136515677, "C308": 89.10835454741178, "C309": 87.35633427554953, "C310": 83.65707355285474,