{"A101": 53.159172108165514, "A102": 47.27629749062268, "A103": 53.604202201593736, "A104": 55.486700042812885, "A105": 48.25584639476759, "A106": 46.15130249468172, "A107": 49.325536876310856, "A108": 56.588885449635555, "A109": 49.18487866034346, "A110": 53.90092817444042, "A111": 49.56569499835181, "A112": 54.60616375217249, "A113": 49.15784509549967, "A114": 46.56828333742369, "A115": 52.5570800960284, "A116": 48.90023584964316, "A117": 50.65767740593684, "A118": 57.57602271736912, "A119": 50.42133901538705, "A120": 55.95791637123557, "A121": 53.89115345149334, "A122": 52.87057845971485, "A123": 53.378098959725385, "A124": 50.364678090072374, "A201": 48.91718330619612, "A202": 56.189576119327825, "A203": 51.76718129428017, "A204": 49.41836894899442, "A205": 49.06406549121578, "A206": 49.89944217213109, "A207": 50.6898103274512, "A208": 52.18508790244514, "A209": 51.16521284794523, "A210": 48.572244386400854, "A211": 48.63076030197026, "A212": 58.96360033697511, "A213": 52.56848492118039, "A214": 47.30862065915859, "A215": 51.75336084094697, "A216": 50.63852102750484, "A217": 51.664623446878295, "A218": 46.588188404792724, "A219": 50.25816156387494, "A220": 50.721888441169384, "A221": 45.49028238006667, "A222": 51.29744898961688, "A223": 52.57019450554476, "A224": 53.879811067646514, "A301": 47.64800229586476, "A302": 47.72817475976356, "A303": 49.488298506211535, "A304": 50.01006992785543, "A305": 51.385620579460316, "A306": 51.267180992202135, "A307": 54.21358995380159, "A308": 47.87551071760369, "A309": 49.931161396768694, "A310": 49.17244383727063, "A311": 48.4809817654126, "A312": 47.50146224341596, "A313": 55.79839359952009, "A314": 51.6630861028088, "A315": 52.50227694331406, "A316": 58.880237281222136, "A317": 45.58898990896408, "A318": 47.26218144007964, "A319": 53.152174662368836, "A320": 44.66341592365457, "A321": 46.475070697602064, "A322": 46.13793863211359, "A323": 46.463093684196515, "A324": 49.96187005770015, "A401": 48.982202037627395, "A402": 51.45147403452556, "A403": 47.719868508427915, "A404": 46.84154431397465, "A405": 51.34962219365733, "A406": 49.52315957714071, "A407": 48.398743406308455, "A408": 49.76508361880651, "A409": 50.27293645923784, "A410": 54.1964562709636, "A411": 55.286123623755955, "A412": 48.99018187524626, "A413": 46.74567419320955, "A414": 49.00978332520403, "A415": 50.93182129774197, "A416": 48.884980387403374, "A417": 55.85467382272938, "A418": 56.04947833509685, "A419": 49.326971444456866, "A420": 53.335916388961344, "A421": 52.31521228400897, "A422": 46.28997818473434, "A423": 45.54798355875727, "A424": 47.70100105131351, "A501": 48.65153691568424, "A502": 52.91090875412165, "A503": 53.7607428547433, "A504": 52.015686477846465, "A505": 51.36102092935709, "A506": 51.28176317993094, "A507": 50.87673803970255, "A508": 49.452847799800544, "A509": 47.41659504213677, "A510": 50.17070849884856, "A511": 51.456511401951545, "A512": 47.271573458248014, "A513": 48.835318935151, "A514": 55.07229104257185, "A515": 49.29974833320506, "A516": 53.92629428066383, "A517": 55.49198397734228, "A518": 50.33524836825674, "A519": 49.88424289702259, "A520": 48.12562773918962, "A521": 54.328935647119415, "A522": 49.44237769707156, "A523": 53.00737840962285, "A524": 53.80658652383353, "B101": 53.39290467479487, "B102": 54.654581840769616, "B103": 54.57135228982424, "B104": 44.51267744502261, "B105": 45.524500954124264, "B106": 52.07045755179334, "B107": 51.76419497484962, "B108": 49.61364841746783, "B109": 56.61356460157019, "B110": 51.955843696344104, "B111": 47.01143684147921, "B112": 55.344811029059784, "B113": 55.75256624447871, "B114": 49.304673415226, "B115": 46.54443127805899, "B116": 51.584858512863484, "B117": 46.68899242330237, "B118": 47.45543562432859, "B119": 56.17407725509419, "B120": 46.29961161673067, "B121": 51.90777820395206, "B122": 47.07835075124287, "B123": 48.773116002951234, "B124": 52.418381132479475, "B201": 46.7331815984348, "B202": 46.74024555756869, "B203": 52.67263115525035, "B204": 53.601246238876705, "B205": 44.33869004898902, "B206": 53.8838403516669, "B207": 48.65068835997971, "B208": 46.69017249839188, "B209": 52.35047170615525, "B210": 49.38281654884784, "B211": 51.39846471362895, "B212": 46.3557984268023, "B213": 47.21142532184289, "B214": 55.62020724664036, "B215": 57.5845861208797, "B216": 55.467876043401645, "B217": 53.87921224895677, "B218": 51.459927127534556, "B219": 50.836244170396235, "B220": 50.36637984598023, "B221": 54.1844247944949, "B222": 55.34097789445969, "B223": 51.89472004797758, "B224": 52.39587634629932, "B301": 51.74417758486419, "B302": 43.02667922229093, "B303": 48.92529858704627, "B304": 47.836686266271414, "B305": 48.460909639416236, "B306": 49.21415352741875, "B307": 47.51018689210982, "B308": 52.16689871198427, "B309": 51.883765409952005, "B310": 51.55901726128136, "B311": 54.60789373472266, "B312": 51.53454992785633, "B313": 49.908168996952384, "B314": 48.76878339062761, "B315": 51.4631279930525, "B316": 51.69088425049789, "B317": 53.09447794088456, "B318": 54.13961301223614, "B319": 50.84191238139104, "B320": 56.3762825597017, "B321": 47.87092997488157, "B322": 50.18320079614269, "B323": 54.03669706746164, "B324": 52.706629078508314, "B401": 50.72071105374897, "B402": 50.118891718951645, "B403": 53.00997629484271, "B404": 53.34100417442407, "B405": 49.66587649900859, "B406": 50.46116853976503, "B407": 52.040922199788056, "B408": 50.41147779645241, "B409": 51.29395269001208, "B410": 52.392691168329115, "B411": 53.22198462542002, "B412": 50.63919189437849, "B413": 54.69150075830058, "B414": 48.403950859425876, "B415": 52.241561841695635, "B416": 48.49693159899661, "B417": 48.34077743703185, "B418": 50.744390356192945, "B419": 53.08100424186372, "B420": 47.765592808931736, "B421": 48.22700871394095, "B422": 48.803671783490365, "B423": 49.60368963099945, "B424": 49.48323531168029, "B501": 53.98998701844569, "B502": 46.13514703093114, "B503": 48.49008607394795, "B504": 52.751844757407696, "B505": 48.13294292090041, "B506": 51.49380165869525, "B507": 49.335527181424, "B508": 50.74911755265889, "B509": 55.56132475360062, "B510": 47.29738680824996, "B511": 50.084571496604084, "B512": 48.12143903766744, "B513": 52.56976804143369, "B514": 53.33307969317062, "B515": 53.16764928160549, "B516": 47.35315705539662, "B517": 53.338318166736364, "B518": 54.13074890445776, "B519": 52.877529099185196, "B520": 48.843419582120944, "B521": 48.98274289036216, "B522": 55.70316235202796, "B523": 49.38672357221092, "B524": 50.991845076462994, "C101": 47.0220016913356, "C102": 55.80601864019281, "C103": 52.87234269472616, "C104": 48.829350715688136, "C105": 53.61000706015346, "C106": 54.30735104442266, "C107": 54.50244445582431, "C108": 48.38750581548995, "C109": 48.449309850334586, "C110": 52.350061139333334, "C111": 51.586495029042695, "C112": 51.816098729072664, "C113": 48.290912639366184, "C114": 48.85596698611947, "C115": 51.922949525292275, "C116": 53.065723812925995, "C117": 49.3986276976707, "C118": 49.979903254124096, "C119": 47.552259001862716, "C120": 51.0844479545991, "C121": 47.84038235294296, "C122": 54.89058779879105, "C123": 48.891286707717924, "C124": 49.44047211554586, "C201": 49.986578855886656, "C202": 53.413565823826005, "C203": 49.55300950972091, "C204": 52.722107211868185, "C205": 50.853899935207934, "C206": 53.303935719472236, "C207": 54.195539062009885, "C208": 54.5937147307441, "C209": 47.86190994546379, "C210": 51.10845880572863, "C211": 48.38345644861205, "C212": 49.719245141606045, "C213": 56.112448539243296, "C214": 54.68437299826352, "C215": 45.4075533593212, "C216": 50.612584606503496, "C217": 52.88197612961716, "C218": 53.33668091609078, "C219": 46.449985893697615, "C220": 52.73880930448589, "C221": 50.70827989429478, "C222": 51.34449684564133, "C223": 51.00359289042911, "C224": 47.25811698446992, "C301": 54.01238008031253, "C302": 48.465901974718044, "C303": 52.794515597868575, "C304": 52.93745901589927, "C305": 54.20222372690371, "C306": 53.9293653935746,