{"A101": 161.34848031056833, "A102": 143.69494511453945, "A103": 158.1825783359985, "A104": 164.6336576950157, "A105": 153.70322992201716, "A106": 148.76344853540212, "A107": 154.27214610411826, "A108": 164.30810573807776, "A109": 145.91471965815086, "A110": 157.64007057675335, "A111": 153.5483440608036, "A112": 154.62810793916537, "A113": 148.31273604730382, "A114": 156.5245082240767, "A115": 147.19272457550065, "A116": 153.01170624753965, "A117": 147.88705415225704, "A118": 166.63101124660085, "A119": 151.5727380331165, "A120": 153.92608225361965, "A121": 151.18815710586279, "A122": 158.96033392785804, "A123": 155.83252524769776, "A124": 153.6352289898361, "A201": 151.777812954641, "A202": 164.20919861086062, "A203": 148.71706463241446, "A204": 151.85629376097444, "A205": 153.86157069237433, "A206": 157.1117844214378, "A207": 158.7142063291393, "A208": 153.99697918860508, "A209": 155.680656244004, "A210": 150.78721294105227, "A211": 147.81743259413017, "A212": 167.67869366839363, "A213": 155.92323970128524, "A214": 147.86638410553766, "A215": 163.14883353713165, "A216": 148.89679340703114, "A217": 152.44937631844937, "A218": 156.4408037163068, "A219": 155.93486656813204, "A220": 150.48824260886198, "A221": 149.26400131336618, "A222": 148.72749153186132, "A223": 161.63476787904537, "A224": 149.4208268415551, "A301": 145.38868379942957, "A302": 154.3951407974287, "A303": 151.73107802022852, "A304": 150.75072488638386, "A305": 158.9276376785463, "A306": 157.32769883906414, "A307": 158.87696487169646, "A308": 149.84243333282197, "A309": 147.48810424383925, "A310": 152.68141413930027, "A311": 157.58325833364344, "A312": 151.04863439916315, "A313": 165.3173197740211, "A314": 157.71818417632045, "A315": 156.54985605741328, "A316": 156.7543063472456, "A317": 145.41491690610638, "A318": 148.85232355182035, "A319": 150.33832335077466, "A320": 150.84615413071376, "A321": 142.29624097772034, "A322": 154.08505073486978, "A323": 145.91578551702142, "A324": 151.547323134688, "A401": 157.01567368551324, "A402": 156.13009481765982, "A403": 152.82283807307113, "A404": 151.71975614776812, "A405": 164.22213149730402, "A406": 151.73140564597904, "A407": 151.68260207260312, "A408": 154.7251167182036, "A409": 154.13118017647892, "A410": 165.3966474695783, "A411": 159.31593128530702, "A412": 151.61680864596707, "A413": 145.15405708198656, "A414": 144.76469063774732, "A415": 160.7848330923232, "A416": 154.3580178202475, "A417": 163.41769081196023, "A418": 154.51608287305407, "A419": 149.01123150771377, "A420": 157.76457019061422, "A421": 152.15760103794125, "A422": 149.61899641857133, "A423": 147.0947531458498, "A424": 159.10170920165567, "A501": 149.76680746288284, "A502": 158.3728052159617, "A503": 163.3095049751331, "A504": 158.41989910487658, "A505": 157.27691552619234, "A506": 155.73209927468676, "A507": 162.49401311407408, "A508": 145.20393370487167, "A509": 152.22088872192234, "A510": 155.07158481074248, "A511": 162.74766425504004, "A512": 151.41977515018905, "A513": 144.70688393291024, "A514": 155.40284237016223, "A515": 151.59522930426263, "A516": 159.95234748106026, "A517": 157.66002006829584, "A518": 152.20181463024437, "A519": 155.9060781439855, "A520": 158.80226488463498, "A521": 153.99413118997026, "A522": 150.86756414403663, "A523": 157.86183538944212, "A524": 154.64878716754495, "B101": 151.7334079509706, "B102": 151.8432916574456, "B103": 161.19912755652965, "B104": 150.3376213544847, "B105": 145.23445585179198, "B106": 162.84172303305968, "B107": 150.81842696685442, "B108": 152.0549864612147, "B109": 158.5720738105752, "B110": 156.48140377219326, "B111": 155.1860522997516, "B112": 159.9979255877946, "B113": 165.05594155054897, "B114": 152.03079178765466, "B115": 149.57400873087752, "B116": 156.85871766074544, "B117": 161.40809002618815, "B118": 149.46861865602312, "B119": 159.46280347220488, "B120": 143.06782020624848, "B121": 161.6608196461277, "B122": 155.16284216889164, "B123": 148.68840036062042, "B124": 147.47592710450894, "B201": 153.04796175034465, "B202": 147.2820766093953, "B203": 165.89251590889253, "B204": 155.06009349263348, "B205": 155.13311240960073, "B206": 154.05054587759892, "B207": 148.8608420014917, "B208": 145.80851787327873, "B209": 155.4218038610633, "B210": 155.63339336842822, "B211": 148.62935385264464, "B212": 148.04479275298272, "B213": 154.24712479434447, "B214": 159.27400331868714, "B215": 164.38683486201597, "B216": 159.37451776039734, "B217": 163.20123153635075, "B218": 160.65243338291475, "B219": 160.34855821401538, "B220": 145.25042985257136, "B221": 161.1094863915244, "B222": 157.82193425163496, "B223": 157.04153167668267, "B224": 152.69497924742342, "B301": 155.6070193149639, "B302": 149.3868703830826, "B303": 154.2005172061639, "B304": 156.3225552872501, "B305": 158.2879995080861, "B306": 166.15047337724957, "B307": 155.24900955373073, "B308": 166.14557982434545, "B309": 154.7494714699354, "B310": 153.54884850166337, "B311": 165.30878223067694, "B312": 147.91030950505612, "B313": 149.9631247927133, "B314": 151.0244013611539, "B315": 152.200547411787, "B316": 152.47611298955, "B317": 148.65517950892595, "B318": 163.93770402354193, "B319": 154.49078180042648, "B320": 161.78198149416718, "B321": 154.79038003054163, "B322": 157.22293999512533, "B323": 165.52034769846935, "B324": 156.63817779620447, "B401": 153.42631775057086, "B402": 152.13875151402937, "B403": 154.61556471435182, "B404": 155.59941245115664, "B405": 150.55987289702523, "B406": 163.05254496916757, "B407": 147.1158286284351, "B408": 157.35803440403765, "B409": 155.58910329281818, "B410": 152.62654471187122, "B411": 156.23699744053883, "B412": 157.26341161924987, "B413": 163.91368123242006, "B414": 152.48369626513139, "B415": 161.62614920591074, "B416": 151.1237040510914, "B417": 152.60618449215605, "B418": 158.0564565975515, "B419": 151.9720915061524, "B420": 149.0905367933001, "B421": 149.96875727948887, "B422": 151.3755744852553, "B423": 151.8158100287582, "B424": 150.42439909725607, "B501": 155.34177257964723, "B502": 146.4332732091645, "B503": 144.79615308570916, "B504": 158.13393640163912, "B505": 151.85744145958535, "B506": 150.97579070099195, "B507": 155.1985267078199, "B508": 153.01990606623335, "B509": 156.71207329397885, "B510": 156.50744043398313, "B511": 150.76509262474494, "B512": 153.05645866270424, "B513": 161.47846582713524, "B514": 160.66136218232774, "B515": 156.5293377009107, "B516": 158.04267043786416, "B517": 161.31118837901784, "B518": 165.56359969747487, "B519": 153.29838114388076, "B520": 157.17121606398516, "B521": 165.31511072539257, "B522": 158.28768833699993, "B523": 153.08811550603872, "B524": 156.59201615949337, "C101": 147.26924092860884, "C102": 157.67046923763547, "C103": 153.45986853748576, "C104": 157.194035332608, "C105": 161.56557722834796, "C106": 156.21074706947545, "C107": 162.13264778289223, "C108": 150.35248051292226, "C109": 155.24570635508562, "C110": 160.96958017752638, "C111": 153.8465939701128, "C112": 147.96490085313079, "C113": 147.2506138061875, "C114": 160.09817854977297, "C115": 154.6913239492418, "C116": 151.82303003467885, "C117": 152.7552870512859, "C118": 152.16579929798183, "C119": 148.840085335889, "C120": 147.4256786701937, "C121": 147.48756289241936, "C122": 155.09226597337, "C123": 153.6090341911503, "C124": 151.81808971349264, "C201": 164.26783582056345, "C202": 152.63703604779153, "C203": 158.64335362578217, "C204": 154.49347485456727, "C205": 154.86946451457717, "C206": 158.62265554338333, "C207": 164.98767055694304, "C208": 154.2439854723023, "C209": 158.95344779662597, "C210": 149.72283772508192, "C211": 149.9323886091279, "C212": 151.58747743209634, "C213": 157.19161040968868, "C214": 161.8023910360342, "C215": 150.52842142700027, "C216": 156.43673939584014, "C217": 150.02434053254032, "C218": 157.20561632878858, "C219": 143.28393289998832, "C220": 148.46754157511404, "C221": 155.6761219148133, "C222": 150.23049773972116, "C223": 155.68876463768703, "C224": 152.132996191109,