{"A101": 231.46340545428782, "A102": 215.91538525599813, "A103": 222.4768965142949, "A104": 232.3503752744257, "A105": 222.1183554127664, "A106": 213.70401203506398, "A107": 224.67771179807986, "A108": 236.02098314037693, "A109": 211.47972821086995, "A110": 222.48192249387196, "A111": 221.16340616812306, "A112": 225.11242869955413, "A113": 216.25948369410537, "A114": 225.55063254114904, "A115": 221.88319458116382, "A116": 221.40604338439934, "A117": 220.48719130659308, "A118": 237.7847440579189, "A119": 218.40827210972674, "A120": 226.8772205117358, "A121": 222.4488165837522, "A122": 237.26281198232238, "A123": 231.43109859639821, "A124": 215.29153209652725, "A201": 217.96776804648698, "A202": 228.09176224446645, "A203": 219.77869418334052, "A204": 217.03838798934984, "A205": 223.38555589778954, "A206": 223.471744689727, "A207": 227.92419860274245, "A208": 222.43460483073608, "A209": 226.42283160214745, "A210": 220.2970502626305, "A211": 216.33503565362895, "A212": 233.57681141067107, "A213": 228.5849518592899, "A214": 215.11968468180777, "A215": 231.44640815664457, "A216": 217.21325385472673, "A217": 219.18263079887444, "A218": 224.32063681822612, "A219": 226.94998542881092, "A220": 227.35186396813214, "A221": 216.62471712719486, "A222": 221.10970930806758, "A223": 233.51992584244334, "A224": 221.85659616306756, "A301": 221.34747164833675, "A302": 229.753248893581, "A303": 220.67899780043018, "A304": 223.5820006879024, "A305": 228.0578020766243, "A306": 227.73237556166083, "A307": 228.4799595285617, "A308": 222.5025892515123, "A309": 216.5881975510344, "A310": 223.39905729989144, "A311": 232.50969365839987, "A312": 218.4864235548059, "A313": 233.31823573226876, "A314": 223.09027418421167, "A315": 222.5591080403374, "A316": 229.8102130207557, "A317": 211.02452489148772, "A318": 220.32409738149406, "A319": 220.71452114227628, "A320": 214.94860090761148, "A321": 204.9949905146823, "A322": 219.02982469659008, "A323": 214.50512564622923, "A324": 225.3133501853315, "A401": 230.7170282419237, "A402": 225.7422260411449, "A403": 219.38851407375364, "A404": 222.25682078444945, "A405": 231.03636035635944, "A406": 218.08970084749956, "A407": 218.4499154863604, "A408": 223.72284778793116, "A409": 219.03506021472336, "A410": 229.27472275848385, "A411": 228.40791840422742, "A412": 221.4326133636455, "A413": 213.92070929087777, "A414": 213.4648431359571, "A415": 234.1297268044588, "A416": 224.6543674836067, "A417": 235.25795384017377, "A418": 223.86705537146605, "A419": 214.06990717404884, "A420": 227.40754820758426, "A421": 220.5112013687895, "A422": 215.91765271105493, "A423": 220.58369251402138, "A424": 219.68946875722375, "A501": 216.08438308840945, "A502": 228.72224114913402, "A503": 233.34364013051874, "A504": 227.15604840257697, "A505": 221.61783854746628, "A506": 219.51499872425677, "A507": 230.42527756226568, "A508": 213.13874600267147, "A509": 223.24184232552884, "A510": 223.21577409379447, "A511": 231.8953299948106, "A512": 220.07993264623695, "A513": 214.0396561286984, "A514": 226.19644368249504, "A515": 225.55384297256694, "A516": 228.40271601716162, "A517": 229.76020896301725, "A518": 221.81252230798273, "A519": 231.40505005715607, "A520": 234.318981499345, "A521": 227.45843470363704, "A522": 217.40897286837534, "A523": 228.24167131489796, "A524": 225.760772222794, "B101": 218.70504961992958, "B102": 216.60468638767722, "B103": 233.04234920564912, "B104": 215.1232958025918, "B105": 216.40039826804593, "B106": 232.26992567025746, "B107": 216.24049874191238, "B108": 224.01763440506045, "B109": 228.6140334322301, "B110": 220.83956060391085, "B111": 220.1645206328122, "B112": 229.9949663523655, "B113": 232.10391963807257, "B114": 223.67573303688263, "B115": 215.74809103863208, "B116": 227.95711342357882, "B117": 229.49242805481867, "B118": 218.57232060625168, "B119": 223.18209759249737, "B120": 210.9109246043362, "B121": 229.4688607523848, "B122": 220.204132059815, "B123": 215.56202733657963, "B124": 220.70913902640345, "B201": 219.7005902283419, "B202": 209.4460367068379, "B203": 233.63623753171746, "B204": 226.8163860975567, "B205": 229.45377704221434, "B206": 221.6553175137677, "B207": 215.71310299804307, "B208": 219.95005732629542, "B209": 223.8013364951342, "B210": 230.2394123182472, "B211": 211.3820326997871, "B212": 213.10776184885466, "B213": 219.93808237871002, "B214": 231.28244437667254, "B215": 233.37149458941374, "B216": 228.4805833018067, "B217": 225.5902599552016, "B218": 232.08324056363904, "B219": 229.31554191518117, "B220": 216.86913791227767, "B221": 236.76748859845685, "B222": 229.94548541665057, "B223": 222.38907975811338, "B224": 215.05312027868436, "B301": 225.56295763865032, "B302": 219.3739987683363, "B303": 219.57003648020523, "B304": 222.3111082281044, "B305": 227.44300029592964, "B306": 232.1303030415879, "B307": 226.461279352842, "B308": 236.0969548581309, "B309": 224.03262900788735, "B310": 223.696863729812, "B311": 238.4477634601256, "B312": 219.4669823993801, "B313": 217.28112461705845, "B314": 211.63660886455457, "B315": 217.17112788403463, "B316": 227.72589215494656, "B317": 223.29053439405146, "B318": 232.468761492457, "B319": 218.3113287079002, "B320": 227.85780614180678, "B321": 226.5245796126541, "B322": 226.659106820691, "B323": 238.88683812258893, "B324": 224.5816991401112, "B401": 220.59814029704248, "B402": 219.8026506152369, "B403": 227.69724854908654, "B404": 220.0139381606052, "B405": 217.35963612690006, "B406": 237.34207387353166, "B407": 212.7470131576516, "B408": 224.15984424767754, "B409": 227.12771971681062, "B410": 221.02221732575967, "B411": 226.22397374851784, "B412": 226.91402609886788, "B413": 236.47000222200253, "B414": 225.96644789477233, "B415": 229.47886563167947, "B416": 221.4487126320451, "B417": 225.40436097339767, "B418": 227.63034273517482, "B419": 221.65138556822123, "B420": 215.12609644212503, "B421": 218.09324272083083, "B422": 221.8553848270917, "B423": 224.33094424882293, "B424": 224.95390744451623, "B501": 227.31518573643513, "B502": 214.3498445689053, "B503": 211.8934688703057, "B504": 231.25481217979436, "B505": 216.44492770023922, "B506": 222.15061399403, "B507": 227.66625276638854, "B508": 223.91835835184207, "B509": 227.1046633174882, "B510": 226.61432291623072, "B511": 217.90326134109142, "B512": 221.87590354540419, "B513": 231.50806845409895, "B514": 232.65843933317467, "B515": 231.5158841682641, "B516": 229.44419620728917, "B517": 229.93527652574264, "B518": 238.06731550761293, "B519": 218.2348708114017, "B520": 231.40079325797296, "B521": 235.90529808490672, "B522": 228.83010633735003, "B523": 221.9657782051644, "B524": 226.74135878278543, "C101": 212.73649802095872, "C102": 221.91960650518843, "C103": 227.75603251774587, "C104": 224.5732528693504, "C105": 231.68819067183807, "C106": 225.39180391779277, "C107": 238.8437632637213, "C108": 225.49423152745123, "C109": 222.335889567333, "C110": 226.39401722657576, "C111": 226.44277256117746, "C112": 217.61159692067176, "C113": 222.929646234785, "C114": 232.2727065604206, "C115": 224.43507649885655, "C116": 217.45521170466327, "C117": 220.1200601862488, "C118": 223.64289984075148, "C119": 219.79955447840308, "C120": 217.33132343514643, "C121": 215.72104790937604, "C122": 229.17313720720807, "C123": 215.0683899326814, "C124": 219.37021570082862, "C201": 233.47466814418163, "C202": 220.5912486359337, "C203": 230.3842378857876, "C204": 227.6177306749944, "C205": 220.5300578104031, "C206": 223.57843649440605, "C207": 233.28744813844872, "C208": 228.28673667740736, "C209": 228.73448719230174, "C210": 221.70332502592882, "C211": 218.36161263431265, "C212": 222.81087352634478, "C213": 226.57639554249764, "C214": 230.37804199484233, "C215": 217.59289570325717, "C216": 223.2261551849119, "C217": 223.51669145967386, "C218": 224.20003573664417, "C219": 210.93765481123066, "C220": 222.7182256497474, "C221": 225.39200537872821, "C222": 218.37267924309847, "C223": 222.1484628835465, "C224": 224.08234146671336, "C301": 231.11046711212927,