{"A101": 25.39942184275235, "A102": 23.723310665369446, "A103": 24.587237313526582, "A104": 25.74088308883603, "A105": 23.102669039196318, "A106": 23.493498098512003, "A107": 22.11105008516076, "A108": 27.65514561699063, "A109": 24.530859414878066, "A110": 24.545351601193897, "A111": 21.869948620107102, "A112": 23.91591758119631, "A113": 24.944906639171776, "A114": 23.003429616322194, "A115": 28.109672984620836, "A116": 21.725288613028493, "A117": 22.523486684245114, "A118": 28.711435795701234, "A119": 24.710059727934745, "A120": 26.013325429958307, "A121": 27.99705028538775, "A122": 26.420371078952932, "A123": 25.069981528072237, "A124": 20.17794218090539, "A201": 23.515674211181054, "A202": 27.527424461340306, "A203": 25.942041850631924, "A204": 22.435429308381128, "A205": 25.492536879409858, "A206": 23.036329883830604, "A207": 22.192806320904662, "A208": 24.567865045063392, "A209": 23.02539566738451, "A210": 23.413086332180363, "A211": 22.007829671127446, "A212": 26.994150102015322, "A213": 24.70213315497096, "A214": 23.534007098286633, "A215": 26.958872376453503, "A216": 22.799341633663403, "A217": 25.022242565626225, "A218": 25.089086521644763, "A219": 24.344821822243556, "A220": 22.561234971697985, "A221": 21.70501375019436, "A222": 25.666612064158503, "A223": 22.95767634211092, "A224": 26.324919869581475, "A301": 23.370811310874902, "A302": 23.56077928009249, "A303": 22.642074379478675, "A304": 23.033306947691806, "A305": 24.390220821583046, "A306": 23.914792213181432, "A307": 26.708217446151288, "A308": 21.40856835558015, "A309": 23.908943014300583, "A310": 24.33644844087478, "A311": 21.83203197395958, "A312": 20.377081557056005, "A313": 29.759250770148107, "A314": 28.05435859884553, "A315": 26.42999235655872, "A316": 28.470624562464685, "A317": 19.59426742363192, "A318": 22.553202957927073, "A319": 24.4864375976952, "A320": 21.79413074715732, "A321": 23.015081993471735, "A322": 21.817189995749867, "A323": 20.750869710593616, "A324": 26.200992771728455, "A401": 21.64775052208352, "A402": 27.79519528441765, "A403": 26.55798314921798, "A404": 21.011835699849353, "A405": 24.772238572384097, "A406": 22.545697491969964, "A407": 22.63468344696144, "A408": 22.825454986297448, "A409": 25.238318229159518, "A410": 28.40578699090687, "A411": 26.496546690425895, "A412": 21.572660707169888, "A413": 24.787646677571658, "A414": 23.324642614002965, "A415": 24.638098793252496, "A416": 21.439655267791306, "A417": 27.729958249457727, "A418": 25.343551385907038, "A419": 22.43010487784097, "A420": 26.606975197009554, "A421": 25.568107155969866, "A422": 21.13540622450087, "A423": 18.710174436648764, "A424": 22.019170637813176, "A501": 22.557182842633487, "A502": 23.427959622014527, "A503": 25.925965769823176, "A504": 25.82228442399538, "A505": 25.009697034964955, "A506": 25.89703143383254, "A507": 23.543441257388153, "A508": 21.449102979817646, "A509": 22.941965203710804, "A510": 25.06752820736059, "A511": 22.522232895598624, "A512": 22.315481363078444, "A513": 24.299509145278726, "A514": 23.972082534923782, "A515": 25.34686981745039, "A516": 24.768721556900008, "A517": 26.464703899255397, "A518": 26.142170883882283, "A519": 24.27959347376308, "A520": 20.275835407692128, "A521": 26.564128036597502, "A522": 22.891446621763848, "A523": 26.13483685761681, "A524": 25.26395082400438, "B101": 23.563324428011136, "B102": 24.161809513371672, "B103": 23.77522260649342, "B104": 21.32938379971942, "B105": 23.083359587406978, "B106": 24.91706024542682, "B107": 24.708325199284605, "B108": 21.744968256472223, "B109": 25.087939739923918, "B110": 21.653799982258178, "B111": 22.27683243578217, "B112": 28.427600867681566, "B113": 25.60949343773554, "B114": 23.573507938094167, "B115": 21.07847758857372, "B116": 26.1782571267789, "B117": 21.000089177894463, "B118": 23.76399761924195, "B119": 27.24577135183891, "B120": 21.458624613249228, "B121": 25.25502121617462, "B122": 22.003734155693053, "B123": 24.731881322792447, "B124": 25.09842792645216, "B201": 23.907412044816795, "B202": 23.074878339494976, "B203": 24.75714307788984, "B204": 25.395248094652928, "B205": 21.50645125403712, "B206": 27.126603364136656, "B207": 23.69897807379519, "B208": 20.722263650383045, "B209": 25.655497008112558, "B210": 23.779178198470547, "B211": 24.159970207295615, "B212": 21.516824022280677, "B213": 22.24561320336815, "B214": 25.606904700351436, "B215": 27.03291024875821, "B216": 25.2613128678739, "B217": 25.969837057487943, "B218": 23.85148204089656, "B219": 22.893880267925528, "B220": 23.653685878612865, "B221": 26.761328787929195, "B222": 26.696634315232437, "B223": 24.197796628845378, "B224": 24.02556437940908, "B301": 25.56376533794046, "B302": 18.786856405717142, "B303": 22.67479317241247, "B304": 22.28768563457815, "B305": 23.308584369845914, "B306": 20.560242891026462, "B307": 21.133132190952324, "B308": 23.99959060348121, "B309": 23.84490878081015, "B310": 24.86277791564936, "B311": 26.486421734388017, "B312": 22.576961136546217, "B313": 25.213311232669675, "B314": 24.16832077383996, "B315": 23.504141738114747, "B316": 23.97500267717325, "B317": 24.517896887028595, "B318": 25.38955084718885, "B319": 23.259396911925155, "B320": 26.278711234643755, "B321": 22.022372350282083, "B322": 22.991488360655378, "B323": 22.870134830452336, "B324": 26.454349717280444, "B401": 22.88743633281994, "B402": 22.934648578810748, "B403": 24.262885290754834, "B404": 25.881400684438166, "B405": 25.575347124559087, "B406": 23.996030658502367, "B407": 24.969034545190997, "B408": 24.51559532580526, "B409": 25.620640891991396, "B410": 24.600648032624466, "B411": 25.923681314732917, "B412": 23.928470850250502, "B413": 27.7890485040693, "B414": 24.804104970565366, "B415": 24.70728874729493, "B416": 24.26041369572397, "B417": 19.512613687847395, "B418": 25.528197134729616, "B419": 25.208165849925653, "B420": 23.685239775223415, "B421": 22.462010373620867, "B422": 25.65285877163332, "B423": 22.002026439386437, "B424": 23.53603075339998, "B501": 24.435492449773722, "B502": 20.484354374046344, "B503": 21.95539153351571, "B504": 25.657456162005786, "B505": 23.012313495330517, "B506": 27.15714951228211, "B507": 24.338155592433946, "B508": 24.26316216841013, "B509": 25.302257258049334, "B510": 21.295205002587103, "B511": 24.295237072692643, "B512": 23.033428843958443, "B513": 22.652880308339423, "B514": 24.730385389109152, "B515": 23.784078576523786, "B516": 21.108353124871886, "B517": 27.780210667790268, "B518": 24.43140621146858, "B519": 26.277400338152077, "B520": 23.049284991012158, "B521": 25.207942649709697, "B522": 27.661271141012666, "B523": 23.602361491519297, "B524": 24.165340696317365, "C101": 24.370922524255242, "C102": 25.026169450904728, "C103": 25.348467489820095, "C104": 23.256618650180975, "C105": 21.821979909078166, "C106": 28.914969865561254, "C107": 28.553287029352067, "C108": 22.154449991411823, "C109": 20.971241902791263, "C110": 24.069046912710593, "C111": 22.550687465001364, "C112": 23.047721787501878, "C113": 25.63111697200273, "C114": 21.850640305788062, "C115": 22.651596418037595, "C116": 25.482837742589187, "C117": 22.311362526552664, "C118": 23.674081838317253, "C119": 22.846447078393425, "C120": 24.71848767007869, "C121": 21.842512287149766, "C122": 26.389203637669716, "C123": 24.89538807325005, "C124": 23.067973099995733, "C201": 22.95028599064032, "C202": 26.080661867231353, "C203": 23.356208390445463, "C204": 22.984671479017216, "C205": 22.187768531429256, "C206": 28.68849281986937, "C207": 22.594076091663272, "C208": 24.142050567479547, "C209": 23.35336704725033, "C210": 24.488063644409525, "C211": 22.50004368348425, "C212": 22.961928006310348, "C213": 28.195783000751792, "C214": 28.70161396336439, "C215": 21.642411337171996, "C216": 24.587333624181188, "C217": 22.68710005381586, "C218": 26.855795323208042, "C219": 21.955215124987788, "C220": 25.489001533055493, "C221": 24.611654783886095, "C222": 26.46042362034134, "C223": 22.676259946791028, "C224": 23.31533097384431,