{"A101": 101.10899742507375, "A102": 87.69980908744039, "A103": 96.60517834998474, "A104": 103.09299909353551, "A105": 92.73922583195403, "A106": 88.37164634906176, "A107": 93.18556931430514, "A108": 103.08786535561322, "A109": 92.74086600598905, "A110": 100.43230280671706, "A111": 91.86406898272284, "A112": 98.23975659646733, "A113": 96.17575199823072, "A114": 92.01274657347071, "A115": 91.95695307590198, "A116": 92.08243514182091, "A117": 90.30360087319879, "A118": 105.46207945618971, "A119": 94.11169029688166, "A120": 100.7251542340013, "A121": 97.1577969131386, "A122": 98.87320045945748, "A123": 98.57865517561032, "A124": 93.74474159408217, "A201": 90.33404807405671, "A202": 104.31991398940036, "A203": 93.27222411566638, "A204": 96.68353035943832, "A205": 95.46505686387695, "A206": 97.20576439699308, "A207": 97.5036922312184, "A208": 99.40145257163456, "A209": 94.82634663858641, "A210": 91.95113874421897, "A211": 93.38246646217394, "A212": 107.24090015650515, "A213": 95.85516682615248, "A214": 94.44394861600522, "A215": 100.6982526610438, "A216": 92.9361581400652, "A217": 93.83842675611766, "A218": 96.20443601202047, "A219": 95.71953958536423, "A220": 97.20922135728034, "A221": 88.83233839242725, "A222": 92.23425453982526, "A223": 101.51132146123994, "A224": 98.06121456573977, "A301": 88.52176225975111, "A302": 91.02164784397503, "A303": 95.37151695995584, "A304": 98.72708493008169, "A305": 96.30363632909263, "A306": 99.53440783229415, "A307": 98.54013962909026, "A308": 96.40023848858462, "A309": 89.74760341529552, "A310": 95.94942460274738, "A311": 94.64751026354884, "A312": 89.64851095779095, "A313": 104.83599438135153, "A314": 99.27249058546838, "A315": 94.1426294648116, "A316": 100.67158577865085, "A317": 87.54403643672984, "A318": 90.15470941987714, "A319": 90.21610223208133, "A320": 92.22787995972196, "A321": 88.84984421513397, "A322": 91.20031492491641, "A323": 86.95841851639446, "A324": 96.06813327423882, "A401": 101.18883740487642, "A402": 97.98231251227878, "A403": 92.23350930560109, "A404": 92.30620198682998, "A405": 101.52532354865907, "A406": 92.40820011760968, "A407": 94.88089193526154, "A408": 93.90911251241488, "A409": 96.43403153895312, "A410": 105.53187054533058, "A411": 101.42455718786067, "A412": 92.60091654405005, "A413": 92.14468686419441, "A414": 89.40881072498773, "A415": 99.4912436028537, "A416": 95.60779042402243, "A417": 105.11403376499108, "A418": 99.55683172396826, "A419": 92.77010361549168, "A420": 98.2195950418543, "A421": 96.2344444759389, "A422": 93.41091862685869, "A423": 92.49679028221583, "A424": 96.93477331335974, "A501": 94.81046377911424, "A502": 98.12999574476366, "A503": 100.18902247041929, "A504": 101.27514352405484, "A505": 98.20980408137811, "A506": 97.63765646163502, "A507": 99.81019800252903, "A508": 93.35694174157368, "A509": 94.16233526489938, "A510": 95.67928971521033, "A511": 101.5077815992035, "A512": 92.74229332327424, "A513": 89.17712960799281, "A514": 98.13354382749276, "A515": 92.48371034041165, "A516": 97.37982907944999, "A517": 102.01964806842673, "A518": 95.55009389905922, "A519": 97.13580142758144, "A520": 95.6550913012209, "A521": 99.58232032202213, "A522": 96.38785363087057, "A523": 99.59375496723582, "A524": 95.99558929468219, "B101": 96.41816185232732, "B102": 100.25017826514457, "B103": 98.51662557548072, "B104": 92.25292196098519, "B105": 84.11158171459313, "B106": 102.90411577162112, "B107": 94.25127618356426, "B108": 92.19000522798784, "B109": 105.00358602118612, "B110": 98.99728994612023, "B111": 96.13193159510661, "B112": 102.12262209091013, "B113": 102.30510634434525, "B114": 97.0402878765181, "B115": 91.50346802712409, "B116": 98.05744810244659, "B117": 94.41911997574779, "B118": 92.41232882225627, "B119": 103.99310891909398, "B120": 88.99054011144342, "B121": 102.8743799144885, "B122": 98.14814854310455, "B123": 93.17818947610324, "B124": 96.14987136404174, "B201": 94.45501575466098, "B202": 90.48275445612575, "B203": 100.16727928165247, "B204": 91.59017442385925, "B205": 89.89605851986187, "B206": 99.31705166979214, "B207": 92.03792205501904, "B208": 88.59611706695745, "B209": 97.90932898179366, "B210": 97.98554368060394, "B211": 95.36741237094712, "B212": 92.54553823191361, "B213": 96.44991285717974, "B214": 99.14888347816519, "B215": 104.26095383404873, "B216": 102.17149600446533, "B217": 99.60421404551818, "B218": 99.34243703281969, "B219": 100.16952027417656, "B220": 94.94664201009611, "B221": 100.83622980279542, "B222": 97.59534809768624, "B223": 98.14225205470608, "B224": 95.6284609497075, "B301": 99.32445633403196, "B302": 85.84727193257456, "B303": 95.40355863449693, "B304": 98.01801922376353, "B305": 97.27355180179921, "B306": 103.41441568904777, "B307": 94.04404808790252, "B308": 101.6852388464654, "B309": 95.40249739660032, "B310": 93.71645969618287, "B311": 102.42686868503057, "B312": 95.15166348937302, "B313": 91.54646155479078, "B314": 92.64597578386463, "B315": 93.10308243053528, "B316": 94.14547984193298, "B317": 93.58154016597771, "B318": 102.80914006061828, "B319": 94.10272585638694, "B320": 102.63210026975965, "B321": 95.51053648244343, "B322": 100.06392253800674, "B323": 102.37285612578161, "B324": 100.02353820892158, "B401": 93.57053027095533, "B402": 97.18642329904627, "B403": 95.93775437645539, "B404": 97.9887305295463, "B405": 96.96130120044454, "B406": 97.97806367096172, "B407": 91.78147856194994, "B408": 96.84402673808836, "B409": 98.0940733036289, "B410": 97.3297179788563, "B411": 98.41239791957301, "B412": 93.96793703780739, "B413": 103.34920417595791, "B414": 91.48366288804455, "B415": 104.21390624810643, "B416": 93.98278795044477, "B417": 94.99056260003813, "B418": 100.58156249779252, "B419": 99.14464719377219, "B420": 93.72367325310027, "B421": 95.10372236163342, "B422": 94.02198869464559, "B423": 93.77924489413128, "B424": 96.47044674263984, "B501": 94.52948515516056, "B502": 92.10743000240056, "B503": 88.3492813231304, "B504": 98.0529185034757, "B505": 94.0285290300157, "B506": 95.92480985267126, "B507": 96.1590367732728, "B508": 91.57621934234277, "B509": 99.84588417031333, "B510": 97.2303467016514, "B511": 94.0928545011105, "B512": 94.62460327037562, "B513": 95.13378789672797, "B514": 98.98534212929097, "B515": 95.8772300976755, "B516": 95.84796697585541, "B517": 102.64617506770415, "B518": 98.98229546415791, "B519": 98.89661290462442, "B520": 98.83573755080397, "B521": 101.40357235729377, "B522": 100.23348551220911, "B523": 94.39270630504836, "B524": 96.24506141872558, "C101": 91.3994536721068, "C102": 102.23866736847745, "C103": 94.99136039116044, "C104": 96.94637936155348, "C105": 101.92027904778924, "C106": 99.46310682772139, "C107": 102.16857530528686, "C108": 94.50966443461391, "C109": 94.37338818777143, "C110": 97.43865021347493, "C111": 94.97299976840593, "C112": 93.53499109525151, "C113": 93.43157390174309, "C114": 96.66857881897386, "C115": 97.50366933910726, "C116": 97.96986248892077, "C117": 92.88139578874494, "C118": 95.35449169967958, "C119": 91.1647778043454, "C120": 91.88328238404956, "C121": 91.65463906216792, "C122": 98.56145636678087, "C123": 95.28392150907786, "C124": 94.0756701927398, "C201": 101.99358665280042, "C202": 95.7535100082622, "C203": 95.48084820125216, "C204": 94.17081003993148, "C205": 95.31432547947021, "C206": 98.30729328953196, "C207": 102.92339607681366, "C208": 98.32527654031425, "C209": 95.47357410624238, "C210": 93.95744944228326, "C211": 95.80083064034451, "C212": 97.76108331532966, "C213": 100.04246376433193, "C214": 101.32178930258858, "C215": 93.99446338425928, "C216": 97.65880750988043, "C217": 94.15454373534057, "C218": 101.60290679765988, "C219": 89.39246132001301, "C220": 94.56368745255516, "C221": 98.54934470942578, "C222": 94.81745741170772, "C223": 96.68416920219278, "C224": 92.00995552361333, "C301": 97.96214604131005, "C302": 93.73118037763783, "C303": 93.27027115239918, "C304": 98.6394076846731, "C305": 103.2605002763343, "C306": 97.03267182107109, "C307": 101.13282294339947,