{"A101": 185.7958252918042, "A102": 168.7487746862629, "A103": 180.13754288905474, "A104": 188.50640708641404, "A105": 176.40885864348238, "A106": 173.1129063498248, "A107": 181.00454874500423, "A108": 188.1593946489693, "A109": 167.5184911176585, "A110": 184.64538973471738, "A111": 175.35723133871727, "A112": 177.8628252735878, "A113": 167.85619981978624, "A114": 180.78583642047354, "A115": 170.92895547337136, "A116": 177.52744704211526, "A117": 176.5749764734428, "A118": 189.83115561560155, "A119": 175.56856208685463, "A120": 181.8185038542796, "A121": 177.3857186221683, "A122": 185.47553862344378, "A123": 179.1609330787507, "A124": 175.73043721174002, "A201": 174.58856487735048, "A202": 185.65624177616203, "A203": 170.25274035850495, "A204": 175.16531743968264, "A205": 176.26714459911386, "A206": 180.9321650101487, "A207": 182.8478776309268, "A208": 176.4601052964322, "A209": 180.72416722066694, "A210": 175.7969080021391, "A211": 172.33584754325824, "A212": 190.52009682314988, "A213": 182.1466164416812, "A214": 170.10295119762154, "A215": 182.9308919182166, "A216": 171.37696391976965, "A217": 176.96803621241222, "A218": 178.0637238602784, "A219": 178.76774042273016, "A220": 175.48985796395775, "A221": 173.1533030249174, "A222": 171.79963040434555, "A223": 187.1505473247195, "A224": 176.30168704920936, "A301": 173.52658346139415, "A302": 180.5739078148975, "A303": 173.73166962519684, "A304": 179.36035442568345, "A305": 181.95324447433347, "A306": 182.4442471693123, "A307": 183.70422976466418, "A308": 174.54744347201117, "A309": 172.5482569415134, "A310": 175.65597302738126, "A311": 184.79579231698, "A312": 173.7844030861409, "A313": 188.06460741001914, "A314": 182.6252655967211, "A315": 176.48861290773647, "A316": 184.4940530108187, "A317": 166.15215394588134, "A318": 176.50460215803957, "A319": 173.62224010046708, "A320": 173.85543344798134, "A321": 166.07289528910692, "A322": 177.41205073781356, "A323": 168.5235936640498, "A324": 177.19378963289546, "A401": 179.51153998592335, "A402": 180.68851018936138, "A403": 176.23255558526944, "A404": 180.47620102361725, "A405": 187.31057577123298, "A406": 175.33337069498558, "A407": 175.32970020317268, "A408": 178.3584005303854, "A409": 175.93471179879353, "A410": 187.2756970356614, "A411": 184.49180414785562, "A412": 177.48416648185582, "A413": 170.26683787890028, "A414": 171.42368246828119, "A415": 184.50610618203248, "A416": 178.44838476866641, "A417": 191.7198102354706, "A418": 177.85311454252792, "A419": 171.06191044515117, "A420": 180.93072568639857, "A421": 176.6504416254791, "A422": 171.4849559320361, "A423": 172.409464335813, "A424": 180.894851270137, "A501": 171.27213119791122, "A502": 181.9084044274542, "A503": 188.01578417477563, "A504": 182.16087809737144, "A505": 174.8694469333175, "A506": 176.0979053695986, "A507": 187.27475303372964, "A508": 168.5971975845322, "A509": 181.63750543087028, "A510": 178.14647725611047, "A511": 187.14294137207548, "A512": 174.56991713314798, "A513": 169.29990322476297, "A514": 178.3645237106189, "A515": 175.1826589589315, "A516": 186.1915057296812, "A517": 183.3167793091157, "A518": 174.91787057031442, "A519": 180.01774862194242, "A520": 184.82103456267774, "A521": 178.80381026366098, "A522": 171.55828871072737, "A523": 180.88222794890976, "A524": 179.19999501372396, "B101": 175.7330348984669, "B102": 170.9988116451361, "B103": 186.64733355926535, "B104": 169.674108287052, "B105": 170.58185254767298, "B106": 188.63595933247535, "B107": 176.37833597749582, "B108": 176.96509834315628, "B109": 181.33455119032678, "B110": 176.82922746484968, "B111": 178.66091311519125, "B112": 183.86351468245817, "B113": 187.4215746037805, "B114": 177.95384838997384, "B115": 173.03602316185504, "B116": 178.49875924431313, "B117": 185.53198928158878, "B118": 172.53159741943887, "B119": 179.22375650442407, "B120": 164.79670075799237, "B121": 188.17437325062377, "B122": 177.52001369463198, "B123": 173.73325076546138, "B124": 170.6150199912909, "B201": 173.54907174315383, "B202": 167.71987984134515, "B203": 189.78290701103867, "B204": 180.62242984377184, "B205": 180.27139107113098, "B206": 175.88691616492576, "B207": 172.29865792776437, "B208": 173.21471049500752, "B209": 179.25839256467373, "B210": 181.44504337238288, "B211": 170.4716887783108, "B212": 169.26566563270768, "B213": 173.6440762406806, "B214": 183.18794300644524, "B215": 187.26972050896336, "B216": 182.17388490730298, "B217": 182.4968469013532, "B218": 185.06038271692148, "B219": 185.67519752889854, "B220": 170.94860666818627, "B221": 190.05396810538662, "B222": 183.42878781753396, "B223": 181.4766482796676, "B224": 176.5282129156347, "B301": 178.4906765827699, "B302": 173.37102295199426, "B303": 178.542123661991, "B304": 179.35998855926923, "B305": 181.30267568071923, "B306": 190.48307109924428, "B307": 180.9798389875827, "B308": 192.4022074170411, "B309": 177.7140302464797, "B310": 181.01013957741912, "B311": 192.33581377394938, "B312": 174.3956950235687, "B313": 170.2173651371556, "B314": 172.3698459027424, "B315": 173.71806865951336, "B316": 183.3364816426608, "B317": 174.43799403931195, "B318": 189.35722986386028, "B319": 174.92559790325222, "B320": 182.74453267601575, "B321": 177.7243420318336, "B322": 181.61826866470733, "B323": 191.71407077666925, "B324": 180.20554568142632, "B401": 176.48364414093683, "B402": 175.8745039466145, "B403": 179.85130690191508, "B404": 177.412142106981, "B405": 171.8006307449096, "B406": 187.30680347023673, "B407": 171.85718891758518, "B408": 179.2983016079537, "B409": 177.26666577271644, "B410": 177.21129155563634, "B411": 182.06229182254813, "B412": 179.64620536880074, "B413": 188.30294504205733, "B414": 178.25037733538642, "B415": 184.0430365029753, "B416": 174.78875496939116, "B417": 178.59474266431388, "B418": 183.0780742668297, "B419": 175.23268255527998, "B420": 169.2086426718415, "B421": 170.9052897368485, "B422": 177.15971693835255, "B423": 175.0263882958028, "B424": 175.99598456942593, "B501": 178.31919374286386, "B502": 171.48361881923134, "B503": 167.62527385307226, "B504": 181.18161774881983, "B505": 175.71811515667002, "B506": 176.57791825708736, "B507": 180.02011039229612, "B508": 177.3645284944764, "B509": 180.45560065634385, "B510": 180.78240566855146, "B511": 174.24826140605023, "B512": 180.11177252999136, "B513": 184.92097122860693, "B514": 184.52496751842722, "B515": 181.99052271731688, "B516": 185.19580273740993, "B517": 185.56711569383285, "B518": 191.59115946145107, "B519": 177.32636720273746, "B520": 180.7925436739291, "B521": 188.10022507957402, "B522": 183.50560729201652, "B523": 181.1635176611623, "B524": 180.62986184121567, "C101": 167.97155408201095, "C102": 179.76562394537473, "C103": 179.14021912866107, "C104": 180.30080170853833, "C105": 186.23900986267444, "C106": 180.49172618436197, "C107": 187.76464284314986, "C108": 179.25459598440477, "C109": 176.0278401738919, "C110": 182.26260711408997, "C111": 179.9097754361154, "C112": 170.13717214888308, "C113": 172.92895006915754, "C114": 184.41436914742414, "C115": 179.57263083925233, "C116": 176.0800836556268, "C117": 174.69565651081632, "C118": 177.14350685362894, "C119": 174.40672229313594, "C120": 170.70288696079257, "C121": 173.6520421001806, "C122": 182.07841331962567, "C123": 174.11149004931008, "C124": 173.56792404857592, "C201": 186.32481858743503, "C202": 175.55478078053207, "C203": 182.9945883663555, "C204": 179.6856641716424, "C205": 180.17544445545545, "C206": 181.51011308594946, "C207": 187.71094100354082, "C208": 180.59531507712458, "C209": 184.4352467351751, "C210": 173.08907252217674, "C211": 173.59018021022666, "C212": 173.4819414116648, "C213": 181.33828182998096, "C214": 186.48109593862702, "C215": 175.59097378993243, "C216": 178.90958812979068, "C217": 174.01813171833984, "C218": 178.515937507322, "C219": 167.1800677304058, "C220": 171.11037344558704, "C221": 179.8409154428694, "C222": 171.10279624280693, "C223": 178.04222650577015, "C224": 175.6901860834854, "C301": 182.54763645948483,