{"A101": 325.1517862190989, "A102": 319.07567767334416, "A103": 327.21657811578484, "A104": 322.5419562342622, "A105": 325.5588075893876, "A106": 311.93667300713685, "A107": 326.3481532743683, "A108": 329.95163086211915, "A109": 297.21770658202774, "A110": 314.24653464290816, "A111": 313.6297929177498, "A112": 322.4715600082831, "A113": 315.06429047710395, "A114": 325.1551450626626, "A115": 320.1128606627691, "A116": 312.43546625916673, "A117": 315.142301244821, "A118": 335.0314928295605, "A119": 317.5471716223528, "A120": 322.3359148531673, "A121": 310.2984655445545, "A122": 333.2061304797858, "A123": 323.5293951493526, "A124": 317.61724574626754, "A201": 316.4190609699885, "A202": 323.2946313323084, "A203": 317.7211480440055, "A204": 312.53031662905596, "A205": 316.4400420351728, "A206": 320.70656449527394, "A207": 325.39529133301795, "A208": 321.5170422144411, "A209": 323.33657995061844, "A210": 315.13360653371404, "A211": 309.71572917852166, "A212": 332.81843204879397, "A213": 328.1045294701866, "A214": 311.4263915139829, "A215": 325.74620242381786, "A216": 315.5774777015803, "A217": 312.27414659994446, "A218": 323.95839226093636, "A219": 324.56436679847934, "A220": 329.4221423141516, "A221": 309.9008603061174, "A222": 313.5335435500587, "A223": 324.35810576439235, "A224": 313.0690901687336, "A301": 322.343825210455, "A302": 323.98704642333877, "A303": 316.690911444202, "A304": 320.52411042125283, "A305": 320.7094564727197, "A306": 321.5516067347666, "A307": 324.6411714853078, "A308": 326.3313967980005, "A309": 315.7393256214917, "A310": 322.26663329572534, "A311": 324.9452208153049, "A312": 311.7567213740933, "A313": 326.0337781550609, "A314": 323.90749945732955, "A315": 320.9846106570644, "A316": 332.91161472635315, "A317": 302.37609061464195, "A318": 314.7194419088813, "A319": 318.87784985297617, "A320": 308.0824899668674, "A321": 307.72206089118725, "A322": 320.8498190897887, "A323": 313.6532432461904, "A324": 316.0358949704009, "A401": 322.8447085353703, "A402": 318.2846263540118, "A403": 313.98609477405546, "A404": 320.4260703462036, "A405": 322.544896467534, "A406": 313.4542507750756, "A407": 324.21503437431824, "A408": 315.85689346911226, "A409": 315.1309788264995, "A410": 323.890699396619, "A411": 324.24834236614964, "A412": 313.6762718872864, "A413": 307.52892476595736, "A414": 307.5229734785629, "A415": 332.64960342725755, "A416": 323.6089681195339, "A417": 327.21187687999713, "A418": 316.5570343570527, "A419": 309.49118494844964, "A420": 319.8351566784815, "A421": 312.9614212262547, "A422": 317.5037475165895, "A423": 315.7028330845617, "A424": 317.5371123498012, "A501": 313.58878708801365, "A502": 320.3688677650679, "A503": 327.0397762804067, "A504": 322.86831735379064, "A505": 321.77141628116465, "A506": 312.23965011756275, "A507": 329.2386263864593, "A508": 318.5219799262848, "A509": 324.5994958005947, "A510": 322.26015970683807, "A511": 326.4261101886523, "A512": 319.2386409775066, "A513": 315.3511009799709, "A514": 316.8086095714374, "A515": 322.06241155057785, "A516": 325.0827708968323, "A517": 326.2683625594334, "A518": 314.9030282042771, "A519": 326.15231423216824, "A520": 327.37157898202463, "A521": 331.7670148994792, "A522": 316.224842880128, "A523": 321.6285495655639, "A524": 324.8664575468404, "B101": 311.40409461929187, "B102": 310.81023661843534, "B103": 332.5836453729082, "B104": 315.41707616605373, "B105": 310.1667844492838, "B106": 332.2011886934698, "B107": 315.72597853084784, "B108": 318.79434708411446, "B109": 318.05517635150403, "B110": 311.66868008964065, "B111": 311.7801525022649, "B112": 330.65560971647744, "B113": 329.9639001786385, "B114": 330.1094244814117, "B115": 311.17807486244186, "B116": 320.99434525775655, "B117": 334.0888167569131, "B118": 329.09488289332967, "B119": 318.30329559486876, "B120": 305.36397158812764, "B121": 322.3529050037412, "B122": 313.8611547089461, "B123": 305.417974460213, "B124": 315.8726810308115, "B201": 315.0585459166456, "B202": 306.8716331116529, "B203": 332.3884555512246, "B204": 324.97522815368364, "B205": 324.7409574554113, "B206": 322.00878490992983, "B207": 310.9571635906052, "B208": 311.60245246962836, "B209": 320.6170276473246, "B210": 325.6309558122338, "B211": 311.2756758986698, "B212": 310.41695034971747, "B213": 316.3949168104216, "B214": 329.88498224339014, "B215": 331.8245893604409, "B216": 324.4362353948118, "B217": 315.0956256938767, "B218": 327.3611029764203, "B219": 329.16188515592864, "B220": 311.46007546477006, "B221": 332.41485869265546, "B222": 321.95779846461284, "B223": 325.00437687929895, "B224": 312.4547708045954, "B301": 322.89871923017364, "B302": 313.45032048706236, "B303": 310.0248434599963, "B304": 318.96368259409496, "B305": 321.3151679429417, "B306": 325.7905311654539, "B307": 325.8855372159362, "B308": 325.72258076856747, "B309": 325.1044754832708, "B310": 322.68168946282384, "B311": 330.4663909650909, "B312": 317.2441992013779, "B313": 312.5396908425886, "B314": 314.0511436799034, "B315": 311.1444150766112, "B316": 324.12439142021617, "B317": 323.06332386882355, "B318": 327.2404534627451, "B319": 307.166168939068, "B320": 324.0594008484753, "B321": 322.9281300559178, "B322": 317.45001635120474, "B323": 327.6494577656066, "B324": 325.95726893184064, "B401": 317.7396456697865, "B402": 308.63604669322785, "B403": 320.88636364263516, "B404": 319.32286336326496, "B405": 308.9535885799417, "B406": 335.3375686348061, "B407": 304.2219091530822, "B408": 321.2475058568407, "B409": 320.90220494436267, "B410": 317.633951401382, "B411": 320.42119256531214, "B412": 319.2230523983239, "B413": 326.3510794422515, "B414": 325.3272179231555, "B415": 327.2506175118043, "B416": 320.3023521091154, "B417": 316.8463107141625, "B418": 317.0034403562375, "B419": 315.72861889550046, "B420": 311.4334593765165, "B421": 312.13293534571153, "B422": 316.2179733046004, "B423": 316.9834723772269, "B424": 327.69976169734235, "B501": 319.19427572040314, "B502": 311.3980071133548, "B503": 306.3254615112463, "B504": 331.4114728213959, "B505": 307.0790287122613, "B506": 325.1902242737751, "B507": 323.57180041227724, "B508": 319.60242658666044, "B509": 323.71436399809033, "B510": 322.51968296008823, "B511": 316.2987927482158, "B512": 314.4456829333926, "B513": 324.65313153743296, "B514": 331.0203920845151, "B515": 316.1713916216178, "B516": 328.4617809598994, "B517": 329.56500083036656, "B518": 334.61587636066133, "B519": 321.2775325622162, "B520": 324.2969165873822, "B521": 335.6095671755544, "B522": 323.23253294325866, "B523": 315.3614567218695, "B524": 314.9446275618002, "C101": 313.73167131530823, "C102": 317.670549713222, "C103": 328.2205024505971, "C104": 321.46855677402124, "C105": 328.4861684894815, "C106": 324.68520800213975, "C107": 332.0740996045267, "C108": 323.357027914268, "C109": 314.09422695285906, "C110": 324.933909417256, "C111": 320.1818010799914, "C112": 312.09743435045334, "C113": 319.1982631309421, "C114": 331.90638516285344, "C115": 319.6543251558365, "C116": 313.8014483964045, "C117": 324.2697123589955, "C118": 314.31343656251306, "C119": 320.4074792201386, "C120": 319.0020873886868, "C121": 309.54711411162054, "C122": 325.6045536430101, "C123": 309.53241941536294, "C124": 314.5195353145335, "C201": 330.5905157681468, "C202": 317.4291939896639, "C203": 322.7963171324408, "C204": 328.7306457297399, "C205": 321.08363614491765, "C206": 315.12262855835996, "C207": 328.2495510702584, "C208": 327.32352533563875, "C209": 321.48039029098544, "C210": 314.3818502532818, "C211": 311.5136896684146, "C212": 312.5742578996877, "C213": 324.2978077435973, "C214": 322.22764410153485, "C215": 319.7106799807771, "C216": 316.27651727340697, "C217": 315.01904936103705, "C218": 321.3543270826433, "C219": 304.7517187995111, "C220": 316.53894945365687, "C221": 320.9983947433528, "C222": 317.0042731713272, "C223": 321.936142595729, "C224": 322.0620446497388, "C301": 330.9250816370154, "C302": 313.3207724316594, "C303": 321.00465418519946, "C304": 316.4638992363716,