{"A101": 143.2817377544605, "A102": 128.8414659592975, "A103": 139.6030423570262, "A104": 148.19375093531704, "A105": 139.16660489196275, "A106": 131.17531489755663, "A107": 136.35561599074728, "A108": 148.27118922604097, "A109": 132.3006165665367, "A110": 141.19471267026762, "A111": 137.30075387219662, "A112": 140.44957837260696, "A113": 133.4767000045275, "A114": 140.7243840883108, "A115": 129.62517318403744, "A116": 134.92673579179856, "A117": 132.0566698573737, "A118": 152.62533418272858, "A119": 137.34012145248784, "A120": 140.4550381948881, "A121": 135.7965231592041, "A122": 143.19692841222331, "A123": 141.11719078598927, "A124": 135.63657750457924, "A201": 135.33043168679987, "A202": 148.7210859574388, "A203": 136.4551482863686, "A204": 137.04599260621518, "A205": 139.81962713208583, "A206": 139.38150864618535, "A207": 141.36061026538823, "A208": 140.957982758966, "A209": 137.96185362655004, "A210": 135.17294379830236, "A211": 134.75025474877998, "A212": 154.9435638263297, "A213": 139.89232919776674, "A214": 132.36017846817833, "A215": 145.42013756079413, "A216": 133.3332164129381, "A217": 138.64318776060554, "A218": 140.3760972508657, "A219": 141.05862960762454, "A220": 135.194665435641, "A221": 134.3970592897255, "A222": 130.76046943968518, "A223": 145.57384792379125, "A224": 134.20948075391902, "A301": 128.841592793552, "A302": 136.37635506658887, "A303": 136.348541297454, "A304": 135.65916633093698, "A305": 141.20418930014534, "A306": 143.79955956235605, "A307": 140.17115367062874, "A308": 138.12072312487692, "A309": 131.018082451056, "A310": 135.41158663215603, "A311": 141.8522692577971, "A312": 134.21097313773467, "A313": 147.66693159600564, "A314": 142.69702496487014, "A315": 140.14142585979437, "A316": 142.0315728787376, "A317": 128.1799839224346, "A318": 133.5669163141321, "A319": 131.25883656554203, "A320": 135.81795527707544, "A321": 128.08218730190674, "A322": 135.71345330798664, "A323": 131.03529723527606, "A324": 135.1041251075006, "A401": 141.38274685002517, "A402": 139.1522149090743, "A403": 135.81228622418854, "A404": 136.81861604244327, "A405": 147.47008519807576, "A406": 134.8042615688089, "A407": 137.56032937797167, "A408": 137.13850761707207, "A409": 140.2050398187792, "A410": 147.64542275971945, "A411": 146.12371740992975, "A412": 135.12157976960856, "A413": 131.17369817447403, "A414": 130.07158274892458, "A415": 144.93785314762448, "A416": 139.52545916541735, "A417": 145.78869789311966, "A418": 140.54874596029555, "A419": 133.7499495776505, "A420": 143.4398716695508, "A421": 138.8214036428388, "A422": 133.25260281023705, "A423": 129.9463354120518, "A424": 141.98233213954802, "A501": 133.77650924805764, "A502": 141.8579271928867, "A503": 144.45218748264665, "A504": 143.05337340638317, "A505": 140.37750031586236, "A506": 137.2146391841678, "A507": 144.4053241339308, "A508": 130.04970057914986, "A509": 137.64218203207227, "A510": 138.73178102807924, "A511": 148.87799718314028, "A512": 135.47566242469583, "A513": 129.579150126319, "A514": 141.82648370380187, "A515": 134.53530453105506, "A516": 143.54153531005431, "A517": 144.61439068706503, "A518": 136.36474517504996, "A519": 140.62746513461386, "A520": 144.14981052017785, "A521": 137.15817623715722, "A522": 135.91895388881375, "A523": 144.40245140411983, "A524": 139.17268371658733, "B101": 137.81211313613227, "B102": 137.89660218118527, "B103": 145.81402650865044, "B104": 133.50097427723338, "B105": 129.93183891666965, "B106": 147.1874476703424, "B107": 136.37886196870642, "B108": 135.41243599819953, "B109": 143.32807449146378, "B110": 141.91464769827414, "B111": 139.60854524107916, "B112": 141.70948678560598, "B113": 148.3127196233008, "B114": 138.82951572782403, "B115": 133.37213101256083, "B116": 140.1611197211029, "B117": 143.48424067619226, "B118": 136.0645990255947, "B119": 144.9770083968954, "B120": 130.15215655930675, "B121": 144.80638502209916, "B122": 139.701968589518, "B123": 130.4718914215265, "B124": 133.69346507010331, "B201": 134.56515502071187, "B202": 130.96900974712042, "B203": 148.67468157046417, "B204": 138.3601529816809, "B205": 137.37969044015054, "B206": 136.52290673845445, "B207": 135.63672860863062, "B208": 130.35250095659808, "B209": 137.11011120845532, "B210": 139.4917905860016, "B211": 134.1157155563134, "B212": 135.25374257985268, "B213": 137.02093561446523, "B214": 142.28516805626307, "B215": 148.61147099441231, "B216": 143.04827886241102, "B217": 146.12492731159682, "B218": 144.8010368177802, "B219": 144.06468327270494, "B220": 131.89294261927552, "B221": 144.7715834091989, "B222": 143.44366400581754, "B223": 140.72037987237502, "B224": 136.39882637765376, "B301": 140.20094087352956, "B302": 130.30574170873956, "B303": 141.30104820936222, "B304": 140.057838894821, "B305": 141.84029108301613, "B306": 148.61837860039694, "B307": 140.11650879465645, "B308": 149.10029057710832, "B309": 137.77492593386472, "B310": 138.30381910012613, "B311": 146.83950392413536, "B312": 133.03155403001333, "B313": 134.28114029375817, "B314": 134.44219447458335, "B315": 135.8260609750012, "B316": 134.78995491577444, "B317": 133.26581918705529, "B318": 148.4585030065378, "B319": 135.8675817942464, "B320": 144.32406802619656, "B321": 139.00024626689643, "B322": 143.39195700651388, "B323": 150.87102464074775, "B324": 141.2041006391068, "B401": 138.85101067593953, "B402": 137.02278080473056, "B403": 138.7217801971593, "B404": 140.41242300870624, "B405": 136.23023247331233, "B406": 145.69872749529165, "B407": 132.52507933306055, "B408": 141.85767665489732, "B409": 140.87559261091985, "B410": 135.36587958466487, "B411": 142.40977282195772, "B412": 142.21037012571753, "B413": 147.89545475945832, "B414": 135.7866467257895, "B415": 145.56637869612274, "B416": 137.45327284126728, "B417": 136.19589672091874, "B418": 144.23306816138856, "B419": 138.131069607402, "B420": 133.84449748255457, "B421": 135.89371964298778, "B422": 136.2138506999455, "B423": 135.27433176397884, "B424": 133.96588082440005, "B501": 137.18874722472307, "B502": 131.4494012937461, "B503": 127.15882680660053, "B504": 141.51129962504368, "B505": 133.19658324705574, "B506": 137.7735012434014, "B507": 140.01658028835317, "B508": 137.66534509953357, "B509": 138.78975408405694, "B510": 139.8965063388289, "B511": 134.56419616772268, "B512": 139.94777533724394, "B513": 142.2698622802135, "B514": 145.0311989685994, "B515": 140.44665082250896, "B516": 140.2235165683386, "B517": 146.02350797218315, "B518": 146.23785507030604, "B519": 139.54259398334116, "B520": 141.85800548732726, "B521": 146.17210100094854, "B522": 142.55236496834317, "B523": 136.2833088988592, "B524": 139.99431920074161, "C101": 134.62336207904607, "C102": 142.43551822469297, "C103": 136.9186441650311, "C104": 141.56117686077442, "C105": 146.05554837422935, "C106": 139.6731973041011, "C107": 144.1851712036562, "C108": 136.06713154273092, "C109": 138.13002635804628, "C110": 143.31221951544015, "C111": 137.1342070356234, "C112": 134.63419146660826, "C113": 128.86777915446535, "C114": 144.346054607815, "C115": 140.66599917715416, "C116": 138.85478914280793, "C117": 137.32936261385726, "C118": 134.82768277661535, "C119": 134.2138058527793, "C120": 134.1847100113616, "C121": 131.88440687670627, "C122": 139.65093165639848, "C123": 135.64320237348002, "C124": 135.0840950290061, "C201": 147.744395764206, "C202": 136.7285377529696, "C203": 141.8756528495564, "C204": 140.42196930913371, "C205": 140.25848275205897, "C206": 140.1749161589399, "C207": 147.86812174309898, "C208": 139.92798668629175, "C209": 141.8783483437744, "C210": 138.20220045972403, "C211": 134.24197268434682, "C212": 135.2995674769248, "C213": 143.73215437929753, "C214": 145.20634330730707, "C215": 135.07446101047904, "C216": 140.68363487772834, "C217": 135.6513149368662, "C218": 141.94386260829467, "C219": 130.72846842996645, "C220": 132.88709314073506, "C221": 139.37923004633885, "C222": 134.77400459961893, "C223": 142.29767895864458, "C224": 136.21333609049057,