{"A101": 218.6492249104043, "A102": 201.86386362434146, "A103": 209.26625968453402, "A104": 221.86540526195589, "A105": 209.13079157286433, "A106": 200.2349028725874, "A107": 212.93503199889068, "A108": 221.81737721362063, "A109": 198.60212628524854, "A110": 212.69624044929017, "A111": 208.33976372244854, "A112": 209.64112165121907, "A113": 201.433310035889, "A114": 211.52471793619185, "A115": 207.89233381456154, "A116": 207.06493458389434, "A117": 206.40265331106446, "A118": 224.15544807175235, "A119": 205.08429826124987, "A120": 212.703338589527, "A121": 210.56061461138898, "A122": 221.0068356712478, "A123": 216.2103064877608, "A124": 203.7766729586093, "A201": 206.27352718766008, "A202": 216.77340734533936, "A203": 202.2198575625724, "A204": 205.0159754858527, "A205": 210.5806558248985, "A206": 210.9902108963129, "A207": 214.3477780250939, "A208": 209.21568525495314, "A209": 213.96792954583444, "A210": 208.0526676393301, "A211": 203.84331293744785, "A212": 219.75213248921244, "A213": 214.01798958958946, "A214": 200.96809380650882, "A215": 217.2451040868211, "A216": 203.4468910534998, "A217": 207.02810637711846, "A218": 209.29747432890187, "A219": 211.79001968149404, "A220": 214.193201815337, "A221": 204.58253818257106, "A222": 205.12113808210353, "A223": 220.11363179844372, "A224": 206.47788822941152, "A301": 205.84903206240463, "A302": 216.62768373035945, "A303": 205.35740874202162, "A304": 211.9905614980119, "A305": 216.4926403788091, "A306": 215.56963616441917, "A307": 218.57120144501056, "A308": 207.26677586785283, "A309": 201.6800908207766, "A310": 208.1356781250024, "A311": 216.26707254968244, "A312": 204.08382910924817, "A313": 219.04941234012716, "A314": 212.3915368735737, "A315": 210.24262515095157, "A316": 218.82980795416975, "A317": 198.76207056428765, "A318": 208.50823360119432, "A319": 206.0940045641426, "A320": 202.06333372189007, "A321": 192.71779527267043, "A322": 206.36844469256874, "A323": 202.74736769192234, "A324": 208.6732159281245, "A401": 213.328369418975, "A402": 213.42907318955758, "A403": 206.4747277815216, "A404": 210.2980272293269, "A405": 217.88583097798949, "A406": 206.37006089177007, "A407": 205.14479210376905, "A408": 210.07328766156962, "A409": 204.61416152227733, "A410": 215.6863208858335, "A411": 215.35309110514066, "A412": 209.76646427384094, "A413": 199.29655962096825, "A414": 202.7512570864792, "A415": 219.9278695985608, "A416": 211.45918226967208, "A417": 222.18482901194687, "A418": 208.46724000888508, "A419": 202.76035257578462, "A420": 212.1822210099606, "A421": 206.06800419547548, "A422": 202.75311859836947, "A423": 206.13770741542376, "A424": 209.57922938262703, "A501": 202.8294868144523, "A502": 214.79279696930948, "A503": 220.05021949293, "A504": 212.92465876896532, "A505": 208.26455318573875, "A506": 204.17461584321842, "A507": 218.55266807111587, "A508": 200.76878525693766, "A509": 211.31462437150924, "A510": 207.23863333255292, "A511": 218.88634023617496, "A512": 206.55295174068823, "A513": 200.7575782548718, "A514": 210.76323512470452, "A515": 208.8407109993119, "A516": 216.56376652836394, "A517": 217.13456253663867, "A518": 208.16046765952416, "A519": 218.61839485165507, "A520": 220.44318317251106, "A521": 214.16495444338355, "A522": 205.26162322064374, "A523": 214.74011176733822, "A524": 213.49635244875597, "B101": 201.18328334083813, "B102": 203.81627738705413, "B103": 220.24736322947294, "B104": 203.2250665631582, "B105": 205.02926489486393, "B106": 219.54801551136458, "B107": 204.77118495027037, "B108": 209.2474298168748, "B109": 214.54576936740935, "B110": 205.625814239072, "B111": 208.43859694227183, "B112": 216.59271905527316, "B113": 218.03290189722694, "B114": 211.02251934645105, "B115": 202.81448380054732, "B116": 213.4747691065193, "B117": 216.3180931191505, "B118": 205.4075388735319, "B119": 211.17758159868322, "B120": 195.55103298049258, "B121": 216.99720162727567, "B122": 209.26974331170115, "B123": 201.85387690603181, "B124": 207.87703260610448, "B201": 206.21420136019944, "B202": 198.57812818362694, "B203": 219.6903704137596, "B204": 213.82468825013976, "B205": 215.32396136614793, "B206": 208.99845345017872, "B207": 203.92254636051553, "B208": 206.64607591480618, "B209": 210.82422151146852, "B210": 214.34870160696724, "B211": 198.24890947337508, "B212": 201.5100424603773, "B213": 207.3023338201008, "B214": 218.06149784780283, "B215": 219.89995406924248, "B216": 217.06592808387344, "B217": 215.00890510349353, "B218": 220.07862421141047, "B219": 215.10859639163488, "B220": 203.49854996638828, "B221": 222.5570561427891, "B222": 213.94824832024977, "B223": 210.40826218118045, "B224": 203.67552506284864, "B301": 212.44783719874323, "B302": 207.89194512191185, "B303": 207.0666840876077, "B304": 210.642478171627, "B305": 213.12188340051927, "B306": 220.1315927582601, "B307": 213.03214732316655, "B308": 224.3710398457994, "B309": 209.76703361597188, "B310": 210.20594910428267, "B311": 224.4107156060035, "B312": 207.94628765742763, "B313": 203.62865850146264, "B314": 200.58778063170163, "B315": 205.4593170312453, "B316": 214.40947087194075, "B317": 209.28828366158837, "B318": 219.97553865275347, "B319": 208.0652923729571, "B320": 214.56929461960448, "B321": 212.87385519729852, "B322": 213.22581180286804, "B323": 225.35334111413812, "B324": 211.6804324708085, "B401": 206.68072622251447, "B402": 207.3915262599507, "B403": 216.45179237857877, "B404": 206.9380060077126, "B405": 203.95803558713422, "B406": 222.15995477464332, "B407": 199.77317866669074, "B408": 211.4462511415489, "B409": 211.00970347971835, "B410": 207.6278383077846, "B411": 214.15476117075445, "B412": 213.52344677098242, "B413": 222.37424122236249, "B414": 213.60580184131203, "B415": 214.43511714042833, "B416": 207.61578162293347, "B417": 211.16383911481904, "B418": 213.50771623795012, "B419": 209.5359931832361, "B420": 203.056347183274, "B421": 204.05834344024203, "B422": 209.43650451185243, "B423": 210.20217179812434, "B424": 209.7311957796151, "B501": 214.28410128948013, "B502": 203.25548261244603, "B503": 198.21688074684812, "B504": 216.91241318293305, "B505": 202.7879821553308, "B506": 208.68140315404426, "B507": 213.2823315405509, "B508": 211.66430071703363, "B509": 213.12543658677018, "B510": 213.50896258530753, "B511": 202.8423389270223, "B512": 209.06453605129872, "B513": 220.895166234044, "B514": 218.34440445681756, "B515": 216.00334151036023, "B516": 216.8715389108032, "B517": 217.88508688793104, "B518": 224.3608160349578, "B519": 205.06598889625195, "B520": 215.5982206687891, "B521": 221.4045239722077, "B522": 214.3663570640988, "B523": 208.7223760629711, "B524": 215.22102910082177, "C101": 200.0534445744798, "C102": 209.28413195868157, "C103": 212.79228003962777, "C104": 211.715661051114, "C105": 221.064563206356, "C106": 211.4817735910944, "C107": 223.08615479141406, "C108": 212.48638265078034, "C109": 208.88412083077884, "C110": 211.66424266583027, "C111": 214.68622080141074, "C112": 202.5887926963647, "C113": 209.01033467721928, "C114": 218.6886042730967, "C115": 209.74688204110393, "C116": 205.7465784244461, "C117": 207.90964958743567, "C118": 208.66900010882594, "C119": 205.40288931552033, "C120": 203.9061033998725, "C121": 203.36199714382687, "C122": 212.48361649224498, "C123": 203.94265508279415, "C124": 206.2697822163125, "C201": 219.53844819837516, "C202": 206.0870642461489, "C203": 216.95036969532228, "C204": 214.0911533472608, "C205": 209.48111387566067, "C206": 211.67848926528194, "C207": 220.20559578537836, "C208": 214.08780610230298, "C209": 216.39638830537572, "C210": 206.88668181038597, "C211": 204.33939544373513, "C212": 208.31565786564744, "C213": 212.91939781108826, "C214": 217.0886015184259, "C215": 205.76496017140275, "C216": 211.33295668726882, "C217": 209.49891793233763, "C218": 208.58545907780388, "C219": 198.66050708714752, "C220": 207.2294789566444, "C221": 208.55599785659143, "C222": 207.07327406879676, "C223": 210.19072425127285, "C224": 210.24431471677667, "C301": 217.51999738307796,