{"A101": 256.7106876837661, "A102": 244.05914587554219, "A103": 250.20817065828115, "A104": 256.28150940413406, "A105": 250.86971821611522, "A106": 243.3686646604719, "A107": 251.7019944959831, "A108": 264.06864981234673, "A109": 237.10579436283996, "A110": 246.888360926608, "A111": 247.24665154124173, "A112": 253.37446600294533, "A113": 247.32668104579355, "A114": 250.29403953415758, "A115": 251.1322290929367, "A116": 247.10277181566815, "A117": 248.83653555994022, "A118": 266.970085214978, "A119": 247.4668713461092, "A120": 254.09558964458213, "A121": 246.31649022134172, "A122": 265.0922646271356, "A123": 258.0292667412968, "A124": 246.2944922883439, "A201": 246.54402423457185, "A202": 257.8389756035227, "A203": 253.26243702222013, "A204": 243.51296683832584, "A205": 249.3854408665356, "A206": 252.58222754083243, "A207": 257.6066022780861, "A208": 248.9852375088256, "A209": 252.3485171336969, "A210": 251.0422854716964, "A211": 243.10514148198195, "A212": 258.8492192691266, "A213": 255.61740757787146, "A214": 239.75419723324256, "A215": 256.9765345845065, "A216": 244.59223897391664, "A217": 243.78985026916058, "A218": 247.67932889843357, "A219": 255.91764536141991, "A220": 258.47362417944146, "A221": 243.62454867224355, "A222": 246.98937679835402, "A223": 260.21339768552093, "A224": 244.35926909699748, "A301": 249.64301112226087, "A302": 254.57774395947683, "A303": 245.02889697220212, "A304": 248.87209106577419, "A305": 254.32966914560146, "A306": 251.69263765657837, "A307": 254.72406594388556, "A308": 252.1096509009252, "A309": 242.38412818617743, "A310": 250.93342506633206, "A311": 259.48338390391024, "A312": 243.56671975064816, "A313": 256.7067261896606, "A314": 252.48998793980232, "A315": 249.43509514567648, "A316": 258.7996676252247, "A317": 234.17213093607705, "A318": 243.93718660244815, "A319": 249.39656759074705, "A320": 240.51811757206303, "A321": 233.11369672592195, "A322": 250.62129499736892, "A323": 242.69395145919353, "A324": 251.41824622688614, "A401": 255.51913352151809, "A402": 254.1131319135405, "A403": 244.49946915451875, "A404": 246.94906838487438, "A405": 256.2173868366382, "A406": 245.01252997397717, "A407": 249.77191111048796, "A408": 250.19419958006117, "A409": 246.0998758159568, "A410": 257.0138293103196, "A411": 254.06904575796256, "A412": 246.7140674309298, "A413": 236.02605549562244, "A414": 239.15923173463423, "A415": 260.1463448021024, "A416": 255.2778106622401, "A417": 258.9315648351218, "A418": 252.10203251869112, "A419": 236.89637041698802, "A420": 253.3950206315118, "A421": 246.53587283332067, "A422": 244.38376879024827, "A423": 242.33580721253327, "A424": 247.92380047504452, "A501": 243.12456776044354, "A502": 255.28394410402322, "A503": 258.13910944870685, "A504": 252.87394244061414, "A505": 250.66107752095166, "A506": 243.95221568560166, "A507": 258.333118757773, "A508": 241.5842649111033, "A509": 250.92361305378176, "A510": 253.1496346997364, "A511": 255.45455090769622, "A512": 250.691938217442, "A513": 240.1142228467555, "A514": 251.53915917559516, "A515": 253.15293665991905, "A516": 257.123028957176, "A517": 256.57697434723826, "A518": 246.32990988360166, "A519": 262.61105180618165, "A520": 259.87753951989004, "A521": 256.3093161487709, "A522": 245.1613249719592, "A523": 255.50491035699775, "A524": 252.98719402062824, "B101": 243.4533170643879, "B102": 245.72784917392644, "B103": 258.4618287595255, "B104": 241.52523733853423, "B105": 242.46774129749002, "B106": 260.1659467410868, "B107": 244.61176239367077, "B108": 249.82289425323862, "B109": 252.643009917896, "B110": 245.57285406479664, "B111": 244.59788253066472, "B112": 256.9558581163096, "B113": 259.4409997638679, "B114": 254.59514440878618, "B115": 241.26242587207278, "B116": 253.1034993009254, "B117": 254.51602778468686, "B118": 252.5156468738008, "B119": 249.18606483869576, "B120": 237.31870455779332, "B121": 258.1597048138565, "B122": 246.780897706389, "B123": 240.7449092549075, "B124": 248.43936222384076, "B201": 245.56409594606788, "B202": 237.71891436355966, "B203": 259.9709262467703, "B204": 254.60801449133345, "B205": 257.2564847885217, "B206": 249.93879831264223, "B207": 244.45183499977665, "B208": 245.62437268997314, "B209": 249.39531630433726, "B210": 255.660328659346, "B211": 240.47349549574244, "B212": 240.16462458065527, "B213": 245.0174233162067, "B214": 258.2243598480578, "B215": 260.4730264528786, "B216": 258.90919361177515, "B217": 251.3714990580535, "B218": 257.6918005810436, "B219": 260.2378295160987, "B220": 241.44173779619587, "B221": 264.5061974917811, "B222": 256.5467288458025, "B223": 250.4217746199113, "B224": 241.04303066309853, "B301": 251.37895395830412, "B302": 241.02875034351734, "B303": 244.81443260857506, "B304": 247.35317637786486, "B305": 256.99586503004923, "B306": 257.89608833355913, "B307": 255.9692958758033, "B308": 260.50971465385345, "B309": 253.81336420624774, "B310": 250.92263523932417, "B311": 263.5945185817576, "B312": 249.21421266948883, "B313": 243.40982906573745, "B314": 238.38543051293104, "B315": 242.57712011052334, "B316": 252.28065695255628, "B317": 250.6083723159758, "B318": 257.4038305782791, "B319": 244.31337703407732, "B320": 253.90207470949358, "B321": 253.80154554975223, "B322": 255.52773612761646, "B323": 263.6949499475865, "B324": 255.5674301959909, "B401": 248.5319164182893, "B402": 243.47485879728393, "B403": 250.2784635831341, "B404": 247.89298443269297, "B405": 246.64882502900844, "B406": 266.2909436863451, "B407": 236.84814153484655, "B408": 254.71258342702114, "B409": 253.31955072754843, "B410": 247.1438449399096, "B411": 258.73151302066645, "B412": 247.53586425783226, "B413": 261.3975728767922, "B414": 252.2860295443888, "B415": 258.3442693497841, "B416": 248.62458561496754, "B417": 250.0893707793299, "B418": 251.7183861793038, "B419": 245.44267994526825, "B420": 243.45387628874732, "B421": 241.76350530176467, "B422": 245.89711264668387, "B423": 250.1964320518516, "B424": 251.3841780677641, "B501": 252.9504468000585, "B502": 238.78491956637805, "B503": 235.71569637328145, "B504": 258.0316124683653, "B505": 244.77370550514053, "B506": 250.89534567275618, "B507": 255.59291133052875, "B508": 253.02386754638042, "B509": 255.64821593939482, "B510": 253.5541414026903, "B511": 245.58119504997651, "B512": 246.46811052014255, "B513": 257.4351324404471, "B514": 259.7784646149714, "B515": 255.37820188679916, "B516": 257.8437625910781, "B517": 258.24656931315553, "B518": 260.8426055227144, "B519": 245.59638354530236, "B520": 255.9931259216175, "B521": 261.38862227869004, "B522": 255.27258324102885, "B523": 249.59307867760492, "B524": 250.84562306772895, "C101": 238.67864732328425, "C102": 245.59572734556363, "C103": 253.84607910460556, "C104": 251.57771635449305, "C105": 260.81132414725045, "C106": 251.42294240305768, "C107": 265.2750666465815, "C108": 253.7676300611278, "C109": 243.80449599593888, "C110": 256.89165166007996, "C111": 251.32718835772584, "C112": 243.5273471024186, "C113": 249.26005580014848, "C114": 260.4969021198923, "C115": 250.06509714486333, "C116": 243.86882293446558, "C117": 248.09281073253308, "C118": 248.76037381902364, "C119": 249.47435435491926, "C120": 244.3945305416099, "C121": 242.89194649673152, "C122": 255.43690607513147, "C123": 240.82763633369444, "C124": 243.70788560536064, "C201": 259.39116584467996, "C202": 246.51852688839458, "C203": 255.2997184000962, "C204": 257.9330091172242, "C205": 246.54619612550437, "C206": 248.61360176515151, "C207": 260.63783097787353, "C208": 255.04282177915496, "C209": 254.1601780330096, "C210": 244.93583041512073, "C211": 242.58795206880566, "C212": 246.92562626473514, "C213": 253.99750311166156, "C214": 254.7654330352284, "C215": 244.9213424471857, "C216": 249.13867822380072, "C217": 249.10312155711523, "C218": 251.32239721421405, "C219": 236.48339487957796, "C220": 247.49106100204293, "C221": 250.144480890805, "C222": 247.71877473428165, "C223": 250.9436515711527, "C224": 249.5717656856573, "C301": 260.3806361717926,