{"A101": 7.8463974301222565, "A102": 6.381285057581775, "A103": 8.673677587576154, "A104": 8.497888917005737, "A105": 8.296193049542094, "A106": 7.298797875235169, "A107": 7.996466597995244, "A108": 8.707476661430176, "A109": 6.86364745544003, "A110": 8.31718343228833, "A111": 6.950405049890932, "A112": 8.614483740193354, "A113": 6.986100162223542, "A114": 6.20209397490551, "A115": 9.695219428721318, "A116": 5.561967974411101, "A117": 8.535290538760023, "A118": 11.382328874543244, "A119": 8.238456754086243, "A120": 8.824254005671273, "A121": 10.393526240800359, "A122": 9.101101846064008, "A123": 5.538903261765626, "A124": 5.901136033238748, "A201": 9.227066873194307, "A202": 10.114252032607208, "A203": 9.4509169840324, "A204": 8.138255494693919, "A205": 8.085448556672429, "A206": 7.99171379746664, "A207": 8.096264649395989, "A208": 9.357238560226218, "A209": 8.47383761931166, "A210": 7.9083821190691115, "A211": 7.021111935436181, "A212": 9.03276806111946, "A213": 9.382831049881883, "A214": 7.009592096157645, "A215": 9.610577716932816, "A216": 7.586883554944551, "A217": 8.15467025446507, "A218": 10.395259809533167, "A219": 8.926520699190897, "A220": 7.511050660832035, "A221": 7.68357075082122, "A222": 9.141752463707636, "A223": 8.443351944999096, "A224": 8.472731159606237, "A301": 7.156809321184286, "A302": 7.053475605031062, "A303": 6.461738454493199, "A304": 7.236358153377171, "A305": 7.618332907097145, "A306": 8.181398843667932, "A307": 10.218974171307996, "A308": 7.910802249616843, "A309": 8.644411489580417, "A310": 8.658767679421079, "A311": 6.9866773630946675, "A312": 8.414782176755212, "A313": 9.276244830954976, "A314": 10.113235800393507, "A315": 9.806844784116203, "A316": 9.280319915860892, "A317": 7.452486911268098, "A318": 7.447969411826508, "A319": 8.061238500149202, "A320": 6.298371088843797, "A321": 6.6250675061994375, "A322": 6.855174037878054, "A323": 6.588751600433028, "A324": 9.272942269053772, "A401": 7.973526212191202, "A402": 8.072465313021276, "A403": 9.55867587647737, "A404": 5.941997607973573, "A405": 7.788968574420263, "A406": 6.91121565032309, "A407": 7.884482369625832, "A408": 7.484874373892172, "A409": 10.363959128078887, "A410": 6.696386785670562, "A411": 9.426278396278562, "A412": 8.71588006498843, "A413": 8.321439736524692, "A414": 9.451071739762101, "A415": 8.468537333118189, "A416": 7.615108890017577, "A417": 9.366767443980493, "A418": 8.849456201783314, "A419": 6.654517561806935, "A420": 10.072578516267772, "A421": 7.176789106424826, "A422": 5.614096579370868, "A423": 8.093740887778896, "A424": 8.03643817939312, "A501": 6.765428940744548, "A502": 8.325801952032705, "A503": 9.26303997871436, "A504": 8.95870119012554, "A505": 9.632463055609644, "A506": 8.835104834400662, "A507": 8.404470509283222, "A508": 8.620814005253536, "A509": 7.895424766861096, "A510": 7.384589395388801, "A511": 7.801516413373239, "A512": 7.292542933645935, "A513": 6.717232401015252, "A514": 7.654450892979404, "A515": 9.295104217709529, "A516": 7.9108275712500635, "A517": 9.77805346285935, "A518": 8.517341620283418, "A519": 9.799735816390912, "A520": 7.078778370063436, "A521": 8.061167333879688, "A522": 8.49589080982607, "A523": 8.067183684673829, "A524": 7.147735234458342, "B101": 8.505362863962088, "B102": 8.939498065680471, "B103": 7.4483047635301, "B104": 6.853949830360463, "B105": 8.542926894260184, "B106": 9.191874488974868, "B107": 6.605954717260277, "B108": 6.5101716226910495, "B109": 8.270500746223876, "B110": 8.157384651251839, "B111": 7.657406555839996, "B112": 9.676660351898725, "B113": 7.883551575704496, "B114": 7.3744269010666645, "B115": 5.888151799722072, "B116": 9.434920528020136, "B117": 8.471225167267264, "B118": 7.252004893411951, "B119": 10.792556435232452, "B120": 9.043749134171106, "B121": 9.118105299954225, "B122": 8.257829690270531, "B123": 8.509727776273182, "B124": 8.708009082313417, "B201": 7.700910119995019, "B202": 6.686408788166004, "B203": 9.623290992868807, "B204": 9.70047246652387, "B205": 7.279906878630756, "B206": 10.194362054923594, "B207": 8.69291543109465, "B208": 7.064356044345381, "B209": 10.012515373607307, "B210": 6.916568458506013, "B211": 7.779380387192146, "B212": 6.6580841466155105, "B213": 7.479444483199758, "B214": 8.712729911510625, "B215": 9.224318319370589, "B216": 8.89078357790067, "B217": 7.970219742115647, "B218": 8.1459594267618, "B219": 6.947761368601839, "B220": 6.018170099221094, "B221": 8.752845989243063, "B222": 8.27669748190594, "B223": 9.668772617227102, "B224": 8.503869984006782, "B301": 8.446220612678148, "B302": 5.419758522325425, "B303": 6.748609031207579, "B304": 6.6517504923959585, "B305": 6.5106150940694185, "B306": 5.642853472743475, "B307": 5.718605141871859, "B308": 7.678112170604624, "B309": 8.376099211387391, "B310": 6.790299735743668, "B311": 8.947001057313484, "B312": 9.251045761941848, "B313": 8.664261209073151, "B314": 8.494124608307487, "B315": 7.426169701832199, "B316": 8.412270599617177, "B317": 6.809140153433885, "B318": 7.04234078307644, "B319": 8.43021995748915, "B320": 7.487506912748406, "B321": 8.184242732757273, "B322": 6.656559916311078, "B323": 8.749831235649875, "B324": 10.346432581898329, "B401": 7.928075228952376, "B402": 8.442071357803254, "B403": 9.639193102814971, "B404": 9.927305504857008, "B405": 9.200198412646833, "B406": 5.855099292588408, "B407": 8.46576863866982, "B408": 8.646812180045004, "B409": 8.771025557538396, "B410": 6.863462617892018, "B411": 8.78861602954715, "B412": 8.578661896237202, "B413": 8.436769027531035, "B414": 8.63360821402092, "B415": 9.798828954867888, "B416": 7.003615481293641, "B417": 7.141314024107858, "B418": 8.726299878268998, "B419": 7.796295358424048, "B420": 8.888600763213798, "B421": 7.634815750494939, "B422": 9.135813579302432, "B423": 7.71550487378647, "B424": 10.0267059664795, "B501": 6.84757306561271, "B502": 6.256038682583688, "B503": 7.121462521438228, "B504": 6.974958311076147, "B505": 8.032912613883436, "B506": 9.648328736507288, "B507": 7.816785417408665, "B508": 9.598246959535492, "B509": 7.037316535384755, "B510": 6.8778013028870255, "B511": 8.693768513945773, "B512": 8.986654155203983, "B513": 7.713593885792227, "B514": 9.381378334603802, "B515": 6.754305108742315, "B516": 8.326753132275664, "B517": 10.026861724953095, "B518": 8.85466122809281, "B519": 9.601306883602758, "B520": 6.840823662404947, "B521": 7.541371537137188, "B522": 8.549659914367885, "B523": 8.711207255965375, "B524": 7.2955601997124795, "C101": 7.453003487364828, "C102": 9.223035519262611, "C103": 5.724472944330498, "C104": 6.082774785138033, "C105": 6.853649561839013, "C106": 9.538215045042241, "C107": 10.98409777183803, "C108": 6.714543606581099, "C109": 6.453634022163488, "C110": 7.047154934751461, "C111": 7.97788512132254, "C112": 8.775697794157653, "C113": 9.974463596379847, "C114": 6.556680994813926, "C115": 6.921445515500197, "C116": 7.642694982482153, "C117": 7.4149008343837615, "C118": 6.888683666381938, "C119": 7.562035118654444, "C120": 9.809401231853291, "C121": 6.6776053878642685, "C122": 8.410379575954638, "C123": 7.3114650766806335, "C124": 8.365752627787687, "C201": 8.731099075456486, "C202": 8.589271009473173, "C203": 6.632835605746323, "C204": 7.690490445167779, "C205": 6.424682653343053, "C206": 8.828124908963476, "C207": 7.592225432089866, "C208": 8.448089154515436, "C209": 7.4818890226259, "C210": 7.48559536949103, "C211": 8.276049740928034, "C212": 7.187534804802938, "C213": 7.760495689562887, "C214": 10.34396765002633, "C215": 5.955758841216468, "C216": 7.468129496512076, "C217": 9.489175517547263, "C218": 8.94338462663215, "C219": 6.996486275141179, "C220": 8.075849669221448, "C221": 8.20496258491456, "C222": 8.594030262002157, "C223": 6.4635808587242, "C224": 7.963780079246181, "C301": 7.693557948617521, "C302": 7.857620025368841, "C303": 9.16683946345568, "C304": 8.484514516522363, "C305": 9.047272201847578, "C306": 8.67519307595133, "C307": 10.858893084435904, "C308": 9.52588962153218,