{"A101": 68.78709765728836, "A102": 62.0765180614168, "A103": 68.64687733658687, "A104": 71.57931939628162, "A105": 66.34113786223696, "A106": 60.71912320506422, "A107": 67.10644373297369, "A108": 70.86663338021846, "A109": 65.40896781740689, "A110": 71.73006376197809, "A111": 63.63413055340506, "A112": 71.42031544834632, "A113": 66.54991901538487, "A114": 63.01775165530406, "A115": 65.21093881068045, "A116": 64.23494362790969, "A117": 65.12479308404484, "A118": 75.4200229660212, "A119": 66.27840321457568, "A120": 73.7599110928818, "A121": 68.89632271066401, "A122": 72.03651132080175, "A123": 70.88380305635724, "A124": 66.37616159161044, "A201": 64.05754866760097, "A202": 73.32363243213912, "A203": 65.8136302496851, "A204": 65.25537132624243, "A205": 64.79647167648815, "A206": 69.08254318229122, "A207": 66.10384494733925, "A208": 68.86236678952781, "A209": 67.37947061816652, "A210": 64.41206042238454, "A211": 65.6179772396994, "A212": 76.04485802230322, "A213": 66.74258972900289, "A214": 64.23919290048221, "A215": 66.75190583815152, "A216": 65.65157711979037, "A217": 66.1571875815336, "A218": 65.67110752754579, "A219": 69.09939272666519, "A220": 65.47584388743657, "A221": 61.2273835561449, "A222": 64.78518159187739, "A223": 69.81410303643459, "A224": 69.00644992533401, "A301": 62.17090098059547, "A302": 61.772792947707615, "A303": 66.0817920778936, "A304": 66.32640321143798, "A305": 67.67581124917254, "A306": 67.89511264205767, "A307": 68.44335937558482, "A308": 64.70794635198, "A309": 64.75326279969637, "A310": 65.61553210121838, "A311": 64.85676732259117, "A312": 62.219260384400926, "A313": 75.01735955512255, "A314": 68.87062844691053, "A315": 66.84330863134237, "A316": 73.47087277641509, "A317": 58.17407633070569, "A318": 64.03547914633342, "A319": 66.81111695709805, "A320": 58.61638274266266, "A321": 60.498486651227516, "A322": 63.59514540373611, "A323": 62.453263439500525, "A324": 68.63489420694877, "A401": 66.9694244239286, "A402": 66.11364623612356, "A403": 64.56197090030014, "A404": 64.38073045742364, "A405": 68.73864730729598, "A406": 64.4446055932271, "A407": 63.98939824856158, "A408": 65.60861023534918, "A409": 67.15580556729158, "A410": 72.75613556957951, "A411": 71.74994498944152, "A412": 64.0862172488778, "A413": 64.3104438470569, "A414": 63.68207126706867, "A415": 66.82876110687833, "A416": 64.65773773657351, "A417": 73.92703214463812, "A418": 71.435983604301, "A419": 62.325321447206306, "A420": 67.18031013930165, "A421": 66.72461886798733, "A422": 64.49330002600621, "A423": 62.47806533545535, "A424": 63.33425464015039, "A501": 64.17528510491434, "A502": 67.64133471055106, "A503": 67.2754284741825, "A504": 70.03648326679435, "A505": 71.73916340826752, "A506": 67.01912892952379, "A507": 68.73898948121868, "A508": 62.73397103152327, "A509": 59.03029222291284, "A510": 64.36980268743082, "A511": 69.18237058169537, "A512": 64.3376654180196, "A513": 62.91034047778004, "A514": 72.23697075253243, "A515": 63.64701565395379, "A516": 69.71076997999094, "A517": 72.19330611187694, "A518": 66.51829571655317, "A519": 68.48401125433911, "A520": 62.54043650934953, "A521": 74.100413334486, "A522": 65.2285312425409, "A523": 70.4462569792467, "A524": 69.46934772610908, "B101": 69.2168988195966, "B102": 70.90516304456831, "B103": 70.27669716579639, "B104": 61.25869265238402, "B105": 59.61856327646177, "B106": 70.08025524748571, "B107": 65.91270257273132, "B108": 64.41911115830274, "B109": 71.99589620958527, "B110": 69.72884141884909, "B111": 65.94209194732177, "B112": 73.73760472982073, "B113": 71.09106471403447, "B114": 65.57741756925617, "B115": 60.943908289006146, "B116": 67.42417258503025, "B117": 62.362655588303056, "B118": 63.07265095043027, "B119": 70.92321343638164, "B120": 60.024627855233405, "B121": 69.02927747944344, "B122": 65.28338593250486, "B123": 65.52062498470612, "B124": 66.3405568963988, "B201": 62.8399469169783, "B202": 63.30672650901378, "B203": 69.05284990208816, "B204": 67.17151516249626, "B205": 61.509582101079516, "B206": 68.41068130945338, "B207": 64.11602236573557, "B208": 61.31685104698449, "B209": 70.04172169722816, "B210": 67.44536903922237, "B211": 65.46378047934202, "B212": 62.88484632859995, "B213": 67.4931539993951, "B214": 70.45107086123919, "B215": 72.62192209412932, "B216": 71.87546579791879, "B217": 69.9851696986258, "B218": 70.31866480313884, "B219": 66.94010653534367, "B220": 67.53375634639883, "B221": 74.06311251348136, "B222": 67.29160356714782, "B223": 66.61512804398473, "B224": 68.460564735826, "B301": 67.61770953333847, "B302": 55.9692450315003, "B303": 64.55951797182095, "B304": 66.39031825565151, "B305": 66.57419300351044, "B306": 66.56825044151672, "B307": 64.02988952820547, "B308": 70.1951315821851, "B309": 70.6988096344823, "B310": 66.4141834583372, "B311": 73.27534924668319, "B312": 67.45882077288819, "B313": 66.04419044390238, "B314": 62.911817288829766, "B315": 65.76466947042353, "B316": 67.21045575418944, "B317": 67.53235107096278, "B318": 72.44824358363687, "B319": 65.87770351291432, "B320": 73.47653833927802, "B321": 64.110582131233, "B322": 66.76573644308817, "B323": 70.12979632065239, "B324": 69.23248304022017, "B401": 62.6808124412231, "B402": 66.7601362784724, "B403": 68.72404866732344, "B404": 71.49348893837603, "B405": 64.25642956372161, "B406": 65.04114292180475, "B407": 66.77042324363516, "B408": 68.32378231761882, "B409": 68.72879003895412, "B410": 66.1281333791389, "B411": 71.08145939271252, "B412": 65.96611101832421, "B413": 69.74014620587123, "B414": 65.32210668302089, "B415": 70.32529314793177, "B416": 65.97585564836292, "B417": 64.18290759674218, "B418": 67.11690223554827, "B419": 68.16766942220814, "B420": 63.710145314616064, "B421": 65.68714741505329, "B422": 65.41142274353801, "B423": 66.78593299171519, "B424": 65.89638989706593, "B501": 71.24532631329902, "B502": 64.20410240784048, "B503": 61.80365309348755, "B504": 66.74313294853401, "B505": 64.26688816650123, "B506": 66.85944480212558, "B507": 65.6380042373074, "B508": 66.38711901109295, "B509": 72.35101106295771, "B510": 64.28887935960141, "B511": 63.21893871338587, "B512": 65.81107675816486, "B513": 66.65357386293704, "B514": 70.37852455695784, "B515": 67.14410234477555, "B516": 64.54777117753098, "B517": 70.09556668641682, "B518": 71.00715609768282, "B519": 68.86272221567815, "B520": 67.45397660984581, "B521": 69.02986517886181, "B522": 71.40181846674325, "B523": 66.9713097611585, "B524": 65.55609149859649, "C101": 62.407721521134555, "C102": 74.02558996050311, "C103": 68.29835689457327, "C104": 67.06312054363536, "C105": 72.20226231583261, "C106": 71.16112749932275, "C107": 73.6160255888565, "C108": 65.64423711301235, "C109": 65.83540849260653, "C110": 68.18570281128038, "C111": 67.71841938352564, "C112": 67.49014694315899, "C113": 64.32424166958647, "C114": 64.75796847258036, "C115": 68.66020876411855, "C116": 69.71369643827478, "C117": 65.13771649847385, "C118": 65.93023036121339, "C119": 61.86713029775852, "C120": 62.92260978692742, "C121": 63.74188715303291, "C122": 68.30545386608472, "C123": 66.09687938448863, "C124": 64.20031305864855, "C201": 68.10430317200007, "C202": 67.99228306873258, "C203": 65.98211221043734, "C204": 68.4646956673887, "C205": 65.67862743900245, "C206": 68.55743767021782, "C207": 72.73279207738935, "C208": 68.8238138263714, "C209": 63.10459894414997, "C210": 62.900864223727396, "C211": 66.27084884234945, "C212": 66.66907308351215, "C213": 71.75336662213502, "C214": 70.37982884765847, "C215": 62.181911090217426, "C216": 67.86036878570802, "C217": 68.02408182622707, "C218": 68.88306580630088, "C219": 62.38374894819142, "C220": 67.27989502814954, "C221": 68.42888426045552, "C222": 66.45374920130647, "C223": 66.50425691485245, "C224": 63.448458253369324, "C301": 68.60817910965089, "C302": 64.13142385441533, "C303": 66.50557979363992, "C304": 68.67045622897031, "C305": 72.39388142792113, "C306": 68.13324072799433, "C307": 72.92500007006207, "C308": 64.99574970072231, "C309": 63.91268054130713,