{"A101": 194.71962667707692, "A102": 178.03970421128025, "A103": 187.99031279458458, "A104": 195.27988909541284, "A105": 184.41046116371217, "A106": 179.604235386716, "A107": 190.56928423856473, "A108": 195.19848193903087, "A109": 172.3538630296981, "A110": 193.0210404437749, "A111": 183.19070907535527, "A112": 188.4051434426044, "A113": 176.58086650575163, "A114": 188.84278151418985, "A115": 180.07185043844822, "A116": 184.66113762728583, "A117": 183.6004487206299, "A118": 199.12394538869438, "A119": 183.14976389714224, "A120": 188.5244786015286, "A121": 185.08520877100221, "A122": 193.66653928667935, "A123": 188.76517565152884, "A124": 183.2046636778643, "A201": 182.62209138038622, "A202": 192.1885351684925, "A203": 178.07258079479482, "A204": 183.6403585849828, "A205": 183.40129979129068, "A206": 187.6739113971691, "A207": 191.94092995412302, "A208": 184.43488186687173, "A209": 187.95134842289823, "A210": 185.1159871712806, "A211": 179.53933404407937, "A212": 197.5931839921549, "A213": 190.97952567673298, "A214": 176.54969592198933, "A215": 192.33098721647954, "A216": 179.684371311712, "A217": 184.90664907865502, "A218": 187.13631032285758, "A219": 187.25156302086063, "A220": 187.38624492595937, "A221": 182.96821665285174, "A222": 179.70294370514958, "A223": 195.75469986817015, "A224": 183.72290181526927, "A301": 180.60059136223285, "A302": 187.9304429955544, "A303": 180.71244839653593, "A304": 188.88167422046143, "A305": 193.26629435284138, "A306": 190.95198463777453, "A307": 193.78604930999205, "A308": 183.8323057007645, "A309": 178.77371344597307, "A310": 183.38879940196654, "A311": 192.22953832305043, "A312": 181.43103092869072, "A313": 197.4915521786388, "A314": 189.40907474071315, "A315": 186.28664070269497, "A316": 191.84600059686866, "A317": 172.96759764530177, "A318": 184.72111258685766, "A319": 183.18711786898498, "A320": 181.42477596865007, "A321": 173.50965594575862, "A322": 184.41623817634448, "A323": 176.44450473959103, "A324": 185.79556643938668, "A401": 187.0150090835952, "A402": 190.11364038360526, "A403": 182.99445175100468, "A404": 188.29159429455436, "A405": 194.67557522226835, "A406": 182.74942856278147, "A407": 184.6566645596151, "A408": 186.06848553120054, "A409": 182.3200801092819, "A410": 195.85658319551817, "A411": 191.09838748806476, "A412": 184.8425876266183, "A413": 177.86835209296126, "A414": 176.99752587028894, "A415": 192.43077182772063, "A416": 185.97182063217144, "A417": 199.97801186979817, "A418": 184.8487540436073, "A419": 177.9449684132285, "A420": 189.83188399943526, "A421": 186.33155986960904, "A422": 179.53807920989217, "A423": 179.69190249851707, "A424": 188.3117348743968, "A501": 179.98726029949134, "A502": 191.3368780319488, "A503": 198.21799002616163, "A504": 189.3850371048885, "A505": 184.79095320325055, "A506": 182.31652401451265, "A507": 195.3010193149188, "A508": 175.86200336188807, "A509": 189.06754723161072, "A510": 185.5344924015533, "A511": 195.309120992223, "A512": 181.85878589416737, "A513": 178.28747982886162, "A514": 187.4841943520812, "A515": 184.3236369583448, "A516": 192.71327009966637, "A517": 193.98456180278612, "A518": 181.94012304565496, "A519": 190.20406714835647, "A520": 194.12069227683187, "A521": 186.64750214316717, "A522": 180.21759747742115, "A523": 189.5927222575037, "A524": 187.69147629133994, "B101": 182.26669100924005, "B102": 180.92837689243228, "B103": 193.4412319540772, "B104": 176.89358859126324, "B105": 178.3049733851067, "B106": 197.10377687394543, "B107": 182.9501820934774, "B108": 185.86149252061904, "B109": 190.2732696457227, "B110": 183.27681494119147, "B111": 185.87231017290756, "B112": 191.32282468678528, "B113": 195.2586815545427, "B114": 185.8910170725035, "B115": 180.44662497376922, "B116": 186.09190231927968, "B117": 192.61233180074024, "B118": 179.57400289505878, "B119": 187.15469389782157, "B120": 172.8852258425889, "B121": 197.74586431028067, "B122": 186.73449066150994, "B123": 182.34751123453805, "B124": 179.64106363698943, "B201": 180.86792454873884, "B202": 175.1207580797563, "B203": 197.44578075696327, "B204": 189.3554754583352, "B205": 190.56184285400187, "B206": 183.80316806005283, "B207": 181.72736955380978, "B208": 179.63087260282492, "B209": 185.89973982825134, "B210": 188.2936217720083, "B211": 178.6451022695694, "B212": 177.30749012514957, "B213": 184.14972161815595, "B214": 192.21936024869362, "B215": 195.4128621672108, "B216": 190.15982356896941, "B217": 189.48657350303142, "B218": 192.90014736117453, "B219": 194.67243785155443, "B220": 178.02894105858837, "B221": 199.64377491712995, "B222": 191.7622223403852, "B223": 190.2268208977929, "B224": 183.7213171725498, "B301": 185.8518982969232, "B302": 181.87879918957836, "B303": 184.17975116634327, "B304": 186.0743911813616, "B305": 189.6451847219257, "B306": 198.26614588963997, "B307": 189.44582383428565, "B308": 200.0104917081224, "B309": 186.09103636308265, "B310": 188.4780356443701, "B311": 198.2902734397911, "B312": 181.94166865398182, "B313": 177.04849864759535, "B314": 180.63701907656935, "B315": 181.97215712373708, "B316": 190.3257367783393, "B317": 182.38386564865104, "B318": 196.0871526211551, "B319": 183.1137673687395, "B320": 189.3207694371998, "B321": 185.86504222919552, "B322": 188.04671982361717, "B323": 201.96965318163546, "B324": 188.13094071611377, "B401": 182.85558541390768, "B402": 184.3256935606301, "B403": 187.6519225150982, "B404": 183.8569499988967, "B405": 179.08174504083607, "B406": 197.72485608872066, "B407": 178.66881777867286, "B408": 187.0408645702279, "B409": 187.05385379293685, "B410": 184.99935522587094, "B411": 189.94705150905475, "B412": 188.47244322411845, "B413": 197.84813914400084, "B414": 187.063185141073, "B415": 192.4233742921441, "B416": 184.35627689123277, "B417": 189.01399755514797, "B418": 189.37835958769944, "B419": 182.07050770872604, "B420": 177.40591608854254, "B421": 178.72650050583496, "B422": 186.9947822751867, "B423": 184.81753687176328, "B424": 185.07436043782982, "B501": 188.67199197375672, "B502": 181.0727668777604, "B503": 173.93721980034604, "B504": 189.03719986688003, "B505": 182.11859046504668, "B506": 184.03438065165494, "B507": 188.41339977404056, "B508": 184.42948215196148, "B509": 188.42913645451804, "B510": 189.7736094901118, "B511": 182.78116193670377, "B512": 188.23860685233876, "B513": 194.15795283659494, "B514": 191.38759865057608, "B515": 191.18318827271398, "B516": 194.7572217244004, "B517": 192.63607812202355, "B518": 200.53135723150004, "B519": 185.30283234810295, "B520": 188.93027980080322, "B521": 196.14867995790036, "B522": 190.62012648469224, "B523": 189.00977390995283, "B524": 190.0708992269332, "C101": 175.87808268681044, "C102": 187.9039034808976, "C103": 186.97770615604216, "C104": 188.75317748908407, "C105": 193.55239811362787, "C106": 187.83785941529837, "C107": 195.31689610527275, "C108": 186.90711148837468, "C109": 185.65453864574818, "C110": 191.3248319082331, "C111": 188.78422116488008, "C112": 180.33100612553463, "C113": 181.26122003936678, "C114": 191.4957937891763, "C115": 186.54650442959328, "C116": 184.36281740249484, "C117": 182.3055244265358, "C118": 185.08945296245983, "C119": 183.57806301982615, "C120": 177.74923360913166, "C121": 180.31120978785506, "C122": 189.28125363206786, "C123": 182.20537437762297, "C124": 181.37011935777343, "C201": 194.61756365332096, "C202": 182.8849657425383, "C203": 191.2882399491575, "C204": 189.55335314974434, "C205": 187.1219428504672, "C206": 188.4201723586137, "C207": 196.75680563898572, "C208": 188.54753876999862, "C209": 193.33223668702772, "C210": 179.68120828055766, "C211": 182.19726064175313, "C212": 182.48407846617317, "C213": 191.27803503956298, "C214": 196.98806737540698, "C215": 182.04269092815008, "C216": 186.78368525080225, "C217": 180.8772327503003, "C218": 185.6815375243592, "C219": 175.2600343005161, "C220": 179.3113071347992, "C221": 187.773975285303, "C222": 180.00373721528868, "C223": 186.25394237794092, "C224": 185.1686573054086,