{"A101": 275.2259420052495, "A102": 265.1968249178684, "A103": 272.773385103941, "A104": 272.48467220204753, "A105": 273.25186373395064, "A106": 260.0317429381374, "A107": 272.23484740001743, "A108": 280.1746661893304, "A109": 254.17465142286494, "A110": 263.1742874096665, "A111": 263.38286585520876, "A112": 274.05644800323716, "A113": 265.3309812641808, "A114": 270.90109303901767, "A115": 270.17924227750694, "A116": 263.8782479327883, "A117": 264.75121844993083, "A118": 285.84231921169174, "A119": 269.27829547524226, "A120": 272.7513891929807, "A121": 265.08460900803, "A122": 283.0544847283262, "A123": 275.15037497221374, "A124": 265.94391509268297, "A201": 262.6512801788355, "A202": 277.72430883773904, "A203": 271.1464802057822, "A204": 262.40444604442155, "A205": 267.4607193832555, "A206": 272.0511177356619, "A207": 275.1331099177567, "A208": 268.2952178911988, "A209": 273.0874246192778, "A210": 267.2580781033784, "A211": 261.5472779253059, "A212": 282.0269068174915, "A213": 275.1130277165639, "A214": 255.38285752759444, "A215": 273.04369758880927, "A216": 261.76896274410313, "A217": 261.25743251510943, "A218": 268.1241497261923, "A219": 276.35872320522896, "A220": 278.0709988269376, "A221": 260.80785942446073, "A222": 264.88411641895647, "A223": 278.4424655392807, "A224": 261.1503801085575, "A301": 269.7606760531119, "A302": 272.70376802353735, "A303": 261.6565773179129, "A304": 267.1000162896751, "A305": 271.38115469204, "A306": 274.42076286539, "A307": 272.84319046898605, "A308": 272.09438261309793, "A309": 260.25379760715623, "A310": 273.2603789816953, "A311": 275.3148925308497, "A312": 262.2361647391381, "A313": 274.9400077173845, "A314": 271.848730473111, "A315": 268.9708985540136, "A316": 277.71806279180373, "A317": 250.30844059683324, "A318": 266.538998692056, "A319": 270.96031446334746, "A320": 261.56867988737946, "A321": 254.0236106151561, "A322": 269.95740619378324, "A323": 263.128365420162, "A324": 270.60248827260193, "A401": 271.37161160826275, "A402": 268.6159718359959, "A403": 262.61239023035165, "A404": 266.5542908052842, "A405": 274.56899108029313, "A406": 264.79827228984556, "A407": 268.75953755870063, "A408": 266.64013364135195, "A409": 266.5244588858067, "A410": 275.5818465894309, "A411": 272.17486695327375, "A412": 267.2332655262887, "A413": 255.20520264995838, "A414": 257.61716508099533, "A415": 277.79035287571264, "A416": 273.3810555815344, "A417": 277.7081353159957, "A418": 271.49495009350807, "A419": 255.28895422807975, "A420": 272.01016588966496, "A421": 263.13569292491445, "A422": 265.3416606065308, "A423": 262.4668874767128, "A424": 265.2546888051089, "A501": 263.1664946821085, "A502": 272.1413196722391, "A503": 275.833607845449, "A504": 268.26329341643475, "A505": 271.6207544714295, "A506": 262.458838763689, "A507": 277.9402398949964, "A508": 264.684877093689, "A509": 272.3861638594433, "A510": 275.4806790727594, "A511": 275.8132074247459, "A512": 267.899416577572, "A513": 263.0279049084888, "A514": 271.1795821385492, "A515": 271.3835585392612, "A516": 273.7965635905656, "A517": 274.09871299314136, "A518": 265.26121108102666, "A519": 280.22362943268143, "A520": 277.6074532263022, "A521": 276.90268429349106, "A522": 262.80804753987337, "A523": 273.1182434617927, "A524": 274.897136043415, "B101": 260.6174852251125, "B102": 263.5505070200459, "B103": 280.11434567408804, "B104": 260.3140220000913, "B105": 262.0711774455899, "B106": 278.3565719984547, "B107": 260.92068660152506, "B108": 264.8459058443412, "B109": 270.8604569826002, "B110": 265.9631868878597, "B111": 261.64238898975987, "B112": 275.8896779547856, "B113": 276.16598579250126, "B114": 272.6477458173184, "B115": 260.7723414084606, "B116": 270.90923073657234, "B117": 275.88711490258004, "B118": 273.71567359353276, "B119": 267.8278028310676, "B120": 256.8434888715081, "B121": 274.8266549749036, "B122": 266.0342321544019, "B123": 259.68938315981853, "B124": 266.51658431807743, "B201": 265.1352213958139, "B202": 256.43930626746925, "B203": 282.0071859102808, "B204": 273.8152403588167, "B205": 276.6033877849967, "B206": 271.20271315397815, "B207": 261.894406328388, "B208": 260.94605570451506, "B209": 266.8370036378183, "B210": 274.2230229700779, "B211": 260.50281550478377, "B212": 259.86377563967625, "B213": 263.6912498040135, "B214": 279.4248527355788, "B215": 278.2670538356004, "B216": 276.38137099708877, "B217": 265.4528728046367, "B218": 276.08264164048325, "B219": 276.40322448693814, "B220": 256.03312366975126, "B221": 280.715488165666, "B222": 271.4462674693512, "B223": 269.8821513649997, "B224": 258.7297656289683, "B301": 267.24456256282525, "B302": 261.7351942276772, "B303": 263.60710887534515, "B304": 267.28072534428134, "B305": 272.79182759901306, "B306": 277.12224933543774, "B307": 272.99633166369784, "B308": 277.60324798308244, "B309": 271.4023380349653, "B310": 269.0028465051298, "B311": 282.28957843270337, "B312": 266.9432938007789, "B313": 261.1001562109877, "B314": 258.90471362599743, "B315": 260.67226112364375, "B316": 273.83081125431454, "B317": 267.76409912407644, "B318": 276.65902722452495, "B319": 262.95829474108774, "B320": 272.1513163009054, "B321": 273.24656403986455, "B322": 271.43234645015065, "B323": 281.13202976010496, "B324": 276.8905811412282, "B401": 266.64259238552654, "B402": 259.1628257395733, "B403": 269.0322490439763, "B404": 266.2609216101902, "B405": 264.5269216463178, "B406": 286.12501026501604, "B407": 255.7650885375609, "B408": 273.3889964359809, "B409": 273.69017851798003, "B410": 265.52737143680986, "B411": 277.4132699234562, "B412": 267.25588965767184, "B413": 279.13575655029814, "B414": 269.9445707906865, "B415": 277.1641451645021, "B416": 266.5302195433891, "B417": 270.470631397073, "B418": 269.6769878758812, "B419": 262.88600154542206, "B420": 263.39674895311975, "B421": 258.29163861338986, "B422": 265.6304913875558, "B423": 270.6777997233676, "B424": 273.25854091260527, "B501": 271.9867087513166, "B502": 258.18288848181567, "B503": 255.21916587683447, "B504": 277.22589905106406, "B505": 258.2154429278448, "B506": 271.0425945141737, "B507": 275.9692329856065, "B508": 270.28367663366276, "B509": 274.5833900375619, "B510": 270.5634183553151, "B511": 263.9941485840807, "B512": 263.5813522697173, "B513": 275.4218047790871, "B514": 276.4292087018759, "B515": 273.0833158983986, "B516": 278.5442829882804, "B517": 274.9220180732771, "B518": 280.721789609756, "B519": 266.00549412346743, "B520": 274.51936300470504, "B521": 280.8453181354356, "B522": 275.10721202068686, "B523": 267.09529681787797, "B524": 270.40974704208384, "C101": 259.0842077104341, "C102": 265.4419897353915, "C103": 272.9598976034533, "C104": 270.86417996956, "C105": 281.21582164180955, "C106": 272.56026215896725, "C107": 281.487919978281, "C108": 271.21751881544515, "C109": 261.7056912307705, "C110": 275.47075798511753, "C111": 267.22511752984855, "C112": 260.07500018697436, "C113": 269.2159265191811, "C114": 278.4020310094309, "C115": 268.0003533652186, "C116": 262.59083934736964, "C117": 266.87229629250277, "C118": 264.62911757696395, "C119": 269.5466201975088, "C120": 264.8930835362664, "C121": 260.6211308093247, "C122": 275.126205931654, "C123": 259.2986819193399, "C124": 259.34208523728256, "C201": 278.180622843072, "C202": 262.6340818451328, "C203": 273.46715371461687, "C204": 274.07445764596156, "C205": 267.47397462063395, "C206": 265.90235695497165, "C207": 281.0479120447157, "C208": 276.8710827983289, "C209": 274.6264948864213, "C210": 264.18333051426913, "C211": 262.3036205012943, "C212": 266.64690290859903, "C213": 272.55103678551, "C214": 274.3896474224121, "C215": 264.47455077859235, "C216": 266.14950951645943, "C217": 266.39417122046785, "C218": 271.7151421295889, "C219": 250.99378660463347, "C220": 263.06417546788373, "C221": 271.0951108893943, "C222": 265.82455415239093, "C223": 270.93585341025414, "C224": 269.5205149314286, "C301": 276.7999446738649, "C302": 264.5851665760019, "C303": 269.431519131429, "C304": 267.53393003206946,