{"A101": 61.196634124543046, "A102": 54.88214718186076, "A103": 60.40150478863667, "A104": 65.0047333330177, "A105": 56.0433876418027, "A106": 53.136354446380764, "A107": 58.85291891796708, "A108": 64.76979013917898, "A109": 55.75980411096795, "A110": 63.20537146014583, "A111": 55.39343781432106, "A112": 63.25639211287559, "A113": 56.838026794862444, "A114": 55.595005285350545, "A115": 58.31468000504671, "A116": 57.0264360687472, "A117": 59.33126451730495, "A118": 65.96924495482428, "A119": 59.06983445801485, "A120": 63.85087399995225, "A121": 61.894853707840994, "A122": 62.530318806835, "A123": 61.68026343795822, "A124": 58.30941484857969, "A201": 55.64895162212886, "A202": 64.53949853259988, "A203": 58.987480164542795, "A204": 57.315027473408165, "A205": 56.91456522419944, "A206": 59.34861807540467, "A207": 57.78823619854411, "A208": 61.6135392302145, "A209": 60.91822945730148, "A210": 55.54130808332604, "A211": 57.91423862963294, "A212": 68.17517830972585, "A213": 59.93739547321793, "A214": 56.481451529095345, "A215": 57.820740139699105, "A216": 57.79140899744112, "A217": 58.34125771943566, "A218": 57.02474334040686, "A219": 60.17132146257642, "A220": 58.660198383384774, "A221": 54.50300063749172, "A222": 58.48330065073957, "A223": 61.020504130861795, "A224": 61.09489117905093, "A301": 53.91669424826054, "A302": 55.23398151639895, "A303": 56.67610834193883, "A304": 58.49254166816197, "A305": 59.46773905888657, "A306": 59.913420146872525, "A307": 60.187601489303006, "A308": 56.30697622167922, "A309": 57.21835595587774, "A310": 55.972700898139465, "A311": 58.54569201526889, "A312": 56.01580597544014, "A313": 66.02056840952051, "A314": 60.936968228651295, "A315": 59.1627008916071, "A316": 65.79105868895655, "A317": 51.860356823217565, "A318": 55.625865635536165, "A319": 58.85234313257557, "A320": 51.81470871775578, "A321": 52.5137631032916, "A322": 55.12469434084525, "A323": 54.847626144545806, "A324": 58.06346433253433, "A401": 58.90121934181289, "A402": 58.13269235922136, "A403": 57.12863874773134, "A404": 56.48916247000603, "A405": 59.73284833740974, "A406": 56.58059665273819, "A407": 56.16350270311268, "A408": 56.782949388203576, "A409": 58.74867812753687, "A410": 63.851577298260246, "A411": 62.77220172775941, "A412": 56.260108531825374, "A413": 55.75444640576719, "A414": 57.59987753765971, "A415": 58.28933802463534, "A416": 57.65715029743911, "A417": 65.16541292536822, "A418": 64.55316441249944, "A419": 54.63809131314572, "A420": 59.66451018051294, "A421": 59.85022531738305, "A422": 55.66652646338378, "A423": 54.519011067882715, "A424": 55.25756719244414, "A501": 56.641780864164836, "A502": 60.395267598224805, "A503": 61.50402094258641, "A504": 60.83177792464734, "A505": 61.31968090295848, "A506": 59.219835343401826, "A507": 60.037138257270065, "A508": 55.19046290775032, "A509": 53.59227232819608, "A510": 56.784419214753385, "A511": 59.01905621414632, "A512": 55.269187595060565, "A513": 56.10251136767659, "A514": 63.361198347918304, "A515": 57.75800204377356, "A516": 61.86826675210332, "A517": 63.01398374274614, "A518": 60.06464619409809, "A519": 57.732045910218964, "A520": 54.50296951022256, "A521": 63.532334552862494, "A522": 59.45146941988791, "A523": 62.074782747990504, "A524": 62.447925917245094, "B101": 62.018533046833156, "B102": 63.908283711064065, "B103": 61.458545021894864, "B104": 54.54075064972218, "B105": 53.588058809422556, "B106": 60.44060872853801, "B107": 59.65818204914704, "B108": 55.676682963455306, "B109": 64.64193787464447, "B110": 61.99094352695589, "B111": 55.477217591992385, "B112": 63.830945196520084, "B113": 63.8624113911367, "B114": 57.1026139808086, "B115": 53.533175542630374, "B116": 60.25835861824501, "B117": 55.845978894602325, "B118": 55.18266403515665, "B119": 62.596209107883624, "B120": 52.95855641121892, "B121": 59.70297438333324, "B122": 55.65925526482747, "B123": 57.72841780833232, "B124": 59.09440932988122, "B201": 53.92827758532394, "B202": 54.67244785440754, "B203": 61.3738621100483, "B204": 59.309968545580176, "B205": 53.668413316902765, "B206": 62.267035650363425, "B207": 56.76092427723517, "B208": 53.73648646919409, "B209": 61.33252851930074, "B210": 56.8685889537825, "B211": 57.33634113628289, "B212": 54.769521802785924, "B213": 57.70823055873823, "B214": 62.73694089120369, "B215": 65.12879784931279, "B216": 64.31521506220909, "B217": 60.87831799880551, "B218": 60.9739655339772, "B219": 60.02045049261021, "B220": 59.785941046457694, "B221": 64.6775529296989, "B222": 60.42805502584856, "B223": 58.64164514438072, "B224": 61.83175673472757, "B301": 60.33727689470362, "B302": 50.82984972029807, "B303": 56.29499899216021, "B304": 55.88469071168798, "B305": 56.6739878690481, "B306": 58.13970301677767, "B307": 54.520183445512, "B308": 61.0200059234215, "B309": 61.768706111943594, "B310": 59.40332027159234, "B311": 63.952011278335355, "B312": 61.373105948375034, "B313": 57.92987372096705, "B314": 56.66033810631515, "B315": 57.44846433832638, "B316": 59.14766900293086, "B317": 60.01947976396459, "B318": 64.17161416387036, "B319": 58.684788207633176, "B320": 64.66529690438647, "B321": 55.55647507010276, "B322": 57.24617993835252, "B323": 61.34762395686361, "B324": 61.097298089144296, "B401": 56.8896813140125, "B402": 60.23435646917593, "B403": 61.1272169112654, "B404": 62.94485244171932, "B405": 56.643673156944764, "B406": 57.29531157649849, "B407": 59.53338270873765, "B408": 60.56416075085627, "B409": 59.74211913337142, "B410": 58.596428074284354, "B411": 61.45503957834146, "B412": 58.720828818852596, "B413": 63.11573738180957, "B414": 56.274168824721954, "B415": 60.200017688771865, "B416": 56.46197435291555, "B417": 56.52943031258219, "B418": 59.12048233630157, "B419": 59.87807533152993, "B420": 55.47163225895748, "B421": 56.7667528871642, "B422": 57.69971864285913, "B423": 57.76690383081187, "B424": 58.18263820124769, "B501": 64.14753405642244, "B502": 54.38856803375105, "B503": 56.19111316575984, "B504": 59.37096601774465, "B505": 55.56332348960967, "B506": 58.17203061924616, "B507": 57.356101514025795, "B508": 58.7882056433315, "B509": 64.26569090057257, "B510": 55.721784993416534, "B511": 57.1669421647341, "B512": 56.55549852119072, "B513": 59.82999843695934, "B514": 62.14558352698812, "B515": 59.9722386787291, "B516": 54.66865002782987, "B517": 61.02758151682271, "B518": 62.54685033424204, "B519": 59.549487373391344, "B520": 57.81926982629813, "B521": 59.41818337769861, "B522": 63.72981981399643, "B523": 58.767456720865134, "B524": 58.419996487241114, "C101": 54.04098022755393, "C102": 65.74740995129591, "C103": 60.12852497304447, "C104": 57.27669884403846, "C105": 64.80015472580499, "C106": 62.240840083419556, "C107": 64.90290962327286, "C108": 57.103097707140485, "C109": 57.18344096333621, "C110": 60.802986357579414, "C111": 59.01907355128243, "C112": 59.168479096150584, "C113": 56.72661912048165, "C114": 57.07283794432382, "C115": 59.68730208420578, "C116": 61.491096236962996, "C117": 57.1496805768328, "C118": 57.06309485227938, "C119": 53.62347675708871, "C120": 57.589777889299256, "C121": 54.65035609379321, "C122": 61.031035433985416, "C123": 57.72016166048732, "C124": 55.75736447791164, "C201": 58.55118954244457, "C202": 61.42551770520743, "C203": 57.929923458848194, "C204": 59.11248417138859, "C205": 57.54721711072827, "C206": 60.98879852304649, "C207": 65.03665896632252, "C208": 61.98939503579042, "C209": 55.345811875554475, "C210": 58.01987623628548, "C211": 55.81663748581327, "C212": 58.068108141783135, "C213": 63.733569607217696, "C214": 63.01695740805841, "C215": 54.21392104856701, "C216": 58.25070953352211, "C217": 61.92705504126106, "C218": 62.4623060326664, "C219": 55.43611746732219, "C220": 59.17260574595743, "C221": 59.65327868226705, "C222": 58.56830281629413, "C223": 59.810956706464694, "C224": 54.72176267565492, "C301": 61.091761452526335, "C302": 57.23617113517091, "C303": 59.623792620049606, "C304": 59.77572348932695, "C305": 62.34487791164614, "C306": 61.50793179372828,