{"A101": 313.60601173671876, "A102": 308.777501017687, "A103": 314.50890561385074, "A104": 312.0718493508879, "A105": 315.35635449234434, "A106": 298.8740264119591, "A107": 312.8543874312468, "A108": 318.94342962960695, "A109": 287.6179543581819, "A110": 302.2105799501953, "A111": 301.6664432123625, "A112": 313.0666818642687, "A113": 303.05377205194367, "A114": 312.1456780460817, "A115": 309.8591829472788, "A116": 302.21154240874137, "A117": 305.74945381743487, "A118": 326.3073531357754, "A119": 309.32024181439107, "A120": 313.0494874627038, "A121": 301.915832453444, "A122": 322.6553135568336, "A123": 312.2275031591845, "A124": 306.05438628003844, "A201": 305.2835706499839, "A202": 314.03478275893843, "A203": 306.5078014153185, "A204": 300.28362103635357, "A205": 305.530190795317, "A206": 309.41705080713183, "A207": 312.86900631848107, "A208": 311.4433850561114, "A209": 312.2839554179208, "A210": 305.40192372662426, "A211": 298.91112647442736, "A212": 322.5355151866967, "A213": 318.13718351623817, "A214": 299.5316757839848, "A215": 314.9304733971648, "A216": 305.22218393506023, "A217": 300.62665787729156, "A218": 312.57336423471787, "A219": 313.5753248796023, "A220": 318.6960826765216, "A221": 298.89932410399206, "A222": 303.7910024498071, "A223": 314.58945355611377, "A224": 301.5740962381436, "A301": 310.50795679581836, "A302": 313.21279607241826, "A303": 305.25312572531607, "A304": 308.8668384794729, "A305": 308.7607759895329, "A306": 313.4465093514521, "A307": 313.0775994174832, "A308": 317.00457495830284, "A309": 302.4721291283487, "A310": 313.48300294259803, "A311": 315.81854426648016, "A312": 301.1145306682644, "A313": 314.57531868686686, "A314": 310.7114724617362, "A315": 308.16257563289827, "A316": 323.2333357500027, "A317": 292.86520997952476, "A318": 304.5534494262541, "A319": 308.66087105085256, "A320": 300.0447064768253, "A321": 297.3376552208936, "A322": 313.5745922845705, "A323": 303.57142128199683, "A324": 305.81919673564056, "A401": 311.0309801834568, "A402": 307.86929764048585, "A403": 305.19510295427676, "A404": 307.2659474571813, "A405": 310.8714542744846, "A406": 302.00854218717495, "A407": 313.14972133138497, "A408": 303.4085591814047, "A409": 304.78493035734425, "A410": 312.3703139635659, "A411": 314.3730647192617, "A412": 304.2313506847411, "A413": 297.70204806016267, "A414": 297.2772396535511, "A415": 321.27553492159126, "A416": 313.15920641003436, "A417": 314.8102727253856, "A418": 307.3099434211936, "A419": 298.34545404191886, "A420": 309.26657402300435, "A421": 303.77286727025825, "A422": 305.7142847456147, "A423": 304.98708116429106, "A424": 305.85130493503465, "A501": 303.71679362598155, "A502": 309.4693259689332, "A503": 314.1914243441641, "A504": 309.98354657970543, "A505": 310.40971302933207, "A506": 301.6551595641524, "A507": 318.7033615188722, "A508": 308.2120455914196, "A509": 313.5879710697645, "A510": 312.5694132225123, "A511": 316.3119956049727, "A512": 307.323921579639, "A513": 306.5180257543565, "A514": 308.6515341380699, "A515": 310.56484399697496, "A516": 315.53600020948005, "A517": 315.3230505410057, "A518": 306.16765959267616, "A519": 317.4503620111056, "A520": 316.52463475536393, "A521": 319.7814194102166, "A522": 306.4085287993428, "A523": 310.8728113779447, "A524": 312.3689430578457, "B101": 297.6235666154532, "B102": 301.0390854891145, "B103": 321.84375363732204, "B104": 305.52651370601683, "B105": 299.88261184095427, "B106": 316.97941742619406, "B107": 303.35708322885006, "B108": 307.1722307776905, "B109": 305.5038571876991, "B110": 301.6048903692389, "B111": 301.9262448766844, "B112": 317.8745511779742, "B113": 320.0989138252423, "B114": 317.58862834322593, "B115": 300.7042908513614, "B116": 308.7019270788769, "B117": 320.5942914890668, "B118": 314.5061098129599, "B119": 309.145044153588, "B120": 296.1118954171122, "B121": 313.284462623269, "B122": 305.4206318398513, "B123": 295.593910445798, "B124": 306.2376131526017, "B201": 305.6301171443682, "B202": 294.61873521622766, "B203": 319.8797969112981, "B204": 314.2289695274636, "B205": 315.4041994039392, "B206": 311.7526525164068, "B207": 299.0298160547162, "B208": 303.5252217216159, "B209": 309.89709932542485, "B210": 313.2666317277459, "B211": 299.79714304845976, "B212": 301.8194963779499, "B213": 306.45388882002464, "B214": 318.74646181134176, "B215": 319.94015715683673, "B216": 312.3590436652809, "B217": 303.9030565804768, "B218": 316.73645232262874, "B219": 320.5378611498655, "B220": 298.83203427852743, "B221": 323.72097142702023, "B222": 309.0700494269754, "B223": 313.9592725288481, "B224": 302.9408918032318, "B301": 309.6074665114065, "B302": 301.19602923191104, "B303": 300.3496276136546, "B304": 306.71086694736243, "B305": 312.2188371232494, "B306": 313.75410970813897, "B307": 313.99453995955724, "B308": 316.24425023325483, "B309": 314.00929536171213, "B310": 311.70484346313197, "B311": 320.78354451255956, "B312": 305.0991182586062, "B313": 301.8989635819623, "B314": 302.0614572611082, "B315": 300.70458856353036, "B316": 309.94907707499516, "B317": 311.2763512976122, "B318": 317.52527198906955, "B319": 299.51151301275627, "B320": 313.2009964485275, "B321": 311.3812833979371, "B322": 308.0133877955571, "B323": 319.49425906165044, "B324": 315.1215342917403, "B401": 306.3192078167453, "B402": 300.3172401528515, "B403": 310.84253276922806, "B404": 306.6119242371977, "B405": 300.1607651759558, "B406": 324.06807458639616, "B407": 294.52814920952403, "B408": 310.54937769409446, "B409": 311.9535515852311, "B410": 306.5719102237987, "B411": 312.8617928886352, "B412": 308.34683146089696, "B413": 317.8386101010029, "B414": 310.91259489749655, "B415": 316.17898467150394, "B416": 309.68032059659953, "B417": 304.0650177163115, "B418": 306.39124645924636, "B419": 306.0417190956042, "B420": 302.5997084089829, "B421": 301.3185155958449, "B422": 303.72935266460456, "B423": 307.11459010861216, "B424": 315.1095959421712, "B501": 308.5959329514709, "B502": 300.8596744061046, "B503": 297.024162399107, "B504": 318.15176765332154, "B505": 296.4628746123078, "B506": 312.7573814823092, "B507": 315.2446381407375, "B508": 310.0269313665509, "B509": 314.6812343824724, "B510": 311.91088633831384, "B511": 305.7326687013351, "B512": 303.11103093339244, "B513": 314.9221699199138, "B514": 317.51347430302576, "B515": 307.0262897969859, "B516": 318.747156316897, "B517": 317.6538988510838, "B518": 322.5503951117891, "B519": 308.8057679263641, "B520": 315.0076169531005, "B521": 324.5375464269091, "B522": 313.42613691556, "B523": 306.2227453494072, "B524": 305.56350870007356, "C101": 299.90232134487053, "C102": 307.3283192470693, "C103": 315.89243932533174, "C104": 311.45475186314997, "C105": 319.9720241896808, "C106": 314.31544925690883, "C107": 318.14940430000973, "C108": 311.70511892519, "C109": 301.27998199003764, "C110": 315.30672882155176, "C111": 307.9498821936636, "C112": 301.96864618270763, "C113": 308.32749321341566, "C114": 321.14745859302565, "C115": 309.9192917933649, "C116": 303.4491905841534, "C117": 313.0831362702501, "C118": 306.351028931074, "C119": 309.0543414343235, "C120": 308.8951083591813, "C121": 300.91379768110284, "C122": 315.2179459109917, "C123": 297.72972766956525, "C124": 304.0781797123782, "C201": 318.8498449584139, "C202": 306.9957487664941, "C203": 314.5592315592995, "C204": 318.26912089214784, "C205": 308.5673169764212, "C206": 305.2695941444303, "C207": 317.9097563202092, "C208": 316.7464279222726, "C209": 311.3706356055675, "C210": 303.1093843074424, "C211": 301.7998593898011, "C212": 301.7449255331268, "C213": 313.0985635962113, "C214": 313.9021855414229, "C215": 308.96090840146223, "C216": 304.7750556667662, "C217": 304.2124775623186, "C218": 310.63521677606406, "C219": 293.26049738526905, "C220": 304.33507017799946, "C221": 311.67813572191614, "C222": 307.4898870713743, "C223": 311.3803859736193, "C224": 309.66328455120293, "C301": 318.57454167206396, "C302": 303.2577443887987, "C303": 310.6353531997588, "C304": 307.16052750376775,