{"A101": 267.01657047137746, "A102": 255.3989837776912, "A103": 264.12513452443017, "A104": 264.9068533046192, "A105": 264.12319835967503, "A106": 252.14332135999268, "A107": 263.65642142945296, "A108": 272.44890359365917, "A109": 247.30633834988674, "A110": 256.6429261658638, "A111": 256.054005683849, "A112": 264.0478488565164, "A113": 257.7340435860243, "A114": 261.818418796761, "A115": 262.9425854050861, "A116": 256.20882535502335, "A117": 257.65369010376986, "A118": 278.3299236814677, "A119": 260.04926813715684, "A120": 264.019257078693, "A121": 256.75551738388634, "A122": 275.7593026761248, "A123": 267.3166479629375, "A124": 257.3966092233771, "A201": 256.5862575316627, "A202": 269.9520423262889, "A203": 264.23813113685804, "A204": 255.50172160970797, "A205": 258.76097667210433, "A206": 264.1965016802032, "A207": 268.1662240977998, "A208": 259.9998476689138, "A209": 264.764562471933, "A210": 259.79939551809474, "A211": 253.29387201228752, "A212": 271.85157005444773, "A213": 267.60627005433076, "A214": 248.4274609530831, "A215": 264.98224420543676, "A216": 254.27270871053318, "A217": 252.61530172995273, "A218": 259.5739777423273, "A219": 268.881841916543, "A220": 271.8002825864442, "A221": 252.95268960859786, "A222": 255.50724703779957, "A223": 270.8700172203403, "A224": 254.75315040444792, "A301": 261.56928237360535, "A302": 264.8598991334968, "A303": 254.52561748450393, "A304": 258.5150464829324, "A305": 263.3634106644542, "A306": 264.17929414803507, "A307": 265.93886341076023, "A308": 265.05472630057665, "A309": 253.80146698884442, "A310": 262.46425462356, "A311": 267.4322863054289, "A312": 252.41137757738693, "A313": 267.48590966905863, "A314": 264.1184252683935, "A315": 260.67855576552785, "A316": 269.20932825433323, "A317": 244.14151314667663, "A318": 257.130300336019, "A319": 263.9276058044779, "A320": 253.15323758882332, "A321": 244.05804808069192, "A322": 261.20856012204416, "A323": 252.33364294479605, "A324": 261.7630231940527, "A401": 264.5132385208046, "A402": 262.0186833970413, "A403": 254.70547139368142, "A404": 257.221205511186, "A405": 268.4459201418791, "A406": 255.49582283943002, "A407": 261.8212721725994, "A408": 258.9053009773635, "A409": 257.06175591142136, "A410": 268.9236589911884, "A411": 263.6696161043434, "A412": 258.720832169359, "A413": 247.5667953054302, "A414": 250.02412487479512, "A415": 271.0202661685972, "A416": 264.79568680787304, "A417": 270.08248299094487, "A418": 264.1759152058249, "A419": 247.87763526706715, "A420": 264.498926775748, "A421": 255.46459450889108, "A422": 257.18269903207056, "A423": 254.82616433614837, "A424": 258.8558734480307, "A501": 253.3100474739964, "A502": 263.7551249012632, "A503": 266.8369037326693, "A504": 262.3218231377526, "A505": 262.6691999961824, "A506": 254.7110188695405, "A507": 269.9629710964717, "A508": 254.4206819797561, "A509": 262.5013966043538, "A510": 265.85584802750225, "A511": 269.09733542223734, "A512": 259.86351736687544, "A513": 253.65077057685312, "A514": 260.93488535434693, "A515": 262.85110360064334, "A516": 265.5879946941434, "A517": 266.9035200555296, "A518": 257.0546616745745, "A519": 273.71361793566456, "A520": 268.7926202199285, "A521": 268.4173365568757, "A522": 254.82371752483547, "A523": 265.69907881187, "A524": 264.4563670371628, "B101": 252.24074012637962, "B102": 257.6131505046448, "B103": 271.3033086226174, "B104": 251.7623202894549, "B105": 254.00063688718717, "B106": 271.4593476488256, "B107": 252.8814182443946, "B108": 258.7518311760083, "B109": 262.49727432186114, "B110": 259.21617408561934, "B111": 253.30359948164636, "B112": 268.2311086782792, "B113": 268.8078488703431, "B114": 264.8014404446614, "B115": 251.96613744163164, "B116": 263.3883938197065, "B117": 267.2299063304866, "B118": 265.75630838864504, "B119": 261.4005144223484, "B120": 247.4186374313747, "B121": 268.90192962088787, "B122": 256.7827249716056, "B123": 250.37581589325606, "B124": 258.31814591971846, "B201": 256.8806535396176, "B202": 249.67599581496165, "B203": 272.7917815597327, "B204": 266.7555118320663, "B205": 268.15283373304806, "B206": 263.69662717957647, "B207": 254.4666949143102, "B208": 254.59532187714638, "B209": 259.53568913735234, "B210": 266.0395847108077, "B211": 252.86541215572592, "B212": 251.26709468894128, "B213": 257.10447853000426, "B214": 271.82858303483715, "B215": 270.01246964924144, "B216": 269.96541744199624, "B217": 258.2616515573676, "B218": 268.7417902244401, "B219": 269.4835136984916, "B220": 248.48905211555382, "B221": 272.2591997904151, "B222": 265.6970161706268, "B223": 261.46738438803453, "B224": 251.89193793473027, "B301": 259.27653724584536, "B302": 254.3447527732653, "B303": 256.6456953840138, "B304": 257.22323402586113, "B305": 266.53731063941564, "B306": 269.4309104162094, "B307": 264.87006105292875, "B308": 269.4153781309392, "B309": 264.4993120211115, "B310": 261.6184140854481, "B311": 275.7522605066912, "B312": 260.2801635875919, "B313": 252.82182347038244, "B314": 249.5737341510629, "B315": 252.63729441720653, "B316": 265.5829131682601, "B317": 259.4599034573406, "B318": 267.54857226604446, "B319": 253.74085057968958, "B320": 263.8272716919315, "B321": 266.5192290211571, "B322": 263.78373355649853, "B323": 272.07858887257083, "B324": 268.6745202819047, "B401": 258.2949623200539, "B402": 252.6231163756709, "B403": 261.2267002344214, "B404": 257.4213201029149, "B405": 257.81728572783646, "B406": 276.73423362193734, "B407": 246.8741146658614, "B408": 264.648932228785, "B409": 264.9945465176784, "B410": 257.64936427487953, "B411": 269.7201372344317, "B412": 258.6267940187338, "B413": 270.8941853989806, "B414": 261.2759454983359, "B415": 268.6385981826753, "B416": 258.940527501291, "B417": 261.73545258142144, "B418": 263.6341565895757, "B419": 255.5678931023296, "B420": 254.45105356578853, "B421": 250.08590679015114, "B422": 257.81759306444235, "B423": 263.01802886638126, "B424": 263.7361135742684, "B501": 263.68178018084194, "B502": 251.0492822332293, "B503": 248.78456714021246, "B504": 270.3187761440366, "B505": 252.9421315000773, "B506": 263.652392392158, "B507": 265.70397293642975, "B508": 261.2845184855321, "B509": 266.23024930687757, "B510": 263.21240599148035, "B511": 256.2704812231787, "B512": 256.7129304307385, "B513": 268.1053920750603, "B514": 270.4311712401498, "B515": 265.0411325446661, "B516": 269.02942430727154, "B517": 267.04778006913375, "B518": 273.0038286981292, "B519": 256.7506656692041, "B520": 265.08657634768826, "B521": 272.03407387606916, "B522": 265.29653198781347, "B523": 258.487266585582, "B524": 260.40506612814227, "C101": 250.37076332322883, "C102": 256.97298771042284, "C103": 265.1209789311156, "C104": 263.12809076182566, "C105": 273.4425333164927, "C106": 265.50347166627466, "C107": 274.5172833368566, "C108": 264.7925466186686, "C109": 253.88497673768617, "C110": 266.3709654666049, "C111": 261.27953461905634, "C112": 251.72754187025734, "C113": 259.45330927440074, "C114": 271.4627156047071, "C115": 261.07324457251457, "C116": 254.46255997389284, "C117": 259.50324446960497, "C118": 257.02840285791234, "C119": 262.7192359046224, "C120": 256.5564920729592, "C121": 252.26764060589022, "C122": 266.8962194190896, "C123": 251.81682083537916, "C124": 252.6683563004584, "C201": 269.7018559170769, "C202": 257.07068072994053, "C203": 266.21919893196355, "C204": 268.49453784039065, "C205": 258.94295491608347, "C206": 258.8825219538912, "C207": 271.16326532146434, "C208": 267.6895242137216, "C209": 264.94183847694603, "C210": 256.44127468900393, "C211": 252.69043787936874, "C212": 256.9337892812999, "C213": 264.2689104711021, "C214": 264.799756870293, "C215": 254.85468466695013, "C216": 259.4790983380151, "C217": 258.9037296451572, "C218": 263.1548683187334, "C219": 244.01385878120826, "C220": 257.85517683281336, "C221": 262.3431444852916, "C222": 259.1587162908465, "C223": 262.2917492796811, "C224": 261.31362094241575, "C301": 269.77868945659606, "C302": 256.0517054970813, "C303": 262.974815315495,