{"A101": 86.17209011951343, "A102": 75.18954890554278, "A103": 82.9069761981787, "A104": 90.13749711089571, "A105": 81.01020992986486, "A106": 75.77365272349849, "A107": 81.68294379575411, "A108": 88.29847135868357, "A109": 80.06789342183698, "A110": 88.63680764757363, "A111": 78.12433574929933, "A112": 86.82821201381567, "A113": 84.1669367670081, "A114": 80.76268933983252, "A115": 78.24983984487234, "A116": 80.07791985624779, "A117": 79.8683681819113, "A118": 93.19262545946572, "A119": 81.91588265854034, "A120": 87.24522795092437, "A121": 83.95314132838834, "A122": 86.7883807259855, "A123": 86.20483749827237, "A124": 81.39833974142722, "A201": 76.7091370761652, "A202": 90.07237121794203, "A203": 82.42283911552146, "A204": 82.14213865062716, "A205": 84.79766790049898, "A206": 85.15490292760553, "A207": 84.22305199448454, "A208": 86.13742853235378, "A209": 82.14942347822208, "A210": 79.50441711749754, "A211": 82.26906951738079, "A212": 94.21534085560913, "A213": 83.81964961038882, "A214": 82.41388375015407, "A215": 85.86577834370328, "A216": 78.8388175019255, "A217": 80.68032226287559, "A218": 82.86724985607196, "A219": 83.53815876321111, "A220": 82.67046580257666, "A221": 76.60602599500619, "A222": 79.76033343024343, "A223": 87.0907480683827, "A224": 84.0207777514189, "A301": 76.62189882004643, "A302": 79.11332382712892, "A303": 81.88919893721223, "A304": 85.13386952100193, "A305": 82.97052779681582, "A306": 86.42725357406752, "A307": 84.12999552372, "A308": 81.75218109958858, "A309": 78.30590488392211, "A310": 82.79132709833074, "A311": 81.26961134217501, "A312": 77.95054803888391, "A313": 93.3012541400087, "A314": 85.20362935272, "A315": 80.47484725099802, "A316": 88.03004790793824, "A317": 76.81342960662978, "A318": 77.33271022200535, "A319": 78.55597010425753, "A320": 77.58986368621777, "A321": 75.1956185145698, "A322": 77.72350744587388, "A323": 76.00239617460025, "A324": 84.26961046805452, "A401": 85.33738372317777, "A402": 84.71096887760797, "A403": 80.49293927080322, "A404": 79.8100283762946, "A405": 86.0826218503334, "A406": 79.90740074053258, "A407": 82.51116104827034, "A408": 81.33132884169365, "A409": 82.91560980725622, "A410": 93.265202600064, "A411": 87.03315503995536, "A412": 80.34168520536167, "A413": 79.85424995685713, "A414": 76.37849226392018, "A415": 85.65438300665336, "A416": 81.60487895505808, "A417": 90.84347847129402, "A418": 88.21182338462847, "A419": 78.87815334338796, "A420": 84.53350501850373, "A421": 81.79047761986038, "A422": 81.50415169009165, "A423": 79.07351755663652, "A424": 81.92120847734408, "A501": 79.33876229795467, "A502": 83.74221146432683, "A503": 86.43814244200874, "A504": 86.63675005259321, "A505": 86.1042693036218, "A506": 82.19925265101662, "A507": 83.7489330323262, "A508": 77.6869009319332, "A509": 76.93229957664768, "A510": 79.48022136191422, "A511": 87.31671126582772, "A512": 81.0087710782862, "A513": 76.14518359033698, "A514": 86.04759774716156, "A515": 79.71591057674658, "A516": 83.95054550896158, "A517": 89.53571628653131, "A518": 81.22074811850352, "A519": 85.12101889606012, "A520": 80.68350010597028, "A521": 88.0544675777354, "A522": 83.3359981619681, "A523": 86.99156264026273, "A524": 85.97769765521325, "B101": 84.26408539484989, "B102": 88.56466602088652, "B103": 86.11092572118973, "B104": 78.92283607801336, "B105": 73.26430219907859, "B106": 88.88911757519003, "B107": 81.93551959744283, "B108": 79.67247103828372, "B109": 90.94191842326559, "B110": 86.0291532278762, "B111": 83.12409342093636, "B112": 88.13494097700314, "B113": 87.19567612613716, "B114": 85.84831298220455, "B115": 76.21452777695966, "B116": 84.41726381496397, "B117": 79.77229902725513, "B118": 77.13949732297334, "B119": 88.73980639191399, "B120": 75.31194337311598, "B121": 87.2737845019348, "B122": 83.58578553526753, "B123": 79.65879104623069, "B124": 81.62149111951524, "B201": 80.16183474223298, "B202": 78.10540528133777, "B203": 85.6437226456192, "B204": 81.22012846107802, "B205": 76.42869980343878, "B206": 85.05268333342214, "B207": 77.14856680912547, "B208": 76.23974157363229, "B209": 83.1473469374793, "B210": 82.24226019644315, "B211": 83.61659173533334, "B212": 78.19011217742428, "B213": 82.67313031030037, "B214": 85.86395950547623, "B215": 90.35891034898664, "B216": 88.50398639524352, "B217": 85.70430374185902, "B218": 86.82331230723422, "B219": 86.25293005338092, "B220": 82.76471486058023, "B221": 87.84844357267345, "B222": 82.96358422453716, "B223": 84.24108860661403, "B224": 81.52459727403769, "B301": 86.07306063211354, "B302": 71.58260980806769, "B303": 81.54432997970395, "B304": 82.79563011902087, "B305": 81.5274534762277, "B306": 87.20868144665367, "B307": 81.71254318452628, "B308": 89.81114142726541, "B309": 83.89095898279895, "B310": 80.8455774998873, "B311": 90.10495406126971, "B312": 84.20187683461025, "B313": 78.67301533595727, "B314": 82.60960652973091, "B315": 81.45617443012772, "B316": 82.32389638280576, "B317": 82.6863611561971, "B318": 88.60561340176766, "B319": 81.17497304714196, "B320": 90.1893016727494, "B321": 83.15597122852061, "B322": 84.34608950196655, "B323": 86.64083764410297, "B324": 84.26157614685583, "B401": 79.79805959736278, "B402": 81.10609788543559, "B403": 83.98392081075039, "B404": 88.6153479126, "B405": 80.73321196280035, "B406": 85.24668511797051, "B407": 82.66908454578264, "B408": 81.77051744684732, "B409": 84.88267483063537, "B410": 84.63807915191612, "B411": 84.70557151463859, "B412": 82.36763269329717, "B413": 90.33556040853344, "B414": 80.48607219713944, "B415": 86.74784320046258, "B416": 81.33427491717298, "B417": 80.0803290505363, "B418": 85.93770722798469, "B419": 85.60864245518125, "B420": 81.07632430744793, "B421": 79.40937074640854, "B422": 81.12216206419518, "B423": 80.22435273482618, "B424": 81.77727413036757, "B501": 85.26945623956951, "B502": 78.7883319982427, "B503": 76.5926384547518, "B504": 82.39244131361559, "B505": 80.96619152261957, "B506": 83.20998066539602, "B507": 81.965573409583, "B508": 81.32000176215874, "B509": 86.41206876109632, "B510": 84.36994365995498, "B511": 80.4000484410202, "B512": 82.6634574030207, "B513": 82.54680387661325, "B514": 85.28755130507868, "B515": 83.39918439645791, "B516": 81.97705454242973, "B517": 88.607841299791, "B518": 86.59571790025817, "B519": 84.77904673640407, "B520": 84.07139158066792, "B521": 85.88342663110981, "B522": 87.1817699579801, "B523": 81.07358205757417, "B524": 83.1207613910282, "C101": 76.9537341687707, "C102": 90.93450525376778, "C103": 83.22562533050655, "C104": 82.31365742087483, "C105": 89.305875242837, "C106": 85.71311531188427, "C107": 87.4418738447005, "C108": 83.13737588065442, "C109": 83.21478347767824, "C110": 81.93708252771606, "C111": 81.58268300806675, "C112": 82.89148299166271, "C113": 80.14490494701583, "C114": 83.65795362649665, "C115": 82.3047259700876, "C116": 84.74514758774284, "C117": 80.2579554950354, "C118": 83.50167292768798, "C119": 77.61807596492116, "C120": 78.81324789866258, "C121": 79.63123458350222, "C122": 85.68432319354294, "C123": 81.62743148833898, "C124": 79.04679556224416, "C201": 86.64548760299817, "C202": 84.58651160629174, "C203": 81.28372960044395, "C204": 81.90324403083478, "C205": 82.47852925108415, "C206": 84.29081379480753, "C207": 89.80122798102533, "C208": 87.10683854058561, "C209": 83.29700793442765, "C210": 79.92919506730769, "C211": 84.03670139231701, "C212": 85.80019446552438, "C213": 89.02659993656594, "C214": 88.07325911564554, "C215": 81.12616644692751, "C216": 83.55349178149476, "C217": 82.81637161846974, "C218": 84.22439981131524, "C219": 76.56871908900763, "C220": 83.0507011266431, "C221": 82.99317899344024, "C222": 81.17153691246544, "C223": 80.00932278694417, "C224": 81.40385289858297, "C301": 86.32236264222898, "C302": 81.49747959164749, "C303": 80.2490053095026, "C304": 83.25996698838854, "C305": 89.82224332848627, "C306": 81.80327030356626, "C307": 89.45005578336156, "C308": 83.59499553342076, "C309": 80.23836504093231, "C310": 77.85655895160859,