{"A101": 3.190777650788551, "A102": 2.681500773505059, "A103": 3.898302192956971, "A104": 2.4630823770054744, "A105": 2.809262172444928, "A106": 2.033923754612389, "A107": 2.5064174380743625, "A108": 3.024959236097541, "A109": 1.6261218143716873, "A110": 3.783772204870599, "A111": 3.1597048249725344, "A112": 3.281659559497898, "A113": 2.136081357973209, "A114": 1.9945839401374497, "A115": 3.767246159801394, "A116": 1.6377718649811692, "A117": 3.132548508668705, "A118": 4.086482234796201, "A119": 2.9429955049555145, "A120": 2.41533325109726, "A121": 3.4296955691302524, "A122": 2.4514926397438357, "A123": 1.7094478954794552, "A124": 2.4752374417905045, "A201": 3.316591853615288, "A202": 4.102016117436043, "A203": 3.686605122729741, "A204": 2.3148409934659373, "A205": 3.003647286284049, "A206": 3.024128384680934, "A207": 2.8758705931755704, "A208": 3.2825636456331315, "A209": 2.4939159354552367, "A210": 1.895534107660235, "A211": 2.842152626300188, "A212": 2.4666685074474195, "A213": 2.734845715746555, "A214": 2.3725509024874425, "A215": 3.0494963014498584, "A216": 2.8972839028696455, "A217": 3.0205919667334107, "A218": 3.440162432531319, "A219": 2.369008756931808, "A220": 3.089361069146705, "A221": 2.3555459398961043, "A222": 3.4950990247913722, "A223": 2.5641228733585546, "A224": 1.8711410263283046, "A301": 1.7534552004463642, "A302": 1.6885912862397596, "A303": 1.7720659678495951, "A304": 2.513255653778998, "A305": 2.000865624186868, "A306": 3.132127115209075, "A307": 3.4535984494562038, "A308": 1.8981371724999991, "A309": 2.268322964831381, "A310": 2.640530816914054, "A311": 2.3276214555310553, "A312": 1.8869855031221978, "A313": 3.478780990190808, "A314": 3.6090351177091673, "A315": 3.6057948461217952, "A316": 2.5357724173802034, "A317": 2.181449088385878, "A318": 2.387341277376186, "A319": 2.9904625717863365, "A320": 1.6042400620633457, "A321": 2.6690251638656655, "A322": 1.7360716450081939, "A323": 1.7734098787830292, "A324": 3.4758257643504704, "A401": 2.4766514006835565, "A402": 2.3976172249307988, "A403": 3.58584043244321, "A404": 1.9135579172619865, "A405": 2.244977225916409, "A406": 2.0589894621528404, "A407": 2.9063463783320582, "A408": 2.9034102040976055, "A409": 2.743679496716344, "A410": 2.57381553923301, "A411": 3.9863091868150207, "A412": 2.7633739467046143, "A413": 3.0818666238820893, "A414": 3.6556498627429246, "A415": 2.60702967412176, "A416": 2.3661093263593824, "A417": 2.6824762022257955, "A418": 2.414811157621919, "A419": 2.1031914829919005, "A420": 3.3342702425977495, "A421": 2.900567828557581, "A422": 2.0089129570751916, "A423": 2.9929462102157016, "A424": 3.6395799623179337, "A501": 2.21289525833902, "A502": 2.850009612784199, "A503": 3.761318004116778, "A504": 3.5049073385730507, "A505": 3.7779863342670654, "A506": 2.797898638755902, "A507": 3.618206246972564, "A508": 3.4126458927471557, "A509": 2.2171537352018147, "A510": 2.592053691514925, "A511": 2.3289560994970095, "A512": 2.132879309469734, "A513": 2.138954774931062, "A514": 2.0920794761190877, "A515": 2.2091940177305904, "A516": 2.2790679461444743, "A517": 2.4836833559636764, "A518": 2.510346799233497, "A519": 3.127756222388853, "A520": 2.054483747082686, "A521": 2.5502638577400925, "A522": 2.3013311074666314, "A523": 1.9171595159851293, "A524": 2.7332825875858395, "B101": 2.448037437159655, "B102": 3.6541076078568597, "B103": 2.1677113585860988, "B104": 1.6830379253825287, "B105": 2.5566449950641705, "B106": 2.363577204017955, "B107": 2.933459635168705, "B108": 1.6145116229126064, "B109": 2.9949449642173276, "B110": 2.548912584601351, "B111": 3.215514549900516, "B112": 4.108713283985966, "B113": 3.558442945443342, "B114": 3.142985119051001, "B115": 2.4578022313102252, "B116": 3.788221396769265, "B117": 3.7688919575286057, "B118": 2.055185853667926, "B119": 3.9397948046368523, "B120": 3.803697540628775, "B121": 2.2595266234412783, "B122": 2.9503901787296503, "B123": 2.926672277705587, "B124": 2.1985510438168667, "B201": 3.4547790289613043, "B202": 2.6139593742332714, "B203": 4.2046635259988765, "B204": 3.119072634129936, "B205": 2.172993317429964, "B206": 3.221346633978761, "B207": 2.578005073767909, "B208": 1.8165703628724845, "B209": 3.126053974628224, "B210": 2.7914304808304404, "B211": 1.6288023693855167, "B212": 2.3715937901090287, "B213": 2.3548678399433847, "B214": 2.705324369042448, "B215": 3.741021380960265, "B216": 3.615459576282633, "B217": 2.1005811447190084, "B218": 2.217936375849095, "B219": 1.8343772601610158, "B220": 2.4121541532048627, "B221": 3.7275208155208546, "B222": 2.654882948215784, "B223": 2.034015046473441, "B224": 3.400263871123585, "B301": 2.3926162125554526, "B302": 1.8986243214812881, "B303": 3.4752235430378127, "B304": 2.690194953376629, "B305": 1.6397755311353581, "B306": 1.2010374614496797, "B307": 1.7458409559514039, "B308": 2.0576612202940754, "B309": 3.4357692170176586, "B310": 2.2006503434396962, "B311": 2.947925550931439, "B312": 3.7704921187761617, "B313": 3.1259774276525087, "B314": 3.556843101223068, "B315": 2.0991204366762575, "B316": 2.1534773236864284, "B317": 2.8229830724886513, "B318": 3.244341599984929, "B319": 1.7066471074642555, "B320": 2.57836601817286, "B321": 2.6226189081840894, "B322": 2.6301141706694064, "B323": 3.2690187098420838, "B324": 3.1843058273408813, "B401": 2.786834629161744, "B402": 2.465647621703731, "B403": 3.4362075082167785, "B404": 3.0060013478761483, "B405": 1.722033285504633, "B406": 1.9994720081225374, "B407": 3.6924909254686438, "B408": 3.4248409728421176, "B409": 3.8942865100223343, "B410": 1.506758027405629, "B411": 2.5200380983269777, "B412": 3.737511468717437, "B413": 2.4651320388980587, "B414": 3.176681462913325, "B415": 3.069000698264336, "B416": 2.7278562494517753, "B417": 2.2100812926227884, "B418": 2.4273114450169033, "B419": 2.9276518519966053, "B420": 3.2832072420806186, "B421": 2.8740771927819084, "B422": 3.881388862012694, "B423": 2.565711574789232, "B424": 3.146727534621509, "B501": 2.045408935339318, "B502": 1.9290236272716639, "B503": 2.693800025131041, "B504": 2.873769736549442, "B505": 1.5425238680914015, "B506": 3.518959102973452, "B507": 3.3149317498934376, "B508": 3.4773877696793947, "B509": 2.1629511282070837, "B510": 1.4543000868410534, "B511": 2.7739198383636676, "B512": 2.0953633507885394, "B513": 2.4771856735849958, "B514": 3.485004087030691, "B515": 3.237511937513103, "B516": 3.497078264118297, "B517": 2.67094164916825, "B518": 2.631739258226112, "B519": 2.6509572797155414, "B520": 2.8527084549007022, "B521": 3.1547077553102016, "B522": 2.1374080838914753, "B523": 2.7599991295144646, "B524": 3.1176890572798657, "C101": 1.9839561144442468, "C102": 3.32003743956641, "C103": 1.9788716059045524, "C104": 2.013820048584196, "C105": 1.9983375343518037, "C106": 2.8783567173272386, "C107": 3.6449952573165936, "C108": 1.9732978564408503, "C109": 1.8223443137609143, "C110": 2.2233129737143926, "C111": 3.2793384830351116, "C112": 3.031557644282781, "C113": 3.0564057775484965, "C114": 2.4551100725494885, "C115": 2.5473756157828955, "C116": 2.2197807068873017, "C117": 1.5966464494798658, "C118": 1.8453821008540894, "C119": 2.046070911890239, "C120": 4.066133999113395, "C121": 2.1897351434192105, "C122": 2.1807866525048594, "C123": 2.1289140308482994, "C124": 1.4656899438295001, "C201": 3.955381386776715, "C202": 3.1667348209779695, "C203": 2.504393085271394, "C204": 2.9109290085889383, "C205": 2.5076256394713528, "C206": 3.5559446933946472, "C207": 2.109453862473128, "C208": 3.4360541877377466, "C209": 3.0462943433338943, "C210": 3.0975211445990856, "C211": 1.5390477444431596, "C212": 2.4356388381958314, "C213": 2.7123868142302916, "C214": 3.2821981017357427, "C215": 2.248236306847394, "C216": 2.393979034928075, "C217": 3.949639451590617, "C218": 3.573832453925961, "C219": 3.2972013359936385, "C220": 3.3218754736964646, "C221": 2.8077348506500623, "C222": 3.480224071215396, "C223": 1.35147758713947, "C224": 2.0217301871640965, "C301": 1.925909650123658, "C302": 2.013580900489344,