{"A101": 265.0774926044113, "A102": 253.05336287895446, "A103": 260.06499508119754, "A104": 263.09101221423776, "A105": 260.5885508980883, "A106": 249.3900281621908, "A107": 261.75524958425615, "A108": 270.5415185986712, "A109": 243.90884304706142, "A110": 254.09294466771001, "A111": 254.3734108228889, "A112": 261.2748937844565, "A113": 254.35942257618956, "A114": 259.02799343636366, "A115": 258.90204187423814, "A116": 253.35965129855018, "A117": 255.21856323173947, "A118": 275.6831173568557, "A119": 257.59575589340113, "A120": 261.12842208132105, "A121": 254.08440706857928, "A122": 273.6979474425507, "A123": 265.1151278120357, "A124": 254.28768227215454, "A201": 254.30737900950865, "A202": 266.44184264879505, "A203": 261.93271418976616, "A204": 252.9142332919268, "A205": 255.8796137360815, "A206": 261.4762932217029, "A207": 266.5890764865014, "A208": 256.7002165686724, "A209": 261.6392069129503, "A210": 258.08594532706957, "A211": 250.39180840187436, "A212": 268.7505085896822, "A213": 264.56773585228706, "A214": 247.1503866782943, "A215": 262.40701171176914, "A216": 251.75837493678958, "A217": 249.85912969832222, "A218": 255.82662299747915, "A219": 266.30727681750136, "A220": 268.17640997604076, "A221": 249.96443071736755, "A222": 253.11237556135143, "A223": 268.58881778981987, "A224": 251.9660765942598, "A301": 259.02570861136667, "A302": 262.00864053129345, "A303": 252.19274817663734, "A304": 256.24554043722094, "A305": 261.4489636287272, "A306": 261.0251457736772, "A307": 262.1975841789509, "A308": 261.98430291683354, "A309": 250.40493829374154, "A310": 260.48087951920144, "A311": 265.3965302732345, "A312": 250.21272877353456, "A313": 265.6028983525429, "A314": 261.361274085944, "A315": 258.4847326394397, "A316": 267.7327953115112, "A317": 242.4026708237895, "A318": 253.9813489683458, "A319": 260.74346085090014, "A320": 249.78678512041233, "A321": 241.80875623064307, "A322": 258.17995375546576, "A323": 249.85622963393132, "A324": 258.5010799953775, "A401": 261.85397039544955, "A402": 260.12868739911966, "A403": 251.75560594115677, "A404": 254.8187264282988, "A405": 264.9635223735517, "A406": 252.8332765926587, "A407": 257.9514051773131, "A408": 256.85610456390464, "A409": 253.95932924758822, "A410": 266.3644546263566, "A411": 260.19591815225675, "A412": 255.36344327634984, "A413": 244.09632595954002, "A414": 247.63229494856267, "A415": 267.90153780301654, "A416": 262.6341463003466, "A417": 267.7707774465601, "A418": 261.0696294146219, "A419": 244.62301243919697, "A420": 261.793107981378, "A421": 252.16853423597922, "A422": 253.22360562255466, "A423": 252.95900489543294, "A424": 256.2076272898754, "A501": 251.10221349797658, "A502": 261.9278191330398, "A503": 265.0389605972995, "A504": 260.6179563511718, "A505": 259.7017220570098, "A506": 252.55507034504134, "A507": 266.8953446672428, "A508": 251.71650762287402, "A509": 259.62536964982286, "A510": 261.47028215655126, "A511": 266.5307758957893, "A512": 257.1485208917155, "A513": 250.3097593757352, "A514": 258.8457726806794, "A515": 260.42666447241214, "A516": 263.49126546488304, "A517": 264.64794433642936, "A518": 254.3111582485831, "A519": 271.53958430880294, "A520": 266.4766125235489, "A521": 265.7280458878007, "A522": 251.82340564495576, "A523": 264.1571881735348, "A524": 261.38104418720246, "B101": 250.72690843011264, "B102": 254.0754955106887, "B103": 267.04631840637734, "B104": 249.30023045634132, "B105": 251.48688475072768, "B106": 268.73071037481355, "B107": 250.87192197440422, "B108": 257.0076107385425, "B109": 259.2015658352836, "B110": 255.98584021679653, "B111": 250.75653850328624, "B112": 265.43334913784827, "B113": 266.6233641769285, "B114": 262.7049539717552, "B115": 250.12930158701522, "B116": 261.20295977967726, "B117": 263.6802164309978, "B118": 263.20947162306743, "B119": 257.4065677119691, "B120": 245.05514686230208, "B121": 266.42329335006355, "B122": 255.16823002961627, "B123": 246.9927921683333, "B124": 254.588835774551, "B201": 253.80470022816752, "B202": 245.79805661085652, "B203": 269.81386889636093, "B204": 263.89431582998793, "B205": 266.2219719852727, "B206": 260.45362887865326, "B207": 251.49167163770187, "B208": 252.41946657737293, "B209": 257.5162289244622, "B210": 262.4171887116341, "B211": 249.38013744248687, "B212": 247.6113798957487, "B213": 254.7157778501253, "B214": 268.01860235232164, "B215": 267.9590284688373, "B216": 266.21219213213027, "B217": 257.01796139188644, "B218": 265.6556969624895, "B219": 266.73825658033417, "B220": 246.8490773107659, "B221": 270.639799057927, "B222": 262.8147575846851, "B223": 259.254325594235, "B224": 249.06797118859745, "B301": 256.78059316351965, "B302": 250.18129625827822, "B303": 253.68221889396546, "B304": 255.30254362322034, "B305": 263.580161654275, "B306": 266.95120758847185, "B307": 261.2062155054295, "B308": 267.0130642714191, "B309": 261.86908044645975, "B310": 259.5741808732079, "B311": 272.47329102016573, "B312": 256.857346408712, "B313": 250.03353646183433, "B314": 246.54126692376306, "B315": 250.50660633725408, "B316": 262.12097903664403, "B317": 256.86827195796167, "B318": 265.6849702938158, "B319": 251.81782964503432, "B320": 262.0143640355469, "B321": 263.994108844549, "B322": 261.6923074906608, "B323": 270.194545229428, "B324": 265.0630742776561, "B401": 255.6949801484316, "B402": 250.8690318151287, "B403": 259.24429116964507, "B404": 255.03535179011158, "B405": 254.3867848085616, "B406": 273.4057037197761, "B407": 243.77788788596675, "B408": 262.9847236888205, "B409": 261.5901813024888, "B410": 254.74543256979322, "B411": 267.21739752109636, "B412": 254.4678660139753, "B413": 268.30232987548777, "B414": 259.2988112112406, "B415": 267.0918848242369, "B416": 255.93038282686706, "B417": 258.84536813495, "B418": 260.7583772926993, "B419": 252.13375309960458, "B420": 251.99386490280568, "B421": 246.7649509447484, "B422": 254.961408776241, "B423": 259.4477958679812, "B424": 260.53620082435873, "B501": 260.70215226904855, "B502": 248.98538088848164, "B503": 244.891322880357, "B504": 267.2064346202171, "B505": 250.73966418995133, "B506": 259.6684727613357, "B507": 263.05951899143815, "B508": 259.64368742061873, "B509": 262.20081592578805, "B510": 260.419223586726, "B511": 253.28171805681953, "B512": 254.05885536100908, "B513": 266.09986846490494, "B514": 268.06530069100614, "B515": 263.2253743416905, "B516": 266.3425982110004, "B517": 265.54939150519897, "B518": 269.26274278540564, "B519": 253.25555371771347, "B520": 262.66348781049294, "B521": 268.9497269595818, "B522": 263.654757959779, "B523": 256.4943303991732, "B524": 257.71029012031397, "C101": 246.71145479967342, "C102": 254.59515138406448, "C103": 261.76696974360397, "C104": 260.698793447282, "C105": 270.5502782479467, "C106": 261.6905442051362, "C107": 273.16989515816636, "C108": 262.1878389845614, "C109": 250.98437563210197, "C110": 264.3068398694093, "C111": 258.96472850541966, "C112": 249.53382189676978, "C113": 257.39116296066925, "C114": 269.0845525830299, "C115": 258.42202407878494, "C116": 251.51277237865128, "C117": 257.3508225249788, "C118": 255.0678551204305, "C119": 260.31386653405644, "C120": 253.8383426843586, "C121": 250.15320435212044, "C122": 262.9652302363452, "C123": 249.4784600737606, "C124": 250.69293604662846, "C201": 265.9911008137316, "C202": 255.08719631423466, "C203": 263.89188293236657, "C204": 266.514071229244, "C205": 256.3951822388619, "C206": 256.24974703602163, "C207": 269.4490496301924, "C208": 264.78667676765383, "C209": 262.13330516565503, "C210": 253.5968965419311, "C211": 249.83527904482975, "C212": 255.10160592660733, "C213": 262.5799306217411, "C214": 261.0970805535908, "C215": 251.2038380747775, "C216": 256.5534126373352, "C217": 256.47534152894355, "C218": 259.69966053994233, "C219": 242.16251327605883, "C220": 255.49362855681989, "C221": 260.485577761486, "C222": 255.94779763607394, "C223": 260.21022601729936, "C224": 258.14801727837784, "C301": 266.95624141062365, "C302": 252.96003428436728,