{"A101": 216.5015700945824, "A102": 199.50067381078836, "A103": 206.8533176821589, "A104": 218.9686170721256, "A105": 206.63855198070604, "A106": 198.07066259769095, "A107": 210.94980961672667, "A108": 219.28611270004743, "A109": 195.7442833147779, "A110": 210.79383863279776, "A111": 205.7609448217564, "A112": 207.69664625083132, "A113": 199.06202953152024, "A114": 208.80217923050344, "A115": 204.72759782482777, "A116": 204.9210456315698, "A117": 202.92801524093193, "A118": 221.07510223680293, "A119": 203.35157845831895, "A120": 209.90322338740603, "A121": 208.58739932567485, "A122": 217.38469993015477, "A123": 212.4451234090365, "A124": 201.36533403924486, "A201": 203.6053506689482, "A202": 214.37962073580272, "A203": 199.08077591618573, "A204": 202.34399127965932, "A205": 207.1278764215684, "A206": 208.30005067310822, "A207": 212.42936605036851, "A208": 206.80178439147187, "A209": 209.84671442877953, "A210": 205.71035843157276, "A211": 200.6630356690695, "A212": 217.07410943944888, "A213": 211.17669432677357, "A214": 197.98102802991392, "A215": 215.19028306650225, "A216": 200.7581972490329, "A217": 204.63477226870754, "A218": 207.0236848519144, "A219": 208.83480477587045, "A220": 210.5694224539321, "A221": 202.53766510974253, "A222": 201.33554006650095, "A223": 215.96949634478025, "A224": 203.03780114334535, "A301": 203.65029872130904, "A302": 212.54285469797773, "A303": 202.2322984674366, "A304": 208.34130333725125, "A305": 214.9377054819679, "A306": 211.81035260457512, "A307": 215.88482560608196, "A308": 205.8925952561991, "A309": 199.1866698640308, "A310": 204.83224650486463, "A311": 213.68934908909316, "A312": 201.67828904592022, "A313": 215.47336131714758, "A314": 208.4914632198494, "A315": 207.1126399636313, "A316": 216.0035619266661, "A317": 195.6909751503983, "A318": 204.84880134446942, "A319": 202.3319087663543, "A320": 199.84311807202405, "A321": 191.0562722854497, "A322": 203.76559463774996, "A323": 199.99043886518976, "A324": 206.24530985085667, "A401": 210.58530579248207, "A402": 210.55873955951654, "A403": 204.13383016004568, "A404": 208.10621259632262, "A405": 214.80373036909432, "A406": 204.64692607015255, "A407": 203.17832340682207, "A408": 207.33690925379966, "A409": 202.0765300832939, "A410": 213.97301716152674, "A411": 211.7962069771497, "A412": 207.39879090796194, "A413": 196.86015544156712, "A414": 199.35741877237194, "A415": 216.25216221824112, "A416": 207.81067929270696, "A417": 219.7213280680534, "A418": 206.47785503378233, "A419": 198.99292058634646, "A420": 210.53695724276167, "A421": 203.21372542439929, "A422": 200.36852055671443, "A423": 203.9979992002452, "A424": 205.86783329885864, "A501": 200.69398139076137, "A502": 212.02519303288676, "A503": 215.68603465201193, "A504": 210.8855246704889, "A505": 205.10876061651518, "A506": 201.87017238114322, "A507": 215.62122012466034, "A508": 198.12115357968688, "A509": 208.99116742793308, "A510": 205.35220438162077, "A511": 217.1347112451734, "A512": 203.3407250355211, "A513": 197.8701200313971, "A514": 208.49754086035819, "A515": 205.45854710851768, "A516": 214.8162473430948, "A517": 214.28108955779584, "A518": 206.62556823282534, "A519": 215.97833780002347, "A520": 216.59816404294705, "A521": 211.4562328255251, "A522": 202.9083048348552, "A523": 211.32022185025687, "A524": 211.55304942283811, "B101": 198.9419819980851, "B102": 201.26369240242028, "B103": 218.38116326755596, "B104": 200.16217709830192, "B105": 201.8114544180034, "B106": 217.41519399882517, "B107": 201.4143846986325, "B108": 206.8001382887631, "B109": 212.71788567003352, "B110": 203.54525083505763, "B111": 204.85888081321616, "B112": 214.8731231078505, "B113": 216.18922457224377, "B114": 207.36304667675137, "B115": 200.47280463674377, "B116": 209.9095347256797, "B117": 212.9563992299076, "B118": 203.73672388661902, "B119": 208.73782081893873, "B120": 193.2363547803978, "B121": 214.80022295795266, "B122": 206.21393683946175, "B123": 199.30588557048853, "B124": 205.40179553129317, "B201": 204.52114442628513, "B202": 195.95263975694732, "B203": 216.58304358797284, "B204": 210.30434008307037, "B205": 212.5757030637057, "B206": 206.1926090946254, "B207": 202.25406663389427, "B208": 203.5253672575442, "B209": 206.99046792127405, "B210": 212.11311790662464, "B211": 196.58804683352466, "B212": 198.39555730954484, "B213": 204.44695431628833, "B214": 213.87264591595766, "B215": 216.26047411150066, "B216": 215.11179356391287, "B217": 212.19858891889695, "B218": 215.98008298274587, "B219": 213.0666074021867, "B220": 199.43881532047524, "B221": 219.5277019288851, "B222": 211.81714759919709, "B223": 208.96899000724943, "B224": 200.6037843119973, "B301": 209.87402970961514, "B302": 205.39880964943745, "B303": 204.59016283062772, "B304": 208.81512375785263, "B305": 209.81360194666198, "B306": 217.72146812947994, "B307": 209.21722191549924, "B308": 220.60289054298326, "B309": 206.82325319906022, "B310": 207.63477047429578, "B311": 221.70271713150595, "B312": 205.49070221828407, "B313": 200.62839033908054, "B314": 198.74376145834333, "B315": 202.71672274352647, "B316": 212.43153440309877, "B317": 206.01623047167516, "B318": 217.49759555583174, "B319": 205.30021257244388, "B320": 211.8438214791923, "B321": 209.4961022632011, "B322": 211.03441689102442, "B323": 223.31326625530122, "B324": 208.59301934586236, "B401": 202.80657105915597, "B402": 205.30294517982128, "B403": 213.02695735129913, "B404": 205.10777576659433, "B405": 201.70695652797153, "B406": 220.34118500892848, "B407": 196.62955576948664, "B408": 208.885392137424, "B409": 207.5879584864403, "B410": 204.5848949941957, "B411": 211.2237458822146, "B412": 210.2670360710868, "B413": 218.58376395868274, "B414": 210.75089481530486, "B415": 211.5749840688558, "B416": 204.24617561564264, "B417": 208.4416046196489, "B418": 211.30195354191946, "B419": 206.13784789165896, "B420": 200.46395570840775, "B421": 201.1526632324295, "B422": 206.8913194428834, "B423": 207.79404069671835, "B424": 207.5055440435961, "B501": 212.25326022721072, "B502": 201.2080240540041, "B503": 195.53171859695763, "B504": 215.0871568412386, "B505": 200.67238274357936, "B506": 205.84963043531494, "B507": 211.0734721955498, "B508": 208.39358536287085, "B509": 211.02544332687577, "B510": 211.18970817681912, "B511": 201.23711872199573, "B512": 206.80280442644167, "B513": 217.02399425088404, "B514": 214.86567719799396, "B515": 212.38846740761105, "B516": 214.92630907331275, "B517": 214.96816859716833, "B518": 222.3345049483304, "B519": 203.28397659804185, "B520": 212.6970731219982, "B521": 219.07320128386928, "B522": 211.21397415230166, "B523": 206.37453168245645, "B524": 212.41471476301126, "C101": 197.67979878359455, "C102": 207.03259245663796, "C103": 209.43158806171337, "C104": 209.028797598937, "C105": 218.6624049146744, "C106": 207.69221576841835, "C107": 219.56032502010507, "C108": 209.3134640903398, "C109": 206.2240808553923, "C110": 209.46286432230988, "C111": 210.91642409267035, "C112": 199.7171357041736, "C113": 205.20173187334586, "C114": 216.15297298162596, "C115": 207.78421587018448, "C116": 203.0655513595157, "C117": 204.57952210544707, "C118": 205.45488701863417, "C119": 201.70773154940377, "C120": 201.02588172205603, "C121": 200.67508758552478, "C122": 209.7082006565407, "C123": 201.9170678535745, "C124": 204.45051386408466, "C201": 216.7549069995574, "C202": 203.96777444772778, "C203": 214.10634673753654, "C204": 211.0270314644676, "C205": 208.02214291331754, "C206": 207.97759898630102, "C207": 217.9548972511031, "C208": 211.34481652819017, "C209": 214.11749640542766, "C210": 204.01119420237274, "C211": 200.9415708405333, "C212": 205.54907290942495, "C213": 209.39302541137388, "C214": 214.44499422204004, "C215": 202.17839759576407, "C216": 207.71604567795725, "C217": 206.06123511290247, "C218": 204.70566461346647, "C219": 196.92746669004728, "C220": 204.8745308777767, "C221": 205.22567046736947, "C222": 203.9039970924365, "C223": 207.47762537219967, "C224": 208.29616636743157,