{"A101": 130.45438716161414, "A102": 116.84555460073136, "A103": 125.44776647330872, "A104": 134.58755297196777, "A105": 124.62587670781056, "A106": 117.29024301168467, "A107": 122.42694253883738, "A108": 134.6460388380411, "A109": 120.45748421390243, "A110": 128.30401034059582, "A111": 120.30375842555561, "A112": 127.06306640767293, "A113": 123.5137107816559, "A114": 125.0511953821356, "A115": 116.66287646382757, "A116": 123.89903936287158, "A117": 118.95273574549383, "A118": 138.49787589240051, "A119": 123.30330503581158, "A120": 126.37090564689558, "A121": 126.80598727268529, "A122": 127.0988433848048, "A123": 128.17304914003122, "A124": 123.0881896382837, "A201": 121.05849342735667, "A202": 133.25791071252658, "A203": 121.27874998006858, "A204": 125.04171954755375, "A205": 124.17200554746798, "A206": 125.39047822573549, "A207": 128.7299912851523, "A208": 128.043841969711, "A209": 124.34464093379941, "A210": 120.40285645778712, "A211": 122.27451226437027, "A212": 138.39076718432395, "A213": 126.52719036576141, "A214": 121.03190282408937, "A215": 130.35238262441396, "A216": 120.42264029865346, "A217": 124.58101234237625, "A218": 127.08683411258625, "A219": 126.14010882490949, "A220": 122.6865982032211, "A221": 120.15649877367377, "A222": 119.52649384868518, "A223": 131.50487596338172, "A224": 121.90762798897158, "A301": 117.38664910260601, "A302": 122.14384528810689, "A303": 124.14975377726076, "A304": 124.88228328392276, "A305": 128.78669150996691, "A306": 128.03633461259778, "A307": 127.8361468398153, "A308": 126.58858849070926, "A309": 119.40291342340721, "A310": 121.29347234000785, "A311": 127.5260053345079, "A312": 121.0888587630673, "A313": 134.6849869138234, "A314": 129.43115921115336, "A315": 125.67770367189563, "A316": 129.56328307512644, "A317": 115.45963151453081, "A318": 116.52794776510162, "A319": 117.42900922201562, "A320": 122.46236163176881, "A321": 117.55486593844589, "A322": 120.72092338103492, "A323": 116.94901087603695, "A324": 125.2533258996157, "A401": 130.12355301280067, "A402": 126.49910894078056, "A403": 122.33754068844627, "A404": 124.010504726918, "A405": 134.42163017445478, "A406": 122.05241391956397, "A407": 123.55500643378191, "A408": 124.2615673771298, "A409": 129.11858272205197, "A410": 133.64427524337952, "A411": 131.98981874575415, "A412": 122.86354043531749, "A413": 119.63962348609277, "A414": 116.67744870265561, "A415": 130.2861328938856, "A416": 125.5569421319336, "A417": 132.4123470946101, "A418": 129.23397273484383, "A419": 119.79053363977927, "A420": 129.1889117835939, "A421": 125.20663761378697, "A422": 119.99614646545537, "A423": 117.57436018553577, "A424": 126.9778153122672, "A501": 121.24157516852502, "A502": 126.80890925857109, "A503": 132.871441027434, "A504": 130.71106334917656, "A505": 127.50675224561162, "A506": 125.95625248537456, "A507": 130.06370272888225, "A508": 120.48284327490096, "A509": 123.77254708841046, "A510": 126.1845368331284, "A511": 134.1597489721412, "A512": 124.9465428286243, "A513": 117.89710250443177, "A514": 130.1207985676572, "A515": 121.06526675500162, "A516": 127.05347426271625, "A517": 130.070934782948, "A518": 126.28312932267896, "A519": 128.1668744365773, "A520": 129.22229192097976, "A521": 125.7767512190678, "A522": 123.43362317629487, "A523": 130.49468463370164, "A524": 125.0734799011005, "B101": 121.57925078278812, "B102": 125.08472789797244, "B103": 131.4130015332828, "B104": 122.35729130893823, "B105": 113.82744193097079, "B106": 133.23424337615737, "B107": 123.64136661782372, "B108": 124.58051400380519, "B109": 128.48165353624464, "B110": 128.9329564587071, "B111": 125.56255715279772, "B112": 131.0268499732856, "B113": 133.0914294629442, "B114": 126.2175200960173, "B115": 120.88836889382357, "B116": 125.13214384150058, "B117": 128.21466508162789, "B118": 122.61313691773195, "B119": 128.5580668376549, "B120": 119.18127814635143, "B121": 131.82752192151932, "B122": 126.08216756835681, "B123": 117.72611562461137, "B124": 122.97824712335866, "B201": 121.39845850072817, "B202": 117.2760807923702, "B203": 133.08535821424147, "B204": 122.56800073292206, "B205": 122.13772138013485, "B206": 124.35944321911789, "B207": 123.84330615370027, "B208": 115.7929518538355, "B209": 123.57597550453397, "B210": 127.05135648775074, "B211": 122.22621386701118, "B212": 122.07269838081817, "B213": 124.90487610943728, "B214": 127.50317498244245, "B215": 134.28452744245817, "B216": 129.46874054586482, "B217": 131.8955643459331, "B218": 128.01835747384746, "B219": 128.59453552829171, "B220": 120.99345008556783, "B221": 130.2807746699701, "B222": 128.78697790066596, "B223": 126.61920962867238, "B224": 124.81374792364464, "B301": 128.18975587380658, "B302": 117.66733373288605, "B303": 125.97138091480977, "B304": 128.2640770439828, "B305": 127.81552541022309, "B306": 135.45184683170964, "B307": 124.5214681078647, "B308": 135.4481768587354, "B309": 125.28715348443487, "B310": 123.67486904356004, "B311": 132.8555953061102, "B312": 122.36471475191104, "B313": 120.5599091452349, "B314": 120.88590678488731, "B315": 124.08772835652306, "B316": 121.94659641685372, "B317": 120.77869482032187, "B318": 133.384068652934, "B319": 121.35520450476362, "B320": 128.90440942831077, "B321": 123.9234752470279, "B322": 130.65967280478878, "B323": 136.21241849141472, "B324": 127.69800385105009, "B401": 123.60341455882482, "B402": 126.12811501893052, "B403": 125.36208078103958, "B404": 127.78061888494294, "B405": 125.23839729969646, "B406": 131.14203857547986, "B407": 120.18791195748673, "B408": 128.01838612632835, "B409": 128.83278927305042, "B410": 124.61528610276262, "B411": 129.73489890318342, "B412": 126.59145739056567, "B413": 132.923349263914, "B414": 121.33453582538377, "B415": 132.77643048589604, "B416": 123.32967485005342, "B417": 121.89916157608585, "B418": 130.5646747061144, "B419": 125.3596333869065, "B420": 122.42022350727058, "B421": 124.10230910321908, "B422": 123.00250605725637, "B423": 122.96243272634096, "B424": 122.5041728868046, "B501": 121.26180895583627, "B502": 119.01019877467266, "B503": 113.79063761859177, "B504": 129.02914641061682, "B505": 119.86407497859565, "B506": 123.83484669860123, "B507": 125.8072679749276, "B508": 124.21020242074067, "B509": 127.40700700914284, "B510": 128.56901546387334, "B511": 123.27568374148379, "B512": 127.92415421016369, "B513": 128.86738208607176, "B514": 130.5744321867103, "B515": 128.06069389890226, "B516": 126.51043281170244, "B517": 131.19437931739105, "B518": 131.487026721872, "B519": 127.85378729226485, "B520": 129.76722961437494, "B521": 132.98432217808596, "B522": 129.6843106720714, "B523": 123.20456270224321, "B524": 127.2424686792206, "C101": 119.29067545869474, "C102": 131.33762439281097, "C103": 122.92821805966403, "C104": 126.30764610041405, "C105": 133.75497760037257, "C106": 126.91991082681288, "C107": 131.92520204632163, "C108": 124.55301038381724, "C109": 122.82286243867462, "C110": 129.214562521167, "C111": 122.39167956007255, "C112": 122.41198068253959, "C113": 117.62774161210753, "C114": 127.97854982367726, "C115": 126.40287010961478, "C116": 124.92117502588815, "C117": 123.79734200650134, "C118": 123.04574071081895, "C119": 121.79598557449835, "C120": 120.68402530495109, "C121": 119.02441893418703, "C122": 127.17917987354016, "C123": 125.45360168103207, "C124": 121.6478446332204, "C201": 133.01650435555376, "C202": 124.62121602032015, "C203": 126.74326040267265, "C204": 125.75116487826696, "C205": 126.82723283336982, "C206": 125.91224225797318, "C207": 134.42128856512602, "C208": 127.87413385434529, "C209": 126.7204379229068, "C210": 123.7219510546109, "C211": 122.53826152944917, "C212": 122.37385974280322, "C213": 131.5312887402239, "C214": 130.19802385648245, "C215": 121.16345567208582, "C216": 127.71998161896576, "C217": 123.3390458678036, "C218": 130.40980969714735, "C219": 118.35052114247631, "C220": 119.1970070588335, "C221": 125.73481253827207, "C222": 121.81941864548224, "C223": 127.9163971932637, "C224": 123.34651829160117,