{"A101": 288.88062573205525, "A102": 279.66499520172476, "A103": 288.69207698953045, "A104": 284.80074921820534, "A105": 287.6626904456169, "A106": 273.91999605709697, "A107": 284.8171611524933, "A108": 294.2912172878036, "A109": 266.0072366734403, "A110": 275.6934837164327, "A111": 275.53326986568334, "A112": 286.6776643810118, "A113": 276.6050566230684, "A114": 285.97122896243627, "A115": 284.24594901044344, "A116": 280.83665137713575, "A117": 278.13123957452484, "A118": 302.24508726957083, "A119": 284.03863239385254, "A120": 286.646238161032, "A121": 278.269826130235, "A122": 295.9678704510035, "A123": 288.2207103556453, "A124": 278.23590731609977, "A201": 275.45920858443554, "A202": 289.09846556788654, "A203": 284.2222757513716, "A204": 273.6395149614812, "A205": 279.7372891463695, "A206": 285.7538377550899, "A207": 286.4193886251312, "A208": 281.6420276460969, "A209": 283.24516816459226, "A210": 281.69382373411395, "A211": 275.78006363016596, "A212": 297.10333461145456, "A213": 290.76954007383085, "A214": 269.8687270843509, "A215": 285.9737061824478, "A216": 276.29781173258647, "A217": 274.84123040447327, "A218": 282.1740733514358, "A219": 290.0846573363381, "A220": 293.8852714538171, "A221": 273.6459630916843, "A222": 278.92666251667487, "A223": 290.3527853540485, "A224": 275.13611998734746, "A301": 284.6747807808876, "A302": 285.77795245921834, "A303": 276.85333691062067, "A304": 281.7423848133651, "A305": 282.7201736597648, "A306": 286.98145933567486, "A307": 286.86227423484297, "A308": 287.9488196119936, "A309": 274.8188980499787, "A310": 287.2460036740764, "A311": 289.69691308373865, "A312": 274.24900793103626, "A313": 288.45885923379586, "A314": 284.05657923027076, "A315": 281.3873488793198, "A316": 294.3631450956045, "A317": 261.002270490693, "A318": 279.9952763641212, "A319": 283.8701111137327, "A320": 275.2624464502964, "A321": 267.1257127928669, "A322": 284.2791731425167, "A323": 279.3643362670668, "A324": 282.9646944318445, "A401": 283.61149196681714, "A402": 279.4369214591739, "A403": 275.1558575611836, "A404": 280.9710868007581, "A405": 286.59446337036655, "A406": 278.04317442691956, "A407": 284.59585846722996, "A408": 278.7099389696396, "A409": 279.5427507552859, "A410": 289.1513828858223, "A411": 284.69036442314155, "A412": 281.140762025962, "A413": 267.6997136742644, "A414": 270.54300207880766, "A415": 291.36839787149415, "A416": 286.69754720751956, "A417": 291.207575275874, "A418": 283.4152103755338, "A419": 269.7544533879212, "A420": 282.2526319827455, "A421": 278.32754707907213, "A422": 278.96647383637156, "A423": 277.17818054085177, "A424": 276.2295226395251, "A501": 277.79931309678994, "A502": 284.49041780344123, "A503": 290.8262887832957, "A504": 281.93248577359424, "A505": 283.03145624124056, "A506": 272.99486865858916, "A507": 290.743702341572, "A508": 278.1967706215122, "A509": 285.643009939221, "A510": 288.1120202864468, "A511": 290.1511217886753, "A512": 279.49352649120283, "A513": 280.2311870452481, "A514": 283.5161286533482, "A515": 283.5453625385995, "A516": 287.91593946672316, "A517": 287.1963957774376, "A518": 277.3749402227134, "A519": 294.5866241409989, "A520": 290.47651734764753, "A521": 291.90175728357826, "A522": 278.3617644909288, "A523": 285.88001321401066, "A524": 286.65874453189195, "B101": 271.1825650395935, "B102": 276.8675158668761, "B103": 293.2687058104533, "B104": 276.70846916810933, "B105": 273.9596591142438, "B106": 290.29356159530147, "B107": 275.9534495730415, "B108": 278.2662513956796, "B109": 282.4497435840336, "B110": 279.0600685116902, "B111": 273.4681628780598, "B112": 291.18951497660805, "B113": 291.0710123513611, "B114": 286.7005980302108, "B115": 273.8112348138018, "B116": 285.30032108976394, "B117": 290.639304871806, "B118": 285.7057052889716, "B119": 283.61227973763, "B120": 270.19015710104316, "B121": 286.12707340736273, "B122": 279.47877597470205, "B123": 272.42897238562557, "B124": 276.894391684435, "B201": 278.83324914675154, "B202": 269.8365461861475, "B203": 296.1904850478183, "B204": 286.29646728194894, "B205": 288.7575652718914, "B206": 283.9377544195131, "B207": 274.26379303655267, "B208": 275.2636246899069, "B209": 281.2398222274869, "B210": 287.4542557315439, "B211": 274.2292172956092, "B212": 274.7661380228277, "B213": 278.7055782076959, "B214": 293.19381585668896, "B215": 290.6131920273974, "B216": 289.8894535954491, "B217": 280.45985841652947, "B218": 291.56451632863974, "B219": 288.4650090401507, "B220": 270.18101104081563, "B221": 295.90452411778915, "B222": 283.53057625852125, "B223": 284.1853240462783, "B224": 275.250955803196, "B301": 282.06479669207243, "B302": 273.64447222064194, "B303": 276.26696959249483, "B304": 280.571863379043, "B305": 285.47360037440404, "B306": 287.799642500914, "B307": 287.4643974887602, "B308": 290.3568943077339, "B309": 285.5265689980003, "B310": 282.7552243635523, "B311": 293.9457386753078, "B312": 277.92234336089774, "B313": 276.58138953493534, "B314": 274.08404977923624, "B315": 273.80064497869853, "B316": 284.66676235748383, "B317": 282.5336983502911, "B318": 290.8271753066417, "B319": 277.3295273413784, "B320": 284.14989666131464, "B321": 286.1934913981135, "B322": 282.53321481423, "B323": 293.7322710130094, "B324": 287.7154936061199, "B401": 279.6916460902007, "B402": 274.22575051754916, "B403": 281.4398714744062, "B404": 280.22736803167845, "B405": 276.8217157664512, "B406": 298.1173646103522, "B407": 268.5145865748078, "B408": 284.7239563164306, "B409": 286.02683284859586, "B410": 278.4621265665565, "B411": 289.02728011301514, "B412": 281.1825675934621, "B413": 292.6005216683054, "B414": 283.4010230630601, "B415": 289.3643363828202, "B416": 279.01100579784963, "B417": 281.0762115576857, "B418": 281.2781998063092, "B419": 274.7643135565249, "B420": 278.0436681877218, "B421": 274.21060857003965, "B422": 279.1930892292298, "B423": 284.0834750784789, "B424": 285.96893745575375, "B501": 285.77284217104625, "B502": 271.81706731759175, "B503": 270.99442535843093, "B504": 290.44056728879326, "B505": 270.8775670663329, "B506": 284.3233340486171, "B507": 289.0952118606411, "B508": 284.8955187794549, "B509": 284.69597664435133, "B510": 284.30525747510023, "B511": 274.36767321488566, "B512": 277.8644330976608, "B513": 289.229485325482, "B514": 290.2351346403189, "B515": 283.9970183449688, "B516": 292.4396353832811, "B517": 287.6401460306695, "B518": 293.3335258206098, "B519": 278.7073074001038, "B520": 287.9445154885835, "B521": 296.7713663544263, "B522": 285.8728986830548, "B523": 280.7224974364349, "B524": 282.3411654676385, "C101": 273.6946328187398, "C102": 279.5728485380557, "C103": 285.8849946162946, "C104": 285.06110342554797, "C105": 294.2486085140811, "C106": 287.87481177789357, "C107": 293.49269266545593, "C108": 284.05073431925547, "C109": 274.2841751208476, "C110": 287.91380299637666, "C111": 277.7163903187111, "C112": 273.8713514976131, "C113": 282.81105029618675, "C114": 293.3692432809259, "C115": 283.0948204157952, "C116": 279.17474091209317, "C117": 280.8991043386074, "C118": 277.7306657326594, "C119": 281.19922698588636, "C120": 277.37658284927545, "C121": 275.25068294054614, "C122": 288.65822467327337, "C123": 270.5358395076699, "C124": 275.0450113711008, "C201": 289.7782248204328, "C202": 277.49870379606875, "C203": 287.129520353943, "C204": 288.84833035357605, "C205": 281.4322425070739, "C206": 279.25914006337035, "C207": 292.0869127633688, "C208": 289.67837241626955, "C209": 283.96696702674495, "C210": 275.58924791613924, "C211": 274.64010907866185, "C212": 279.4926838182204, "C213": 286.172625272341, "C214": 288.60294573402336, "C215": 279.6042624999517, "C216": 279.2838261224153, "C217": 278.56701127509484, "C218": 285.9621776782296, "C219": 266.11728556503715, "C220": 275.17122365612903, "C221": 286.38703806558595, "C222": 279.1435733485809, "C223": 283.17745502166423, "C224": 282.56955891828324, "C301": 291.26086749717814, "C302": 274.9269289269141, "C303": 281.8776157596975, "C304": 281.17382322117595,